# Exported by s4extract — object_sitSofaQA3x1_01_lod00_g02
o object_sitSofaQA3x1_01_lod00_g02
v 0.017579 0.917475 -0.271379
v 0.020021 0.873161 -0.271379
v 0.028200 0.997375 -0.254593
v 0.000000 0.763230 -0.254654
v 0.000000 0.763230 -0.254654
v 0.000000 0.762925 -0.397912
v 0.018006 0.873466 -0.255081
v 0.047916 0.956296 -0.271379
v 0.000000 0.762925 -0.397912
v 0.015870 0.917781 -0.255081
v 0.033266 0.847525 -0.255081
v 0.043154 0.956601 -0.255081
v 0.043154 0.956601 -0.255081
v 0.015870 0.917781 -0.255081
v 0.000000 0.763230 -0.254654
v 0.041567 1.007752 -0.254593
v 0.024965 1.011353 -0.254593
v 0.000000 0.763230 -0.254654
v 0.060306 1.016114 -0.254593
v -0.044680 1.007447 -0.397912
v -0.029848 0.997070 -0.397912
v 0.024965 1.011353 -0.254593
v -0.024965 1.011353 -0.254593
v -0.012147 1.020753 -0.254593
v -0.028200 0.997375 -0.254593
v 0.000000 1.078496 -0.254593
v 0.028200 0.997375 -0.254593
v 0.026247 1.011048 -0.397912
v 0.029848 0.997070 -0.397912
v 0.028200 0.997375 -0.254593
v -0.029848 0.997070 -0.397912
v -0.028200 0.997375 -0.254593
v 0.012147 1.020753 -0.254593
v 0.029848 0.997070 -0.397912
v 0.012025 1.020448 -0.397912
v -0.024965 1.011353 -0.254593
v -0.018068 1.051761 -0.254593
v -0.029848 0.997070 -0.397912
v -0.044680 1.007447 -0.397912
v 0.018006 0.873466 -0.255081
v -0.015870 0.917781 -0.255081
v -1.235488 0.033022 -0.342672
v -1.201306 0.000000 -0.269792
v -1.214918 0.045962 -0.346274
v -1.230361 0.000000 -0.343588
v -1.230361 0.000000 -0.343588
v -1.214918 0.045962 -0.272172
v -1.201306 0.000000 -0.269792
v -1.235488 0.033022 -0.342672
v -1.191357 0.175914 -0.350485
v -1.201306 0.000000 -0.348654
v -1.151987 0.181835 -0.357383
v -1.145822 0.004334 -0.358359
v -1.191357 0.175914 -0.268205
v -1.214124 0.147409 -0.272233
v -1.235488 0.033022 -0.275835
v -0.997986 0.136788 -0.235854
v -1.203931 0.086736 -0.348288
v -1.132821 0.102789 -0.258072
v -1.060856 0.104804 -0.248550
v -1.151987 0.181835 -0.261368
v -1.132821 0.102789 -0.360679
v -1.150766 0.052371 -0.357566
v -1.235488 0.033022 -0.275835
v -1.203931 0.086736 -0.270402
v -1.214918 0.045962 -0.272172
v -1.201062 0.036623 -0.269914
v 0.039126 0.804615 -0.254654
v -0.019838 0.873100 -0.397912
v -0.045901 0.878960 -0.398462
v -0.050784 0.898492 -0.398462
v -0.024965 1.011353 -0.254593
v -0.012025 1.020448 -0.397912
v -0.012147 1.020753 -0.254593
v -0.017579 0.917475 -0.271379
v -0.028200 0.997375 -0.254593
v -0.041567 1.007752 -0.254593
v -0.015870 0.917781 -0.255081
v 1.203870 0.788805 -0.277422
v -0.044680 1.007447 -0.270830
v 1.164378 0.584814 -0.276750
v 1.147714 0.403345 -0.151560
v -1.060856 0.104804 -0.248550
v -1.132821 0.102789 -0.360679
v -1.150766 0.052310 -0.261124
v -1.235488 0.033022 0.283587
v 1.235488 0.033022 0.216688
v -0.026247 1.011048 -0.397912
v -0.018068 1.051761 -0.254593
v -0.018617 1.051456 -0.397912
v -0.012147 1.020753 -0.254593
v -0.026247 1.011048 -0.397912
v -0.012025 1.020448 -0.397912
v -0.019838 0.873100 -0.397912
v 0.000000 0.762925 -0.397912
v 0.000000 0.762925 -0.397912
v -0.017396 0.917475 -0.397912
v -0.047793 0.956479 -0.397912
v -0.066288 1.015809 -0.397912
v -0.047793 0.956479 -0.397912
v -0.017396 0.917475 -0.397912
v -0.070439 0.915461 -0.398462
v -1.201062 0.036623 -0.269914
v -1.230361 0.000000 -0.274919
v -1.201123 0.036623 -0.348776
v -1.230361 0.000000 -0.274919
v -1.214918 0.045962 -0.346274
v -1.230361 0.000000 -0.343588
v -1.145822 0.000000 -0.260087
v -1.214124 0.147409 -0.346457
v -1.060856 0.104804 -0.370262
v 1.235488 0.033022 -0.342672
v -0.985351 0.181835 -0.233046
v -1.203931 0.086736 -0.348288
v -1.150766 0.052310 -0.261124
v -1.201062 0.036623 -0.269914
v -1.150766 0.052371 -0.357566
v -1.203931 0.086736 -0.270402
v 0.000000 1.078191 -0.397912
v 1.039004 0.955930 -0.333822
v 1.039004 0.591589 -0.213453
v 1.039004 0.403589 -0.151621
v 0.018617 1.051456 -0.397912
v 0.012025 1.020448 -0.397912
v -0.052616 0.840383 -0.397912
v 0.029665 0.781176 -0.254654
v -0.091802 1.015199 -0.397912
v -0.039126 0.804615 -0.254654
v -0.098151 0.971373 -0.397912
v 0.052616 0.840383 -0.397912
v 0.110297 0.985473 -0.397912
v 0.019838 0.873100 -0.397912
v 0.042117 0.804309 -0.397912
v 0.031496 0.780870 -0.397912
v 0.036806 0.847037 -0.397912
v 0.017396 0.917475 -0.397912
v 0.043399 0.818531 -0.397912
v -0.042117 0.804309 -0.397912
v -0.031496 0.780870 -0.397912
v 0.026247 1.011048 -0.397912
v -1.145822 0.000000 -0.260087
v -1.145822 0.004334 -0.358359
v -1.201306 0.000000 -0.348654
v -1.230361 0.000000 -0.274919
v -1.145822 0.000000 -0.260087
v -1.145822 0.004334 -0.358359
v -0.985351 0.181835 -0.385827
v -0.997986 0.136788 -0.383019
v -0.036806 0.847037 -0.397912
v -0.043399 0.818531 -0.397912
v -1.214124 0.147409 -0.272233
v -1.214124 0.147409 -0.346457
v -1.201123 0.036623 -0.348776
v -1.201123 0.036623 -0.348776
v -1.060856 0.104804 -0.370262
v -1.132821 0.102789 -0.258072
v 0.743637 0.955930 -0.333761
v 0.500336 0.877861 -0.308307
v 1.035708 0.770494 -0.272233
v -0.997986 0.136788 -0.383019
v -0.997986 0.136788 -0.235854
v -0.985351 0.181835 -0.233046
v -0.985351 0.181835 -0.385827
v -1.151987 0.181835 -0.357383
v -1.151987 0.181835 -0.261368
v -1.191357 0.175914 -0.268205
v -1.191357 0.175914 -0.350485
v -0.029665 0.781176 -0.254654
v -0.039065 0.818837 -0.254593
v -0.047427 0.840872 -0.255081
v -0.018006 0.873466 -0.255081
v -0.033266 0.847525 -0.255081
v -0.043154 0.956601 -0.255081
v -0.060306 1.016114 -0.254593
v -0.041567 1.007752 -0.254593
v -0.088445 0.971434 -0.255081
v -0.110297 0.985473 -0.397912
v -0.105231 0.974852 -0.397912
v -0.082647 1.015504 -0.254593
v -0.108344 1.002747 -0.397912
v -0.082647 1.015504 -0.254593
v -0.097540 1.003052 -0.254593
v -0.060306 1.016114 -0.254593
v -0.099249 0.985778 -0.254593
v -0.047916 0.956296 -0.271379
v -0.088445 0.971434 -0.255081
v -0.094732 0.975157 -0.254593
v -0.043154 0.956601 -0.255081
v -0.020021 0.873161 -0.271379
v -0.033266 0.847525 -0.255081
v -0.018006 0.873466 -0.255081
v -0.033266 0.847525 -0.255081
v -0.052677 0.840566 -0.271379
v -0.036929 0.847220 -0.271379
v -0.047427 0.840872 -0.255081
v -1.116340 0.231520 -0.398950
v -0.047427 0.840872 -0.255081
v -1.079839 0.231154 -0.398645
v -1.192089 0.746200 -0.398645
v -1.225356 0.773180 -0.398950
v -1.229750 0.744674 -0.398950
v -1.184521 0.766831 -0.272111
v -1.184521 0.766831 -0.272111
v -1.184154 0.766038 -0.398645
v -1.192944 0.746261 -0.272111
v -1.184154 0.766038 -0.398645
v -1.192089 0.746200 -0.398645
v -1.192944 0.746261 -0.272111
v -1.080693 0.230910 -0.272111
v -1.192089 0.746200 -0.398645
v -1.079839 0.231154 -0.398645
v -1.184154 0.766038 -0.398645
v -1.198010 0.800891 -0.398950
v -1.165293 0.811085 -0.398950
v -1.165843 0.773180 -0.398645
v -1.100226 0.783312 -0.398645
v -1.135201 0.773912 -0.398645
v -1.141732 0.811024 -0.398950
v -1.080754 0.806385 -0.398645
v -1.115852 0.820424 -0.398950
v -1.082036 0.842092 -0.397912
v -1.114875 0.861137 -0.397912
v -1.081975 0.842276 -0.271379
v -1.081609 0.806629 -0.272111
v -1.082036 0.842092 -0.397912
v -1.080754 0.806385 -0.398645
v -1.100836 0.784044 -0.272111
v -1.100226 0.783312 -0.398645
v -1.135323 0.774767 -0.272111
v -1.135201 0.773912 -0.398645
v -1.165843 0.774095 -0.272111
v -1.165843 0.773180 -0.398645
v -1.117134 0.231276 -0.272355
v -1.229750 0.744674 -0.398950
v -1.230605 0.744674 -0.272355
v -1.226088 0.773607 -0.272355
v -1.080693 0.230910 -0.272111
v -1.230605 0.744674 -0.272355
v -1.192944 0.746261 -0.272111
v -1.117134 0.231276 -0.272355
v -1.226088 0.773607 -0.272355
v -1.198315 0.801685 -0.272355
v -1.165843 0.774095 -0.272111
v -1.184521 0.766831 -0.272111
v -1.116340 0.231520 -0.398950
v -1.116279 0.820485 -0.272417
v -1.081975 0.842276 -0.271379
v -1.081609 0.806629 -0.272111
v -1.165232 0.812000 -0.272355
v -1.141915 0.811878 -0.272355
v -1.100836 0.784044 -0.272111
v -1.135323 0.774767 -0.272111
v -1.114753 0.861320 -0.271379
v -1.141732 0.811024 -0.398950
v -1.114875 0.861137 -0.397912
v -1.116279 0.820485 -0.272417
v -1.114753 0.861320 -0.271379
v -1.165293 0.811085 -0.398950
v -1.141915 0.811878 -0.272355
v -1.198010 0.800891 -0.398950
v -1.165232 0.812000 -0.272355
v -1.225356 0.773180 -0.398950
v -1.198315 0.801685 -0.272355
v -0.709028 0.851553 -0.398462
v -0.709028 0.851676 -0.271928
v -0.709028 0.851676 -0.271928
v -1.115852 0.820424 -0.398950
v -0.724165 0.854117 -0.398462
v -0.719282 0.866874 -0.398462
v -0.724165 0.854117 -0.398462
v -0.719282 0.866874 -0.398462
v -0.739364 0.890924 -0.398462
v -0.719282 0.866874 -0.271928
v -0.750290 0.865165 -0.271928
v -0.739425 0.890740 -0.271928
v -0.750229 0.865409 -0.398462
v -0.750290 0.865165 -0.271928
v -0.709028 0.851676 -0.271928
v -0.709028 0.851553 -0.398462
v -0.724226 0.854117 -0.271928
v -0.709028 0.851553 -0.398462
v 1.038393 0.942074 -0.380883
v 1.249161 0.667582 0.329915
v 1.211866 0.774705 -0.380883
v 1.229201 0.695477 0.329915
v -0.068791 0.866386 -0.398462
v -0.080205 0.861137 -0.399011
v -0.055606 0.865775 -0.271928
v 0.844839 0.224562 -0.380883
v 0.844839 0.928401 -0.380883
v 0.481292 0.873650 -0.380883
v -0.724226 0.854117 -0.271928
v -0.719282 0.866874 -0.271928
v -0.068791 0.866630 -0.271928
v -0.827931 0.880120 -0.271928
v -0.820485 0.880486 -0.398523
v -0.820485 0.880486 -0.398523
v -0.820485 0.880303 -0.271928
v -0.820485 0.880303 -0.271928
v -0.750229 0.865409 -0.398462
v -0.826833 0.910029 -0.398462
v -0.826833 0.909846 -0.271928
v -0.826833 0.909846 -0.271928
v -0.820668 0.887872 -0.398523
v -0.827931 0.880303 -0.398523
v -0.827931 0.880303 -0.398523
v -0.827931 0.880120 -0.271928
v -0.820668 0.887688 -0.271989
v 0.000000 0.977110 -0.380883
v 1.154673 0.229506 -0.409144
v 0.000000 0.224562 -0.380883
v -0.849966 0.890801 -0.271928
v -0.849905 0.890985 -0.398462
v -0.849905 0.890985 -0.398462
v -0.080266 0.861381 -0.272172
v -0.080205 0.861137 -0.399011
v 0.481292 0.224562 -0.380883
v -0.849966 0.890801 -0.271928
v -0.826833 0.910029 -0.398462
v -0.068791 0.866386 -0.398462
v -0.080205 0.861137 -0.399011
v 1.108039 0.800525 -0.380883
v 1.091986 0.224562 -0.380883
v -0.055545 0.865592 -0.398462
v 1.249161 0.667582 0.346151
v -0.077825 0.845755 -0.272172
v -0.080266 0.861381 -0.272172
v -0.077702 0.845633 -0.399072
v 1.107917 0.632241 -0.271318
v 1.200208 0.548495 -0.271318
v 1.230056 0.564854 -0.271318
v -0.080266 0.861381 -0.272172
v -1.155161 0.907831 -0.397912
v -1.137765 0.881157 -0.397912
v -0.068791 0.866630 -0.271928
v -1.147958 0.939205 -0.397912
v -1.113776 0.970152 -0.397912
v -1.082036 0.842092 -0.397912
v -1.114875 0.861137 -0.397912
v 1.110358 0.235976 -0.271318
v 1.263017 0.589758 0.315632
v 1.078191 0.240310 -0.271318
v 1.238540 0.554782 0.315632
v 1.180980 0.536288 0.315632
v 1.202466 0.538912 -0.255631
v 1.130501 0.716535 -0.255631
v 1.106940 0.682842 -0.255631
v 1.236526 0.557651 -0.255631
v 1.093206 0.589758 0.315632
v 1.077764 0.234633 -0.271318
v 1.098517 0.633278 -0.255631
v 1.114936 0.241897 0.331319
v 1.203198 0.535433 0.315632
v 1.095404 0.633278 0.315632
v 1.078130 0.239822 0.331319
v 0.000000 0.952268 -0.332662
v 1.091497 0.434902 0.310566
v 1.091558 0.449002 0.300433
v 1.074467 0.259659 0.326619
v 1.039004 0.259659 0.330526
v 0.000000 0.259659 0.330526
v 0.521089 0.259659 0.330526
v 1.039004 0.435329 0.333761
v -0.957151 0.903681 -0.398462
v -1.061466 0.990173 -0.397912
v -0.997314 0.888909 -0.398462
v -0.981688 1.006653 -0.397912
v -0.883721 1.003052 -0.397912
v -0.895746 0.905573 -0.398462
v -0.784350 0.987304 -0.397912
v -0.826833 0.910029 -0.398462
v -0.739364 0.890924 -0.398462
v -0.675761 0.868888 -0.398462
v -0.686443 0.959836 -0.397912
v -0.590368 0.929195 -0.397912
v -0.605994 0.847586 -0.398462
v -0.502594 0.906916 -0.397912
v -0.507538 0.830007 -0.398462
v -0.422633 0.898370 -0.397912
v -0.414515 0.831166 -0.398462
v -0.344870 0.913020 -0.397912
v -0.327352 0.857108 -0.398462
v -0.249222 0.892388 -0.398462
v -0.264237 0.941036 -0.397912
v -0.098151 0.971373 -0.397912
v -0.102667 0.925410 -0.398462
v -0.176036 0.962156 -0.397912
v -0.167430 0.919795 -0.398462
v -0.036806 0.847037 -0.397912
v -0.052616 0.840383 -0.397912
v -0.039126 0.804615 -0.254654
v -0.018617 1.051456 -0.397912
v -0.012025 1.020448 -0.397912
v 0.000000 1.078191 -0.397912
v -0.031496 0.780870 -0.397912
v -0.983214 0.836172 -0.397912
v -0.077702 0.845633 -0.399072
v -0.063969 0.839407 -0.397912
v -0.077825 0.845755 -0.272172
v -0.064030 0.839590 -0.271379
v -0.052616 0.840383 -0.397912
v -0.052677 0.840566 -0.271379
v -0.968504 0.856192 -0.398035
v -0.968565 0.856131 -0.271440
v -0.968504 0.856192 -0.398035
v -0.977416 0.875908 -0.398523
v -0.997314 0.888909 -0.398462
v -0.977416 0.875908 -0.398523
v -0.977294 0.875847 -0.271989
v -0.997192 0.888909 -0.271928
v -0.977294 0.875847 -0.271989
v -0.968565 0.856131 -0.271440
v -0.968565 0.856131 -0.271440
v -0.968504 0.856192 -0.398035
v -1.137643 0.881279 -0.271379
v -1.154978 0.907953 -0.271379
v -1.081975 0.842276 -0.271379
v -1.113654 0.969969 -0.271379
v -1.114753 0.861320 -0.271379
v -1.147836 0.939083 -0.271379
v -0.997314 0.888909 -0.398462
v -0.997192 0.888909 -0.271928
v -0.957151 0.903681 -0.398462
v -0.895746 0.905573 -0.398462
v -0.957151 0.903498 -0.271928
v -0.895807 0.905329 -0.271928
v -0.820485 0.880486 -0.398523
v -0.820668 0.887872 -0.398523
v -0.820485 0.880303 -0.271928
v -0.820668 0.887688 -0.271989
v -0.739364 0.890924 -0.398462
v -0.739425 0.890740 -0.271928
v -0.675761 0.868888 -0.398462
v -0.675822 0.868644 -0.271928
v -0.605994 0.847586 -0.398462
v -0.507538 0.830007 -0.398462
v -0.507538 0.829763 -0.271928
v -0.606055 0.847342 -0.271928
v -0.414515 0.831166 -0.398462
v -0.414515 0.830983 -0.271928
v -0.327352 0.857108 -0.398462
v -0.249222 0.892388 -0.398462
v -0.249161 0.892205 -0.271928
v -0.327290 0.856925 -0.271928
v -0.167430 0.919795 -0.398462
v -0.102667 0.925410 -0.398462
v -0.102728 0.925227 -0.271928
v -0.167430 0.919551 -0.271928
v -0.414515 0.830983 -0.271928
v -0.422633 0.898187 -0.271379
v -0.327290 0.856925 -0.271928
v -0.344809 0.912836 -0.271379
v -0.249161 0.892205 -0.271928
v -0.264176 0.940792 -0.271379
v -0.098212 0.971129 -0.271379
v -0.167430 0.919551 -0.271928
v -0.066288 1.015809 -0.397912
v -0.105231 0.974852 -0.397912
v -0.098151 0.971373 -0.397912
v -0.098212 0.971129 -0.271379
v -0.105231 0.974852 -0.270830
v -0.018617 1.051456 -0.397912
v -0.018068 1.051761 -0.254593
v 0.000000 1.078191 -0.397912
v 0.000000 1.078496 -0.254593
v -0.099249 0.985778 -0.254593
v -0.094732 0.975157 -0.254593
v -0.097540 1.003052 -0.254593
v -0.985351 0.181835 0.326741
v -0.997986 0.136788 0.323933
v -1.060856 0.104804 0.311176
v -0.997986 0.136788 0.176769
v -1.214124 0.147409 0.287371
v -1.214124 0.147409 0.213148
v -1.191357 0.175914 0.209119
v -1.191357 0.175914 0.291400
v -1.151987 0.181835 0.298297
v -1.235488 0.033022 0.216688
v -1.230361 0.000000 0.284441
v -1.230361 0.000000 0.215833
v -1.201306 0.004334 0.210706
v -1.201306 0.000000 0.289568
v -1.230361 0.000000 0.215833
v -1.145822 0.000000 0.201001
v -1.230361 0.000000 0.284441
v -1.145822 0.000000 0.299274
v -1.214918 0.045962 0.213087
v -1.230361 0.000000 0.215833
v -1.214918 0.045962 0.287188
v -1.230361 0.000000 0.284441
v -1.201306 0.000000 0.289568
v -1.145822 0.000000 0.299274
v -0.036929 0.847220 -0.271379
v -0.052677 0.840566 -0.271379
v -0.077825 0.845755 -0.272172
v -0.070439 0.915461 -0.398462
v -0.050784 0.898492 -0.398462
v -0.045901 0.878960 -0.398462
v -0.070561 0.915339 -0.271928
v -0.050967 0.898492 -0.271928
v -0.046084 0.879021 -0.271928
v -0.045901 0.878960 -0.398462
v -0.055545 0.865592 -0.398462
v -0.046084 0.879021 -0.271928
v -0.055606 0.865775 -0.271928
v -0.983336 0.836233 -0.271379
v -1.004212 0.828664 -0.271379
v -1.042910 0.829946 -0.271379
v -0.997192 0.888909 -0.271928
v -1.061405 0.989990 -0.271379
v -0.957151 0.903498 -0.271928
v -0.981688 1.006470 -0.271379
v -0.895807 0.905329 -0.271928
v -0.883721 1.002869 -0.271379
v -0.826833 0.909846 -0.271928
v -0.784411 0.987060 -0.271379
v -0.739425 0.890740 -0.271928
v -0.675822 0.868644 -0.271928
v -0.686504 0.959653 -0.271379
v -0.606055 0.847342 -0.271928
v -0.507538 0.829763 -0.271928
v -0.502594 0.906672 -0.271379
v -0.590429 0.928951 -0.271379
v -1.155161 0.907831 -0.397912
v -1.154978 0.907953 -0.271379
v -1.155161 0.907831 -0.397912
v -1.137765 0.881157 -0.397912
v -0.981688 1.006653 -0.397912
v -0.981688 1.006470 -0.271379
v -1.061466 0.990173 -0.397912
v -1.061405 0.989990 -0.271379
v -1.113776 0.970152 -0.397912
v -1.113654 0.969969 -0.271379
v -0.020021 0.873161 -0.271379
v -0.017579 0.917475 -0.271379
v -0.046084 0.879021 -0.271928
v -0.050967 0.898492 -0.271928
v -0.047916 0.956296 -0.271379
v -0.070561 0.915339 -0.271928
v -0.102728 0.925227 -0.271928
v -0.176036 0.961973 -0.271379
v -0.064030 0.839590 -0.271379
v -0.055606 0.865775 -0.271928
v -0.983336 0.836233 -0.271379
v -0.983214 0.836172 -0.397912
v -1.081975 0.842276 -0.271379
v -1.004212 0.828664 -0.271379
v -0.098151 0.971373 -0.397912
v -0.176036 0.962156 -0.397912
v -1.042910 0.829946 -0.271379
v -1.004151 0.828481 -0.397912
v -0.098212 0.971129 -0.271379
v -0.176036 0.961973 -0.271379
v -0.264237 0.941036 -0.397912
v -0.264176 0.940792 -0.271379
v -0.344870 0.913020 -0.397912
v -0.344809 0.912836 -0.271379
v -0.091802 1.015199 -0.397912
v -0.066288 1.015809 -0.270830
v -1.042971 0.829702 -0.397912
v -1.080693 0.230910 -0.272111
v -1.117134 0.231276 -0.272355
v -1.082036 0.842092 -0.397912
v -1.042971 0.829702 -0.397912
v -1.004151 0.828481 -0.397912
v -1.079839 0.231154 -0.398645
v -1.116340 0.231520 -0.398950
v -1.154978 0.907953 -0.271379
v -1.114753 0.861320 -0.271379
v -1.137643 0.881279 -0.271379
v -1.114875 0.861137 -0.397912
v -0.029665 0.781176 -0.254654
v -0.883721 1.002869 -0.271379
v -0.883721 1.003052 -0.397912
v -1.145822 0.000000 0.201001
v -1.147958 0.939205 -0.397912
v -1.147836 0.939083 -0.271379
v -0.055545 0.865592 -0.398462
v -0.063969 0.839407 -0.397912
v -0.784411 0.987060 -0.271379
v -0.686504 0.959653 -0.271379
v -1.201306 0.004334 0.210706
v -1.145822 0.000000 0.201001
v -0.077702 0.845633 -0.399072
v -0.686443 0.959836 -0.397912
v -0.784350 0.987304 -0.397912
v -1.145822 0.000000 0.299274
v -0.042117 0.804309 -0.397912
v -0.052616 0.840383 -0.397912
v -0.108344 1.002747 -0.397912
v -0.108344 1.002747 -0.270830
v -0.108344 1.002747 -0.397912
v -1.201123 0.036623 0.289691
v -0.590429 0.928951 -0.271379
v -0.590368 0.929195 -0.397912
v -0.502594 0.906672 -0.271379
v -0.422633 0.898187 -0.271379
v -0.043399 0.818531 -0.397912
v -0.052677 0.840566 -0.271379
v -0.110297 0.985473 -0.397912
v -0.110297 0.985473 -0.270830
v -1.214918 0.045962 0.287188
v -1.214918 0.045962 0.213087
v -0.422633 0.898370 -0.397912
v -0.502594 0.906916 -0.397912
v -0.039065 0.818837 -0.254593
v -0.091802 1.015199 -0.270830
v -0.105231 0.974852 -0.397912
v -1.201062 0.036623 0.210828
v -1.235488 0.033022 0.283587
v -1.201123 0.036623 0.289691
v -1.235488 0.033022 0.216688
v -1.201123 0.036623 0.289691
v -1.201062 0.036623 0.210828
v -1.203931 0.086736 0.211317
v -1.201062 0.036623 0.210828
v -1.150766 0.052310 0.201978
v -1.132821 0.102789 0.301593
v -1.150766 0.052371 0.298480
v -1.203931 0.086736 0.289202
v -1.132821 0.102789 0.198926
v -1.151987 0.181835 0.202283
v -1.060856 0.104804 0.189404
v -1.214124 0.147409 0.287371
v -0.985351 0.181835 0.173961
v -1.214124 0.147409 0.213148
v -1.203931 0.086736 0.289202
v -1.150766 0.052371 0.298480
v -1.203931 0.086736 0.211317
v -1.150766 0.052310 0.201978
v -1.132821 0.102789 0.301593
v -1.132821 0.102789 0.198926
v -1.060856 0.104804 0.189404
v -1.060856 0.104804 0.311176
v -0.997986 0.136788 0.323933
v -0.997986 0.136788 0.176769
v -0.985351 0.181835 0.326741
v -1.151987 0.181835 0.298297
v -0.985351 0.181835 0.173961
v -1.191357 0.175914 0.291400
v -1.151987 0.181835 0.202283
v -1.191357 0.175914 0.209119
v -1.168345 0.710981 0.346151
v -1.249161 0.597937 0.346151
v -1.139535 0.702680 0.346151
v -1.119575 0.674785 0.346151
v -1.229201 0.570042 0.346151
v -1.112434 0.632790 0.346151
v -1.200330 0.554538 0.346151
v -1.168345 0.554538 0.346151
v -1.114204 0.243423 0.346579
v -1.114204 0.243423 0.346579
v -1.086248 0.269609 0.346579
v -1.114204 0.243423 0.346579
v -1.104865 0.235732 0.346579
v -1.104865 0.235732 0.329549
v -1.114204 0.243423 0.329549
v 0.000000 0.269609 0.346579
v 0.000000 0.235732 0.346579
v -1.104865 0.235732 0.346579
v -1.086248 0.269609 0.346579
v -1.086248 0.269609 0.329549
v 0.000000 0.269609 0.329549
v -1.086248 0.269609 0.346579
v 0.000000 0.269609 0.346579
v 0.000000 0.235732 0.346579
v 0.000000 0.235732 0.329549
v -1.104865 0.235732 0.346579
v -1.229201 0.695477 0.346151
v -1.104865 0.235732 0.329549
v -1.249161 0.667582 0.346151
v -1.200330 0.710981 0.346151
v -1.256241 0.632790 0.346151
v -1.249161 0.597937 0.346151
v -1.256241 0.632790 0.346151
v -1.249161 0.597937 0.329915
v -1.256241 0.632790 0.329915
v 1.091497 0.259720 0.306965
v -1.229201 0.570042 0.346151
v 1.147714 0.403345 -0.151560
v -1.200330 0.554538 0.346151
v -1.229201 0.570042 0.329915
v 1.128609 0.719648 0.315632
v 1.163950 0.731185 0.315632
v 1.104132 0.684673 0.315632
v 1.096380 0.591284 -0.255631
v 1.181041 0.539767 -0.255631
v 1.260148 0.591284 -0.255631
v 1.268510 0.633278 -0.255631
v 1.230056 0.701764 -0.271318
v 1.258866 0.633278 -0.271318
v 1.115913 0.679180 -0.271318
v 1.251236 0.595129 -0.271318
v 1.166148 0.718183 -0.271318
v 1.200024 0.718183 -0.271318
v 1.136483 0.708539 -0.271318
v 1.251236 0.671489 -0.271318
v 1.173411 0.549594 -0.271318
v 1.112983 0.258988 -0.271318
v 1.114936 0.241897 0.331319
v 1.088751 0.258744 0.331319
v 1.120674 0.249466 0.315632
v 1.173167 0.547091 0.331319
v 1.112983 0.258866 0.331319
v 1.078130 0.239822 0.331319
v -1.168345 0.554538 0.329915
v -1.168345 0.554538 0.329915
v -1.168345 0.554538 0.346151
v -1.200330 0.554538 0.329915
v -1.112434 0.632790 0.329915
v -1.119575 0.674785 0.346151
v -1.119575 0.674785 0.329915
v -1.139535 0.702680 0.346151
v -1.139535 0.702680 0.346151
v -1.139535 0.702680 0.329915
v -1.168345 0.710981 0.329915
v -1.168345 0.710981 0.346151
v -1.200330 0.710981 0.346151
v -1.229201 0.695477 0.346151
v -1.114204 0.243423 0.346579
v -1.112434 0.632790 0.346151
v -1.168345 0.554538 0.346151
v -1.114204 0.243423 0.329549
v -1.154673 0.229506 -0.409144
v 0.000000 0.235610 -0.402674
v -1.148569 0.235610 0.343100
v -1.148569 0.235610 -0.402674
v 1.148569 0.235610 0.343100
v 0.000000 0.229506 0.349509
v 1.154673 0.229506 0.349509
v -1.154673 0.229506 0.349509
v -1.148569 0.235610 0.343100
v 0.000000 0.229506 0.349509
v -1.086248 0.269609 0.329549
v -1.086248 0.269609 0.346579
v 0.000000 0.235610 -0.402674
v -1.091986 0.224562 -0.380883
v -1.038393 0.942074 -0.380883
v -1.108039 0.800525 -0.380883
v -1.211866 0.774705 -0.380883
v -1.249161 0.667582 0.329915
v -1.249161 0.667582 0.346151
v -1.229201 0.695477 0.329915
v -1.200330 0.710981 0.329915
v 0.000000 0.229506 -0.409144
v 0.000000 0.224562 -0.380883
v -0.481292 0.873650 -0.380883
v 0.000000 0.977110 -0.380883
v -0.844839 0.224562 -0.380883
v -0.844839 0.928401 -0.380883
v -1.148569 0.235610 -0.402674
v -1.154673 0.229506 -0.409144
v -1.154673 0.229506 -0.409144
v 1.148569 0.235610 0.343100
v 0.000000 0.235610 0.343100
v 1.148569 0.235610 -0.402674
v 0.000000 0.235610 0.343100
v -1.148569 0.235610 -0.402674
v -1.154673 0.229506 0.349509
v 0.000000 0.235610 -0.402674
v -0.481292 0.224562 -0.380883
v 1.154673 0.229506 0.349509
v 1.148569 0.235610 -0.402674
v 0.000000 0.235610 0.343100
v -1.148569 0.235610 0.343100
v 1.148569 0.235610 0.343100
v 0.000000 0.235610 0.343100
v 1.154673 0.229506 -0.409144
v 1.148569 0.235610 -0.402674
v 0.000000 0.235610 -0.402674
v -1.154673 0.229506 0.349509
v -1.154673 0.178478 0.349509
v -1.154673 0.178478 -0.409144
v 0.000000 0.178478 -0.409144
v -1.154673 0.229506 -0.409144
v 0.000000 0.178478 -0.409144
v -1.154673 0.178478 0.349509
v -1.154673 0.178478 -0.409144
v -1.112983 0.258988 -0.271318
v -1.173411 0.549594 -0.271318
v -1.120674 0.249466 -0.255631
v -1.112983 0.258988 -0.271318
v 0.000000 0.178478 0.349509
v -1.114936 0.241897 -0.271318
v 0.000000 0.229506 0.349509
v -1.154673 0.178478 0.349509
v 0.000000 0.178478 0.349509
v 0.000000 0.229506 -0.409144
v -1.154673 0.178478 -0.409144
v -1.154673 0.229506 0.349509
v -1.251236 0.671489 -0.271318
v -1.230056 0.701764 -0.271318
v -1.200024 0.718183 -0.271318
v -1.166148 0.718183 -0.271318
v -1.230056 0.701764 -0.271318
v -1.258866 0.633278 -0.271318
v -1.136483 0.708539 -0.271318
v -1.258866 0.633278 -0.271318
v -1.251236 0.671489 -0.271318
v -1.136483 0.708539 -0.271318
v -1.115913 0.679180 -0.271318
v -1.166148 0.718183 -0.271318
v -1.200024 0.718183 -0.271318
v -1.107917 0.632241 -0.271318
v -1.105841 0.590795 -0.271318
v -1.230056 0.564854 -0.271318
v -1.200208 0.548495 -0.271318
v -1.088873 0.259171 -0.271318
v -1.173411 0.549594 -0.271318
v -1.251236 0.595129 -0.271318
v -1.115913 0.679180 -0.271318
v -1.203198 0.731185 0.315632
v -1.098517 0.633278 -0.255631
v -1.181041 0.539767 -0.255631
v -1.093206 0.589758 0.315632
v -1.236526 0.557651 -0.255631
v -1.203198 0.535433 0.315632
v -1.263017 0.589758 0.315632
v -1.260148 0.591284 -0.255631
v -1.077764 0.234633 -0.271318
v -1.110358 0.235976 0.331319
v -1.110358 0.235976 -0.271318
v -1.078130 0.239822 0.331319
v -1.110358 0.235976 0.331319
v -1.110358 0.235976 -0.271318
v -1.120674 0.249466 -0.255631
v -1.120674 0.249466 0.315632
v -1.074467 0.435329 0.329854
v -1.260148 0.675334 -0.255631
v 0.000000 0.259659 0.330526
v -1.263017 0.676860 0.315632
v -1.039004 0.259659 0.330526
v -1.236526 0.708967 -0.255631
v -1.091558 0.449002 0.300433
v -1.238540 0.711835 0.315632
v -1.091497 0.259720 0.306965
v -1.202466 0.727706 -0.255631
v -1.105719 0.632241 0.331319
v -1.113960 0.680522 0.331319
v -1.135079 0.710737 0.331319
v -1.165660 0.720747 0.331319
v -1.088873 0.259171 -0.271318
v -1.105841 0.590795 -0.271318
v -1.112983 0.258988 -0.271318
v -1.173411 0.549594 -0.271318
v -1.251236 0.595129 -0.271318
v -1.107917 0.632241 -0.271318
v -1.230056 0.564854 -0.271318
v 0.884698 0.410059 -0.153208
v -1.200208 0.548495 -0.271318
v 0.884881 0.601599 -0.216993
v 0.884698 0.773607 -0.273576
v 0.000000 0.449368 0.322102
v 0.000000 0.397302 -0.148874
v -1.089727 0.427822 0.074223
v -1.078801 0.249283 0.315632
v -1.078923 0.249710 -0.255631
v -1.078191 0.240310 -0.271318
v -1.077764 0.234633 0.331319
v -1.077764 0.234633 -0.271318
v -1.114936 0.241897 0.331319
v -1.173167 0.547091 0.331319
v -1.120674 0.249466 0.315632
v -1.112983 0.258866 0.331319
v -1.078130 0.239822 0.331319
v -1.112983 0.258866 0.331319
v -1.253250 0.593969 0.331319
v -1.103583 0.589575 0.331319
v -1.231459 0.562840 0.331319
v -1.173167 0.547091 0.331319
v -1.200757 0.545993 0.331319
v -1.088751 0.258744 0.331319
v -1.104132 0.684673 0.315632
v -1.096380 0.591284 -0.255631
v -1.106940 0.682842 -0.255631
v -1.202466 0.538912 -0.255631
v -1.114936 0.241897 -0.271318
v -1.114936 0.241897 0.331319
v -1.077764 0.234633 0.331319
v -1.120674 0.249466 0.315632
v -1.180980 0.536288 0.315632
v -1.181041 0.539767 -0.255631
v -1.163950 0.731185 0.315632
v -1.095404 0.633278 0.315632
v -1.130501 0.716535 -0.255631
v -1.128609 0.719648 0.315632
v 0.000000 0.435329 0.333761
v -0.521089 0.436855 0.333761
v -1.112983 0.258866 0.331319
v 0.000000 0.594580 -0.214308
v 0.521089 0.400476 -0.149973
v 0.000000 0.397302 -0.148874
v -1.173167 0.547091 0.331319
v -1.103583 0.589575 0.331319
v -1.088751 0.258744 0.331319
v -1.200513 0.720747 0.331319
v -1.261185 0.633278 0.331319
v -1.231459 0.703778 0.331319
v -1.253250 0.672648 0.331319
v -1.113960 0.680522 0.331319
v -1.135079 0.710737 0.331319
v -1.165660 0.720747 0.331319
v -1.200513 0.720747 0.331319
v -1.231459 0.703778 0.331319
v -1.253250 0.672648 0.331319
v -1.231459 0.562840 0.331319
v -1.261185 0.633278 0.331319
v -1.253250 0.593969 0.331319
v -1.105719 0.632241 0.331319
v -1.200757 0.545993 0.331319
v -1.147714 0.403467 -0.151071
v -1.164622 0.727706 -0.255631
v -1.180980 0.536288 0.315632
v -1.238540 0.554782 0.315632
v -1.268510 0.633278 -0.255631
v -1.271745 0.633278 0.315632
v -1.078191 0.240310 -0.271318
v -1.114936 0.241897 -0.271318
v -1.114936 0.241897 0.331319
v -1.114936 0.241897 0.331319
v -1.039004 0.435329 0.333761
v -0.521089 0.259659 0.330526
v -1.074467 0.259659 0.326619
v -1.091497 0.434902 0.310566
v -1.074467 0.449368 0.318135
v -0.521028 0.400537 -0.149789
v 0.521028 0.768480 -0.271684
v 0.000000 0.769456 -0.271989
v 0.521089 0.596594 -0.215162
v -0.521089 0.450894 0.322102
v -1.039004 0.449368 0.322102
v -1.039004 0.403711 -0.151193
v -0.884698 0.410181 -0.152841
v -1.147714 0.403467 -0.151071
v -1.164378 0.584997 -0.276262
v -1.203870 0.788989 -0.276933
v -1.105414 0.820546 -0.292498
v -1.039004 0.403711 -0.151193
v -0.884698 0.410181 -0.152841
v -0.884881 0.601721 -0.216627
v -1.039004 0.591711 -0.212965
v -0.521089 0.596716 -0.214918
v 0.000000 0.594580 -0.214308
v 0.000000 0.397302 -0.148874
v -0.521028 0.400537 -0.149789
v 0.000000 0.952268 -0.332662
v 0.000000 0.769456 -0.271989
v -0.521028 0.768541 -0.271440
v -0.500336 0.877922 -0.308124
v -1.035769 0.770677 -0.271867
v -1.039004 0.956052 -0.333394
v -0.743637 0.956052 -0.333455
v -0.884698 0.773729 -0.273210
v 0.985351 0.181835 -0.385827
v 1.060856 0.104804 -0.370262
v 0.997986 0.136788 -0.235854
v 0.997986 0.136788 -0.383019
v 1.214124 0.147409 -0.346457
v 1.191357 0.175914 -0.268205
v 1.151987 0.181835 -0.357383
v 1.214124 0.147409 -0.272233
v 1.145822 0.000000 -0.260087
v 1.201306 0.000000 -0.269792
v 1.145822 0.000000 -0.358359
v 1.191357 0.175914 -0.350485
v 1.145822 0.000000 -0.358359
v 1.145822 0.000000 -0.260087
v 1.230361 0.000000 -0.274919
v 1.201306 0.000000 -0.348654
v 1.230361 0.000000 -0.343588
v 1.214918 0.045962 -0.346274
v 1.201062 0.036623 -0.269914
v 1.203931 0.086736 -0.270402
v 1.201062 0.036623 -0.269914
v 1.201123 0.036623 -0.348776
v 1.201123 0.036623 -0.348776
v 1.235488 0.033022 -0.275835
v 1.235488 0.033022 -0.342672
v 1.214918 0.045962 -0.272172
v 1.214918 0.045962 -0.346274
v 1.201062 0.036623 -0.269914
v 1.214918 0.045962 -0.272172
v 1.235488 0.033022 -0.275835
v 1.230361 0.000000 -0.343588
v 1.230361 0.000000 -0.274919
v 1.201306 0.000000 -0.269792
v 1.230361 0.000000 -0.343588
v 1.230361 0.000000 -0.274919
v 1.201306 0.000000 -0.348654
v 1.145822 0.000000 -0.260087
v 1.201123 0.036623 -0.348776
v 1.145822 0.000000 -0.358359
v 1.214124 0.147409 -0.272233
v 1.214124 0.147409 -0.346457
v 0.985351 0.181835 -0.233046
v 1.060856 0.104804 -0.248550
v 1.151987 0.181835 -0.261368
v 1.132821 0.102789 -0.258072
v 1.203931 0.086736 -0.348288
v 1.150766 0.052371 -0.357566
v 1.132821 0.102789 -0.360679
v 1.150766 0.052310 -0.261124
v 0.039065 0.818837 -0.254593
v 0.047427 0.840872 -0.255081
v 0.012147 1.020753 -0.254593
v 0.018068 1.051761 -0.254593
v 1.203931 0.086736 -0.348288
v 1.150766 0.052310 -0.261124
v 1.150766 0.052371 -0.357566
v 1.203931 0.086736 -0.270402
v 1.132821 0.102789 -0.360679
v 1.060856 0.104804 -0.370262
v 1.060856 0.104804 -0.248550
v 1.132821 0.102789 -0.258072
v 0.000000 1.078496 -0.254593
v 1.151987 0.181835 -0.261368
v 1.191357 0.175914 -0.268205
v 1.151987 0.181835 -0.357383
v 0.997986 0.136788 -0.383019
v 0.985351 0.181835 -0.385827
v 0.985351 0.181835 -0.233046
v 0.997986 0.136788 -0.235854
v 1.191357 0.175914 -0.350485
v 0.108344 1.002747 -0.397912
v 0.098151 0.971373 -0.397912
v 0.105231 0.974852 -0.397912
v 0.047793 0.956479 -0.397912
v 0.066288 1.015809 -0.397912
v 0.044680 1.007447 -0.397912
v 0.029848 0.997070 -0.397912
v 0.082647 1.015504 -0.254593
v 0.088445 0.971434 -0.255081
v 0.033266 0.847525 -0.255081
v 0.082647 1.015504 -0.254593
v 0.060306 1.016114 -0.254593
v 0.041567 1.007752 -0.254593
v 0.091802 1.015199 -0.397912
v 0.036929 0.847220 -0.271379
v 0.052677 0.840566 -0.271379
v 0.047427 0.840872 -0.255081
v 1.116340 0.231520 -0.398950
v 1.079839 0.231154 -0.398645
v 1.229750 0.744674 -0.398950
v 1.225356 0.773180 -0.398950
v 1.192089 0.746200 -0.398645
v 1.184154 0.766038 -0.398645
v 1.165293 0.811085 -0.398950
v 0.088445 0.971434 -0.255081
v 0.047427 0.840872 -0.255081
v 0.099249 0.985778 -0.254593
v 0.097540 1.003052 -0.254593
v 1.080693 0.230910 -0.272111
v 1.081975 0.842276 -0.271379
v 1.082036 0.842092 -0.397912
v 1.081609 0.806629 -0.272111
v 1.119575 0.674785 0.329915
v 1.139535 0.702680 0.346151
v 1.139535 0.702680 0.346151
v 1.135201 0.773912 -0.398645
v 1.135323 0.774767 -0.272111
v 1.100226 0.783312 -0.398645
v 0.033266 0.847525 -0.255081
v 0.094732 0.975157 -0.254593
v 1.168345 0.710981 0.329915
v 1.114875 0.861137 -0.397912
v 1.115852 0.820424 -0.398950
v 1.080754 0.806385 -0.398645
v 1.100226 0.783312 -0.398645
v 1.141732 0.811024 -0.398950
v 1.135201 0.773912 -0.398645
v 1.165843 0.773180 -0.398645
v 1.198010 0.800891 -0.398950
v 1.079839 0.231154 -0.398645
v 1.192944 0.746261 -0.272111
v 1.184154 0.766038 -0.398645
v 1.080693 0.230910 -0.272111
v 1.192089 0.746200 -0.398645
v 1.082036 0.842092 -0.397912
v 1.184521 0.766831 -0.272111
v 1.184521 0.766831 -0.272111
v 1.184154 0.766038 -0.398645
v 1.200330 0.710981 0.346151
v 1.200330 0.710981 0.329915
v 1.168345 0.710981 0.346151
v 1.139535 0.702680 0.329915
v 1.165843 0.774095 -0.272111
v 1.165843 0.773180 -0.398645
v 1.192944 0.746261 -0.272111
v 1.192089 0.746200 -0.398645
v 1.112434 0.632790 0.329915
v 1.112434 0.632790 0.346151
v 1.080754 0.806385 -0.398645
v 1.100836 0.784044 -0.272111
v 1.119575 0.674785 0.346151
v 1.117134 0.231276 -0.272355
v 1.086248 0.269609 0.329549
v 1.114204 0.243423 0.346579
v 1.086248 0.269609 0.346579
v 1.200513 0.720747 0.331319
v 1.135079 0.710737 0.331319
v 1.165660 0.720747 0.331319
v 1.230605 0.744674 -0.272355
v 1.226088 0.773607 -0.272355
v 1.184521 0.766831 -0.272111
v 1.192944 0.746261 -0.272111
v 1.235488 0.033022 0.283587
v 1.214918 0.045962 0.287188
v 1.235488 0.033022 0.216688
v 1.201062 0.036623 0.210828
v 1.201306 0.000000 0.210706
v 1.214918 0.045962 0.213087
v 1.230361 0.000000 0.215833
v 1.230361 0.000000 0.215833
v 1.145822 0.000000 0.299274
v 1.145822 0.000000 0.201001
v 1.201306 0.000000 0.289568
v 1.230361 0.000000 0.284441
v 1.201306 0.000000 0.210706
v 1.230361 0.000000 0.284441
v 0.000000 0.449368 0.322102
v 1.074467 0.449368 0.318135
v 0.000000 0.397302 -0.148874
v 1.089727 0.427822 0.074223
v 1.039004 0.449368 0.322102
v 1.039004 0.403589 -0.151621
v 0.000000 0.229506 0.349509
v 1.154673 0.229506 0.349509
v 1.154673 0.178478 0.349509
v 0.521089 0.400476 -0.149973
v 0.521089 0.450894 0.322102
v 0.983336 0.836233 -0.271379
v 0.055545 0.865592 -0.398462
v 0.046084 0.879021 -0.271928
v 0.055606 0.865775 -0.271928
v 1.004212 0.828664 -0.271379
v 0.739425 0.890740 -0.271928
v 0.784411 0.987060 -0.271379
v 0.826833 0.909846 -0.271928
v 0.883721 1.002869 -0.271379
v 0.675822 0.868644 -0.271928
v 0.686504 0.959653 -0.271379
v 0.606055 0.847342 -0.271928
v 0.590429 0.928951 -0.271379
v 0.502594 0.906672 -0.271379
v 0.507538 0.829763 -0.271928
v 0.047916 0.956296 -0.271379
v 0.070561 0.915339 -0.271928
v 0.017579 0.917475 -0.271379
v 0.050967 0.898492 -0.271928
v 0.020021 0.873161 -0.271379
v 0.046084 0.879021 -0.271928
v 0.064030 0.839590 -0.271379
v 0.052677 0.840566 -0.271379
v 0.036929 0.847220 -0.271379
v 0.102728 0.925227 -0.271928
v 0.098212 0.971129 -0.271379
v 0.176036 0.961973 -0.271379
v 0.167430 0.919551 -0.271928
v 0.264176 0.940792 -0.271379
v 0.249161 0.892205 -0.271928
v 0.968504 0.856192 -0.398035
v 0.977294 0.875847 -0.271989
v 0.968565 0.856131 -0.271440
v 1.198315 0.801685 -0.272355
v 1.165843 0.774095 -0.272111
v 1.165232 0.812000 -0.272355
v 1.100836 0.784044 -0.272111
v 1.135323 0.774767 -0.272111
v 1.141915 0.811878 -0.272355
v 1.081609 0.806629 -0.272111
v 1.081975 0.842276 -0.271379
v 1.116279 0.820485 -0.272417
v 1.114753 0.861320 -0.271379
v 1.116340 0.231520 -0.398950
v 1.117134 0.231276 -0.272355
v 1.230605 0.744674 -0.272355
v 1.229750 0.744674 -0.398950
v 1.226088 0.773607 -0.272355
v 1.225356 0.773180 -0.398950
v 1.198315 0.801685 -0.272355
v 1.198010 0.800891 -0.398950
v 1.165232 0.812000 -0.272355
v 1.165293 0.811085 -0.398950
v 1.141915 0.811878 -0.272355
v 1.141732 0.811024 -0.398950
v 1.115852 0.820424 -0.398950
v 1.114875 0.861137 -0.397912
v 1.116279 0.820485 -0.272417
v 1.114753 0.861320 -0.271379
v 0.709028 0.851676 -0.271928
v 0.709028 0.851676 -0.271928
v 0.709028 0.851553 -0.398462
v 0.709028 0.851553 -0.398462
v 0.709028 0.851553 -0.398462
v 0.709028 0.851676 -0.271928
v 0.724226 0.854117 -0.271928
v 0.724165 0.854117 -0.398462
v 0.724226 0.854117 -0.271928
v 0.719282 0.866874 -0.271928
v 0.724165 0.854117 -0.398462
v 0.719282 0.866874 -0.398462
v 0.719282 0.866874 -0.398462
v 0.739425 0.890740 -0.271928
v 0.739364 0.890924 -0.398462
v 0.719282 0.866874 -0.271928
v 0.750290 0.865165 -0.271928
v 0.750229 0.865409 -0.398462
v 0.826833 0.909846 -0.271928
v 0.750290 0.865165 -0.271928
v 0.077702 0.845633 -0.399072
v 0.080266 0.861381 -0.272172
v 0.077825 0.845755 -0.272172
v 0.068791 0.866630 -0.271928
v 1.155161 0.907831 -0.397912
v 1.137765 0.881157 -0.397912
v 1.114875 0.861137 -0.397912
v 1.147958 0.939205 -0.397912
v 0.981688 1.006653 -0.397912
v 0.883721 1.002869 -0.271379
v 0.784411 0.987060 -0.271379
v 0.883721 1.003052 -0.397912
v 0.784350 0.987304 -0.397912
v 0.686443 0.959836 -0.397912
v 0.686504 0.959653 -0.271379
v 0.590368 0.929195 -0.397912
v 0.590429 0.928951 -0.271379
v 0.502594 0.906672 -0.271379
v 0.502594 0.906916 -0.397912
v 0.422633 0.898187 -0.271379
v 0.422633 0.898370 -0.397912
v 0.344809 0.912836 -0.271379
v 0.344870 0.913020 -0.397912
v 0.264176 0.940792 -0.271379
v 0.264237 0.941036 -0.397912
v 0.176036 0.961973 -0.271379
v 0.176036 0.962156 -0.397912
v 0.098151 0.971373 -0.397912
v 0.098212 0.971129 -0.271379
v 0.052616 0.840383 -0.397912
v 0.052677 0.840566 -0.271379
v 0.063969 0.839407 -0.397912
v 0.064030 0.839590 -0.271379
v 0.077702 0.845633 -0.399072
v 0.077825 0.845755 -0.272172
v 0.883721 1.003052 -0.397912
v 0.957151 0.903681 -0.398462
v 0.895746 0.905573 -0.398462
v 0.981688 1.006653 -0.397912
v 0.997314 0.888909 -0.398462
v 1.113776 0.970152 -0.397912
v 1.061405 0.989990 -0.271379
v 1.147958 0.939205 -0.397912
v 1.113654 0.969969 -0.271379
v 1.147836 0.939083 -0.271379
v 1.155161 0.907831 -0.397912
v 1.154978 0.907953 -0.271379
v 0.826833 0.910029 -0.398462
v 0.820485 0.880303 -0.271928
v 0.820485 0.880303 -0.271928
v 0.750229 0.865409 -0.398462
v 0.820485 0.880486 -0.398523
v 0.827931 0.880120 -0.271928
v 0.820485 0.880486 -0.398523
v 0.820668 0.887688 -0.271989
v 0.827931 0.880120 -0.271928
v 0.827931 0.880303 -0.398523
v 0.827931 0.880303 -0.398523
v 0.820668 0.887872 -0.398523
v 0.826833 0.910029 -0.398462
v 0.826833 0.909846 -0.271928
v 0.849966 0.890801 -0.271928
v 0.849966 0.890801 -0.271928
v 0.849905 0.890985 -0.398462
v 0.849905 0.890985 -0.398462
v 0.080205 0.861137 -0.399011
v 0.080266 0.861381 -0.272172
v 0.068791 0.866630 -0.271928
v 0.068791 0.866386 -0.398462
v 0.055606 0.865775 -0.271928
v 0.055545 0.865592 -0.398462
v 0.080205 0.861137 -0.399011
v 0.080266 0.861381 -0.272172
v 0.080205 0.861137 -0.399011
v 0.068791 0.866386 -0.398462
v 0.675822 0.868644 -0.271928
v 0.739364 0.890924 -0.398462
v 0.739425 0.890740 -0.271928
v 0.820668 0.887688 -0.271989
v 0.327352 0.857108 -0.398462
v 0.414515 0.831166 -0.398462
v 0.414515 0.830983 -0.271928
v 0.507538 0.829763 -0.271928
v 0.507538 0.830007 -0.398462
v 0.606055 0.847342 -0.271928
v 1.114753 0.861320 -0.271379
v 1.114875 0.861137 -0.397912
v 1.137643 0.881279 -0.271379
v 1.137765 0.881157 -0.397912
v 1.117134 0.231276 -0.272355
v 1.116340 0.231520 -0.398950
v 1.082036 0.842092 -0.397912
v 1.113776 0.970152 -0.397912
v 1.154978 0.907953 -0.271379
v 1.155161 0.907831 -0.397912
v 0.968565 0.856131 -0.271440
v 0.977416 0.875908 -0.398523
v 0.968504 0.856192 -0.398035
v 0.968504 0.856192 -0.398035
v 0.997192 0.888909 -0.271928
v 0.997314 0.888909 -0.398462
v 0.977294 0.875847 -0.271989
v 0.977416 0.875908 -0.398523
v 0.968565 0.856131 -0.271440
v 1.154978 0.907953 -0.271379
v 1.137643 0.881279 -0.271379
v 1.147836 0.939083 -0.271379
v 1.114753 0.861320 -0.271379
v 1.113654 0.969969 -0.271379
v 0.981688 1.006470 -0.271379
v 1.061466 0.990173 -0.397912
v 1.081975 0.842276 -0.271379
v 0.997192 0.888909 -0.271928
v 0.957151 0.903681 -0.398462
v 0.997314 0.888909 -0.398462
v 0.046084 0.879021 -0.271928
v 0.045901 0.878960 -0.398462
v 0.957151 0.903498 -0.271928
v 0.820485 0.880486 -0.398523
v 0.895746 0.905573 -0.398462
v 0.895807 0.905329 -0.271928
v 0.820668 0.887872 -0.398523
v 0.820485 0.880303 -0.271928
v 0.344809 0.912836 -0.271379
v 0.327290 0.856925 -0.271928
v 0.249222 0.892388 -0.398462
v 1.061466 0.990173 -0.397912
v 0.605994 0.847586 -0.398462
v 0.675761 0.868888 -0.398462
v 0.327290 0.856925 -0.271928
v 0.422633 0.898187 -0.271379
v 0.249161 0.892205 -0.271928
v 0.102667 0.925410 -0.398462
v 1.004151 0.828481 -0.397912
v 1.042971 0.829702 -0.397912
v 0.414515 0.830983 -0.271928
v 0.167430 0.919551 -0.271928
v 0.167430 0.919795 -0.398462
v 0.983214 0.836172 -0.397912
v 0.055606 0.865775 -0.271928
v 1.004212 0.828664 -0.271379
v 1.042910 0.829946 -0.271379
v 1.004151 0.828481 -0.397912
v 1.042971 0.829702 -0.397912
v 0.826833 0.910029 -0.398462
v 0.102728 0.925227 -0.271928
v 0.070561 0.915339 -0.271928
v 0.070439 0.915461 -0.398462
v 0.045901 0.878960 -0.398462
v 0.983214 0.836172 -0.397912
v 0.077825 0.845755 -0.272172
v 1.081975 0.842276 -0.271379
v 1.079839 0.231154 -0.398645
v 0.686443 0.959836 -0.397912
v 0.784350 0.987304 -0.397912
v 0.050967 0.898492 -0.271928
v 0.050784 0.898492 -0.398462
v 0.983336 0.836233 -0.271379
v 1.080693 0.230910 -0.272111
v 1.082036 0.842092 -0.397912
v 0.739364 0.890924 -0.398462
v 0.605994 0.847586 -0.398462
v 0.502594 0.906916 -0.397912
v 0.590368 0.929195 -0.397912
v 0.675761 0.868888 -0.398462
v 0.507538 0.830007 -0.398462
v 0.414515 0.831166 -0.398462
v 0.422633 0.898370 -0.397912
v 0.327352 0.857108 -0.398462
v 0.344870 0.913020 -0.397912
v 0.249222 0.892388 -0.398462
v 0.264237 0.941036 -0.397912
v 0.167430 0.919795 -0.398462
v 0.098151 0.971373 -0.397912
v 0.176036 0.962156 -0.397912
v 0.047793 0.956479 -0.397912
v 0.102667 0.925410 -0.398462
v 0.070439 0.915461 -0.398462
v 0.045901 0.878960 -0.398462
v 0.017396 0.917475 -0.397912
v 0.050784 0.898492 -0.398462
v 0.019838 0.873100 -0.397912
v 0.052616 0.840383 -0.397912
v 0.036806 0.847037 -0.397912
v 0.063969 0.839407 -0.397912
v 0.077702 0.845633 -0.399072
v 0.055545 0.865592 -0.398462
v 0.029665 0.781176 -0.254654
v 0.031496 0.780870 -0.397912
v 0.043399 0.818531 -0.397912
v 0.039126 0.804615 -0.254654
v 0.039065 0.818837 -0.254593
v 0.042117 0.804309 -0.397912
v 0.052677 0.840566 -0.271379
v 0.108344 1.002747 -0.397912
v 0.052616 0.840383 -0.397912
v 0.108344 1.002747 -0.270830
v 0.110297 0.985473 -0.397912
v 0.108344 1.002747 -0.397912
v 0.110297 0.985473 -0.270830
v 0.105231 0.974852 -0.397912
v 0.091802 1.015199 -0.270830
v 0.098212 0.971129 -0.271379
v 0.105231 0.974852 -0.270830
v 0.091802 1.015199 -0.397912
v 0.105231 0.974852 -0.397912
v 0.066288 1.015809 -0.270830
v 0.066288 1.015809 -0.397912
v 0.098151 0.971373 -0.397912
v 0.044680 1.007447 -0.270830
v 0.018068 1.051761 -0.254593
v 0.012147 1.020753 -0.254593
v 0.044680 1.007447 -0.397912
v 0.012025 1.020448 -0.397912
v 0.000000 1.078191 -0.397912
v 0.018617 1.051456 -0.397912
v 0.018617 1.051456 -0.397912
v 0.018068 1.051761 -0.254593
v 0.000000 1.078496 -0.254593
v 0.099249 0.985778 -0.254593
v 0.097540 1.003052 -0.254593
v 0.094732 0.975157 -0.254593
v 0.985351 0.181835 0.326741
v 0.997986 0.136788 0.323933
v 1.214124 0.147409 0.287371
v 1.060856 0.104804 0.311176
v 0.997986 0.136788 0.176769
v 1.191357 0.175914 0.209119
v 1.214124 0.147409 0.213148
v 0.521089 0.436855 0.333761
v 1.151987 0.181835 0.298297
v 1.145822 0.000000 0.299274
v 1.203931 0.086736 0.289202
v 1.191357 0.175914 0.291400
v 1.132821 0.102789 0.301593
v 1.150766 0.052371 0.298480
v 1.150766 0.052310 0.201978
v 1.201062 0.036623 0.210828
v 1.201123 0.036623 0.289691
v 1.201123 0.036623 0.289691
v 1.214918 0.045962 0.213087
v 1.201123 0.036623 0.289691
v 1.230361 0.000000 0.215833
v 1.230361 0.000000 0.284441
v 1.201306 0.000000 0.289568
v 1.154673 0.178478 0.349509
v 1.154673 0.178478 -0.409144
v 1.154673 0.229506 0.349509
v 1.231459 0.703778 0.331319
v 1.113960 0.680522 0.331319
v 1.253250 0.672648 0.331319
v 1.253250 0.593969 0.331319
v 1.261185 0.633278 0.331319
v 1.253250 0.672648 0.331319
v 1.231459 0.703778 0.331319
v 1.173167 0.547091 0.331319
v 1.112983 0.258866 0.331319
v 1.103583 0.589575 0.331319
v 1.132821 0.102789 0.198926
v 1.151987 0.181835 0.202283
v 1.060856 0.104804 0.189404
v 0.985351 0.181835 0.173961
v 1.132821 0.102789 0.301593
v 1.060856 0.104804 0.311176
v 1.132821 0.102789 0.198926
v 1.060856 0.104804 0.189404
v 0.997986 0.136788 0.323933
v 0.985351 0.181835 0.326741
v 0.985351 0.181835 0.173961
v 0.997986 0.136788 0.176769
v 1.151987 0.181835 0.202283
v 1.151987 0.181835 0.298297
v 1.214124 0.147409 0.213148
v 1.203931 0.086736 0.289202
v 1.150766 0.052371 0.298480
v 1.214124 0.147409 0.287371
v 1.229201 0.570042 0.346151
v 1.256241 0.632790 0.346151
v 1.256241 0.632790 0.329915
v 1.229201 0.695477 0.346151
v 1.086248 0.269609 0.329549
v 0.000000 0.235732 0.329549
v 0.000000 0.269609 0.346579
v 1.200330 0.554538 0.346151
v 1.229201 0.570042 0.329915
v 1.168345 0.554538 0.329915
v 1.150766 0.052310 0.201978
v 1.203931 0.086736 0.211317
v 0.000000 0.269609 0.329549
v 1.114204 0.243423 0.346579
v 1.139535 0.702680 0.346151
v 1.200330 0.554538 0.346151
v 1.229201 0.570042 0.346151
v 1.168345 0.710981 0.346151
v 1.249161 0.597937 0.346151
v 1.191357 0.175914 0.209119
v 1.191357 0.175914 0.291400
v 1.104865 0.235732 0.346579
v 1.114204 0.243423 0.346579
v 1.112434 0.632790 0.346151
v 1.086248 0.269609 0.346579
v 1.168345 0.554538 0.346151
v 1.119575 0.674785 0.346151
v 1.168345 0.554538 0.329915
v 1.168345 0.554538 0.346151
v 1.200330 0.554538 0.329915
v 1.104865 0.235732 0.329549
v 0.000000 0.269609 0.346579
v 0.000000 0.235732 0.346579
v 1.086248 0.269609 0.346579
v 1.104865 0.235732 0.346579
v 1.168345 0.554538 0.346151
v 1.114204 0.243423 0.329549
v 1.114204 0.243423 0.346579
v 0.000000 0.235732 0.346579
v 1.104865 0.235732 0.346579
v 1.249161 0.597937 0.346151
v 1.249161 0.597937 0.329915
v 1.086248 0.269609 0.346579
v 1.200330 0.710981 0.346151
v 1.249161 0.667582 0.346151
v 1.256241 0.632790 0.346151
v 1.104865 0.235732 0.329549
v 1.114204 0.243423 0.329549
v 1.229201 0.695477 0.346151
v 0.000000 0.229506 -0.409144
v 1.154673 0.229506 -0.409144
v 1.120674 0.249466 -0.255631
v 1.251236 0.595129 -0.271318
v 0.000000 0.229506 -0.409144
v 1.200024 0.718183 -0.271318
v 1.166148 0.718183 -0.271318
v 1.136483 0.708539 -0.271318
v 1.258866 0.633278 -0.271318
v 1.230056 0.701764 -0.271318
v 1.112983 0.258988 -0.271318
v 1.173411 0.549594 -0.271318
v 1.088873 0.259171 -0.271318
v 1.173411 0.549594 -0.271318
v 1.230056 0.564854 -0.271318
v 1.105841 0.590795 -0.271318
v 1.200208 0.548495 -0.271318
v 1.107917 0.632241 -0.271318
v 1.251236 0.671489 -0.271318
v 0.000000 0.178478 0.349509
v 1.154673 0.178478 0.349509
v 1.105719 0.632241 0.331319
v 1.200757 0.545993 0.331319
v 1.173167 0.547091 0.331319
v 1.042910 0.829946 -0.271379
v 1.061405 0.989990 -0.271379
v 0.997192 0.888909 -0.271928
v 0.981688 1.006470 -0.271379
v 0.895807 0.905329 -0.271928
v 0.957151 0.903498 -0.271928
v 1.154673 0.178478 -0.409144
v 1.154673 0.178478 -0.409144
v 0.000000 0.178478 0.349509
v 1.154673 0.229506 -0.409144
v 1.112983 0.258988 -0.271318
v 1.115913 0.679180 -0.271318
v 1.114936 0.241897 -0.271318
v 1.103583 0.589575 0.331319
v 1.113960 0.680522 0.331319
v 1.135079 0.710737 0.331319
v 1.105719 0.632241 0.331319
v 1.114936 0.241897 0.331319
v 1.200513 0.720747 0.331319
v 1.261185 0.633278 0.331319
v 1.165660 0.720747 0.331319
v 1.203931 0.086736 0.211317
v 1.201062 0.036623 0.210828
v 1.235488 0.033022 0.283587
v 1.145822 0.000000 0.299274
v 1.145822 0.000000 0.201001
v 1.231459 0.562840 0.331319
v 1.088751 0.258744 0.331319
v 1.200757 0.545993 0.331319
v 1.180980 0.536288 0.315632
v 1.120674 0.249466 0.315632
v 1.078923 0.249710 -0.255631
v 1.181041 0.539767 -0.255631
v 1.120674 0.249466 0.315632
v 1.114936 0.241897 0.331319
v 1.214918 0.045962 0.287188
v 1.145822 0.000000 0.201001
v 0.000000 0.178478 -0.409144
v 0.000000 0.178478 -0.409144
v 1.077764 0.234633 0.331319
v 1.110358 0.235976 0.331319
v 1.114936 0.241897 -0.271318
v 1.120674 0.249466 -0.255631
v 1.110358 0.235976 0.331319
v 1.110358 0.235976 -0.271318
v 1.271745 0.633278 0.315632
v 1.114936 0.241897 -0.271318
v 1.260148 0.675334 -0.255631
v 1.236526 0.708967 -0.255631
v 1.263017 0.676860 0.315632
v 1.238540 0.711835 0.315632
v 1.202466 0.727706 -0.255631
v 1.164622 0.727706 -0.255631
v 1.203198 0.731185 0.315632
v 1.078191 0.240310 -0.271318
v 1.105841 0.590795 -0.271318
v 1.088873 0.259171 -0.271318
v 1.077764 0.234633 0.331319
v 1.231459 0.562840 0.331319
v 1.112983 0.258866 0.331319
v 1.077764 0.234633 -0.271318
v 1.078801 0.249283 0.315632
v 1.253250 0.593969 0.331319
v 0.000000 0.435329 0.333761
v 1.074467 0.435329 0.329854
v 1.101202 0.820424 -0.292987
v 0.884698 0.410059 -0.153208
vt 0.509344 0.645594
vt 0.521744 0.647976
vt 0.376396 0.658849
vt 0.361614 0.500704
vt 0.361614 0.500704
vt 0.563922 0.720696
vt 0.370685 0.575165
vt 0.495173 0.646022
vt 0.563922 0.720696
vt 0.509619 0.636645
vt 0.530540 0.642082
vt 0.379206 0.631331
vt 0.495783 0.636798
vt 0.370104 0.605096
vt 0.561845 0.642173
vt 0.378687 0.665874
vt 0.376029 0.669081
vt 0.561845 0.642173
vt 0.385039 0.671493
vt 0.332141 0.645350
vt 0.445695 0.718253
vt 0.442946 0.639364
vt 0.376029 0.669081
vt 0.369188 0.673112
vt 0.376396 0.658849
vt 0.361614 0.713672
vt 0.447161 0.639669
vt 0.441541 0.717978
vt 0.445695 0.718253
vt 0.447161 0.639669
vt 0.336203 0.639669
vt 0.447161 0.639669
vt 0.438426 0.639028
vt 0.445695 0.718253
vt 0.436777 0.717611
vt 0.442946 0.639364
vt 0.373953 0.698156
vt 0.445695 0.718253
vt 0.450643 0.718680
vt 0.522110 0.639028
vt 0.370104 0.605096
vt 0.701757 0.547586
vt 0.687249 0.428137
vt 0.700596 0.565361
vt 0.679828 0.433818
vt 0.701451 0.529505
vt 0.638230 0.670455
vt 0.642781 0.644525
vt 0.689509 0.526634
vt 0.672101 0.614716
vt 0.678942 0.507943
vt 0.659701 0.617221
vt 0.661289 0.505560
vt 0.646782 0.751879
vt 0.639635 0.734287
vt 0.631725 0.662087
vt 0.708659 0.730531
vt 0.699985 0.608089
vt 0.665656 0.706158
vt 0.688746 0.709060
vt 0.659120 0.755666
vt 0.654448 0.567071
vt 0.661686 0.535827
vt 0.722830 0.547586
vt 0.642658 0.696568
vt 0.723960 0.565361
vt 0.724663 0.576081
vt 0.377862 0.528619
vt 0.011789 0.926089
vt 0.019150 0.926120
vt 0.021685 0.915949
vt 0.442946 0.639364
vt 0.436777 0.717611
vt 0.438426 0.639028
vt 0.509344 0.645594
vt 0.447161 0.639669
vt 0.451803 0.639944
vt 0.509619 0.636645
vt 0.307036 0.536988
vt 0.452323 0.648984
vt 0.296377 0.442339
vt 0.287489 0.352211
vt 0.707346 0.461092
vt 0.725213 0.439132
vt 0.709667 0.421693
vt 0.689509 0.526634
vt 0.631725 0.662087
vt 0.441541 0.717978
vt 0.429691 0.638295
vt 0.428042 0.716878
vt 0.438426 0.639028
vt 0.337211 0.647335
vt 0.436777 0.717611
vt 0.338982 0.571653
vt 0.344449 0.511211
vt 0.344449 0.511211
vt 0.339654 0.596025
vt 0.023609 0.884277
vt 0.326185 0.649931
vt 0.331286 0.617404
vt 0.013622 0.902236
vt 0.028037 0.908467
vt 0.724663 0.576081
vt 0.686730 0.433940
vt 0.699833 0.576081
vt 0.633527 0.646113
vt 0.682790 0.534300
vt 0.688135 0.510508
vt 0.660464 0.643975
vt 0.679706 0.597918
vt 0.631297 0.567591
vt 0.689509 0.526634
vt 0.712232 0.758965
vt 0.677690 0.559925
vt 0.659273 0.674120
vt 0.642872 0.664927
vt 0.724877 0.422243
vt 0.724510 0.608089
vt 0.344449 0.684168
vt 0.263544 0.614930
vt 0.263819 0.443225
vt 0.261437 0.353463
vt 0.339318 0.669508
vt 0.341120 0.652497
vt 0.329942 0.553694
vt 0.374655 0.512829
vt 0.319130 0.649595
vt 0.377862 0.528619
vt 0.317389 0.625559
vt 0.329942 0.553694
vt 0.314060 0.633316
vt 0.338982 0.571653
vt 0.332843 0.533903
vt 0.335775 0.521076
vt 0.334309 0.557359
vt 0.339654 0.596025
vt 0.332477 0.541722
vt 0.332843 0.533903
vt 0.335775 0.521076
vt 0.337211 0.647335
vt 0.709636 0.406208
vt 0.725121 0.406758
vt 0.679339 0.427984
vt 0.723105 0.529475
vt 0.688288 0.417081
vt 0.678423 0.416928
vt 0.606558 0.614991
vt 0.610865 0.586954
vt 0.334309 0.557359
vt 0.332477 0.541722
vt 0.723960 0.647091
vt 0.700535 0.647091
vt 0.678301 0.528314
vt 0.699833 0.576081
vt 0.726526 0.461764
vt 0.709026 0.438552
vt 0.191038 0.617007
vt 0.133162 0.578769
vt 0.262720 0.530024
vt 0.728328 0.483967
vt 0.705147 0.483143
vt 0.704567 0.497803
vt 0.728633 0.498627
vt 0.697084 0.695133
vt 0.727351 0.695133
vt 0.725213 0.670119
vt 0.699252 0.670119
vt 0.374655 0.512829
vt 0.377831 0.538271
vt 0.380672 0.553144
vt 0.370685 0.575165
vt 0.375877 0.557634
vt 0.379206 0.631331
vt 0.385039 0.671493
vt 0.378687 0.665874
vt 0.394568 0.641349
vt 0.314060 0.633316
vt 0.315465 0.627483
vt 0.392614 0.671096
vt 0.314580 0.642784
vt 0.463806 0.640952
vt 0.470281 0.641349
vt 0.457484 0.640341
vt 0.476298 0.641013
vt 0.495173 0.646022
vt 0.482376 0.640982
vt 0.479993 0.641135
vt 0.495783 0.636798
vt 0.521744 0.647976
vt 0.530540 0.642082
vt 0.522110 0.639028
vt 0.530540 0.642082
vt 0.534602 0.654024
vt 0.530204 0.651183
vt 0.534785 0.644678
vt 0.554271 0.845337
vt 0.534785 0.644678
vt 0.556745 0.867327
vt 0.390720 0.869373
vt 0.385620 0.845276
vt 0.392278 0.845795
vt 0.533502 0.887759
vt 0.533502 0.887759
vt 0.533380 0.918881
vt 0.530754 0.887729
vt 0.533380 0.918881
vt 0.530723 0.918851
vt 0.530754 0.887729
vt 0.465578 0.888034
vt 0.530723 0.918851
vt 0.465608 0.919156
vt 0.380519 0.867480
vt 0.376365 0.845581
vt 0.367325 0.846009
vt 0.372334 0.867174
vt 0.353978 0.873191
vt 0.363232 0.870473
vt 0.360270 0.847047
vt 0.347442 0.871664
vt 0.350924 0.848177
vt 0.340296 0.862959
vt 0.337119 0.843535
vt 0.552469 0.887790
vt 0.547918 0.887973
vt 0.552438 0.918912
vt 0.547888 0.919095
vt 0.544192 0.887942
vt 0.544100 0.919064
vt 0.539733 0.887851
vt 0.539580 0.919003
vt 0.535976 0.887790
vt 0.535793 0.918912
vt 0.554240 0.767120
vt 0.392278 0.845795
vt 0.392155 0.767761
vt 0.385406 0.768372
vt 0.556653 0.745160
vt 0.392155 0.767761
vt 0.390476 0.744183
vt 0.554240 0.767120
vt 0.385406 0.768372
vt 0.375999 0.768280
vt 0.371723 0.746809
vt 0.380000 0.746260
vt 0.554271 0.845337
vt 0.350649 0.766356
vt 0.340021 0.751055
vt 0.347229 0.743175
vt 0.366897 0.768127
vt 0.359873 0.767364
vt 0.353490 0.741648
vt 0.362591 0.743908
vt 0.336753 0.771090
vt 0.360270 0.847047
vt 0.337119 0.843535
vt 0.350649 0.766356
vt 0.336753 0.771090
vt 0.367325 0.846009
vt 0.359873 0.767364
vt 0.376365 0.845581
vt 0.366897 0.768127
vt 0.385620 0.845276
vt 0.375999 0.768280
vt 0.434853 0.986714
vt 0.202705 0.671585
vt 0.434669 0.938031
vt 0.350924 0.848177
vt 0.431829 0.986745
vt 0.207134 0.946369
vt 0.208508 0.953332
vt 0.438457 0.986653
vt 0.444504 0.986531
vt 0.438243 0.937970
vt 0.214067 0.679007
vt 0.444260 0.937848
vt 0.426332 0.986806
vt 0.426179 0.938123
vt 0.434669 0.938031
vt 0.434853 0.986714
vt 0.206889 0.672959
vt 0.204324 0.954768
vt 0.725732 0.369008
vt 0.631511 0.800868
vt 0.685020 0.290852
vt 0.623265 0.822553
vt 0.594525 0.982713
vt 0.027121 0.940383
vt 0.591471 0.934152
vt 0.771117 0.033905
vt 0.771117 0.362625
vt 0.856420 0.337031
vt 0.431646 0.938061
vt 0.205515 0.679923
vt 0.594006 0.934060
vt 0.235415 0.687314
vt 0.403334 0.987050
vt 0.235018 0.938794
vt 0.403212 0.938367
vt 0.233369 0.687436
vt 0.215685 0.947163
vt 0.409198 0.986989
vt 0.409076 0.938306
vt 0.409076 0.938306
vt 0.235079 0.934732
vt 0.237065 0.938886
vt 0.401868 0.987050
vt 0.401746 0.938367
vt 0.233430 0.691498
vt 0.969333 0.385348
vt 0.997706 0.978438
vt 0.969333 0.033905
vt 0.397042 0.938397
vt 0.397164 0.987081
vt 0.243142 0.933022
vt 0.596449 0.934060
vt 0.596968 0.982836
vt 0.856420 0.033905
vt 0.241493 0.693209
vt 0.409198 0.986989
vt 0.024433 0.936046
vt 0.596968 0.982836
vt 0.709392 0.302916
vt 0.713149 0.033905
vt 0.591959 0.982836
vt 0.626777 0.796501
vt 0.599625 0.933908
vt 0.596449 0.934060
vt 0.600144 0.982744
vt 0.448780 0.446798
vt 0.423613 0.510264
vt 0.429538 0.528833
vt 0.024891 0.685146
vt 0.327163 0.924348
vt 0.322307 0.938947
vt 0.022265 0.689666
vt 0.325239 0.907123
vt 0.315862 0.890019
vt 0.306914 0.960174
vt 0.315984 0.949820
vt 0.320382 0.465215
vt 0.538114 0.034027
vt 0.321085 0.444294
vt 0.551461 0.034119
vt 0.571038 0.034210
vt 0.563555 0.408957
vt 0.459714 0.408285
vt 0.446336 0.408163
vt 0.550911 0.408896
vt 0.416894 0.033141
vt 0.319252 0.444233
vt 0.429997 0.408041
vt 0.659884 0.482257
vt 0.564075 0.034180
vt 0.430791 0.033264
vt 0.661564 0.458648
vt 0.009560 0.618778
vt 0.275547 0.108060
vt 0.275028 0.119574
vt 0.271332 0.021230
vt 0.262384 0.019947
vt 0.009560 0.017351
vt 0.140736 0.018115
vt 0.261376 0.104029
vt 0.272615 0.926089
vt 0.301447 0.878872
vt 0.283641 0.934274
vt 0.279457 0.869648
vt 0.252427 0.871511
vt 0.255756 0.925020
vt 0.225031 0.880246
vt 0.236759 0.922577
vt 0.212692 0.933144
vt 0.195161 0.945361
vt 0.198063 0.895425
vt 0.171583 0.912406
vt 0.175920 0.957181
vt 0.147425 0.924654
vt 0.148738 0.966862
vt 0.125465 0.929143
vt 0.123053 0.965977
vt 0.104208 0.920500
vt 0.099016 0.950950
vt 0.077637 0.930151
vt 0.082371 0.903885
vt 0.037780 0.880185
vt 0.037444 0.905473
vt 0.058671 0.889286
vt 0.055372 0.912070
vt 0.014629 0.942032
vt 0.018356 0.947682
vt 0.545322 0.643762
vt 0.339318 0.669508
vt 0.341120 0.652497
vt 0.344449 0.684168
vt 0.553935 0.721704
vt 0.279670 0.963167
vt 0.600144 0.982744
vt 0.603138 0.982194
vt 0.599625 0.933908
vt 0.602679 0.933511
vt 0.605367 0.982103
vt 0.604878 0.933419
vt 0.358590 0.987264
vt 0.358498 0.938581
vt 0.275669 0.952141
vt 0.363019 0.987417
vt 0.367600 0.987386
vt 0.278143 0.941360
vt 0.362896 0.938733
vt 0.367508 0.938703
vt 0.276463 0.684962
vt 0.274020 0.674151
vt 0.358498 0.938581
vt 0.358590 0.987264
vt 0.320627 0.687436
vt 0.325452 0.701974
vt 0.305234 0.666240
vt 0.314182 0.736181
vt 0.314274 0.676563
vt 0.323528 0.719108
vt 0.367600 0.987386
vt 0.367508 0.938703
vt 0.375877 0.987295
vt 0.387788 0.987172
vt 0.375755 0.938611
vt 0.387666 0.938489
vt 0.403334 0.987050
vt 0.404739 0.987050
vt 0.403212 0.938367
vt 0.404616 0.938367
vt 0.444504 0.986531
vt 0.444260 0.937848
vt 0.457545 0.986256
vt 0.457270 0.937573
vt 0.471625 0.985951
vt 0.490988 0.985523
vt 0.490714 0.936840
vt 0.471381 0.937267
vt 0.509039 0.985126
vt 0.508764 0.936443
vt 0.526692 0.984699
vt 0.543245 0.984271
vt 0.542940 0.935588
vt 0.526386 0.936015
vt 0.559982 0.983843
vt 0.572657 0.983477
vt 0.572290 0.934793
vt 0.559646 0.935160
vt 0.121464 0.659674
vt 0.123816 0.696507
vt 0.097397 0.674517
vt 0.102528 0.704998
vt 0.075988 0.695194
vt 0.080691 0.721490
vt 0.036161 0.745252
vt 0.053692 0.713213
vt 0.456995 0.719352
vt 0.478497 0.721124
vt 0.480696 0.721002
vt 0.480940 0.651183
vt 0.478894 0.651428
vt 0.428042 0.716878
vt 0.429691 0.638295
vt 0.419093 0.716084
vt 0.420804 0.637501
vt 0.398264 0.651031
vt 0.396706 0.643853
vt 0.397653 0.662697
vt 0.606558 0.614991
vt 0.610865 0.582831
vt 0.631297 0.563070
vt 0.708659 0.730531
vt 0.679706 0.597918
vt 0.639635 0.734287
vt 0.646782 0.751879
vt 0.672101 0.614716
vt 0.659701 0.617221
vt 0.631725 0.662087
vt 0.701451 0.529505
vt 0.723105 0.529475
vt 0.687249 0.428137
vt 0.679339 0.427984
vt 0.686730 0.433940
vt 0.709636 0.406208
vt 0.679828 0.433818
vt 0.725121 0.406758
vt 0.638230 0.670455
vt 0.633527 0.646113
vt 0.682790 0.534300
vt 0.688135 0.510508
vt 0.678942 0.507943
vt 0.657990 0.505560
vt 0.012400 0.684290
vt 0.016034 0.678426
vt 0.023059 0.677266
vt 0.579193 0.983294
vt 0.584324 0.983110
vt 0.588264 0.982988
vt 0.578796 0.934610
vt 0.583896 0.934427
vt 0.587806 0.934305
vt 0.588264 0.982988
vt 0.591959 0.982836
vt 0.587806 0.934305
vt 0.591471 0.934152
vt 0.278052 0.663186
vt 0.283793 0.658971
vt 0.294483 0.659552
vt 0.281961 0.692048
vt 0.299797 0.747329
vt 0.270966 0.700111
vt 0.277807 0.756552
vt 0.254107 0.701180
vt 0.250778 0.754689
vt 0.235110 0.703654
vt 0.223382 0.745954
vt 0.211074 0.693025
vt 0.193573 0.680748
vt 0.196383 0.730683
vt 0.174363 0.668836
vt 0.147180 0.658971
vt 0.145806 0.701180
vt 0.169965 0.713580
vt 0.317725 0.843168
vt 0.317450 0.773717
vt 0.317725 0.843168
vt 0.326521 0.843016
vt 0.257894 0.843871
vt 0.257711 0.774419
vt 0.280373 0.843626
vt 0.280190 0.774175
vt 0.295827 0.843443
vt 0.295644 0.773991
vt 0.009834 0.700294
vt 0.011942 0.723964
vt 0.017195 0.699867
vt 0.019852 0.709884
vt 0.022021 0.741464
vt 0.026296 0.717184
vt 0.035734 0.719933
vt 0.057021 0.735998
vt 0.018936 0.676166
vt 0.018722 0.691284
vt 0.353367 0.938550
vt 0.353429 0.987234
vt 0.333607 0.938642
vt 0.349061 0.938581
vt 0.008002 0.846436
vt 0.029625 0.846223
vt 0.341548 0.938611
vt 0.349122 0.987264
vt 0.007849 0.777015
vt 0.029442 0.776801
vt 0.054670 0.845978
vt 0.054456 0.776526
vt 0.078187 0.845703
vt 0.078004 0.776251
vt 0.464020 0.720238
vt 0.458736 0.649565
vt 0.341578 0.987295
vt 0.565602 0.767120
vt 0.554240 0.767120
vt 0.333638 0.987325
vt 0.296132 0.966862
vt 0.285443 0.967443
vt 0.565663 0.845245
vt 0.554271 0.845337
vt 0.317450 0.773717
vt 0.336753 0.771090
vt 0.326216 0.773594
vt 0.337119 0.843535
vt 0.552286 0.643151
vt 0.230681 0.774694
vt 0.230865 0.844146
vt 0.660464 0.643975
vt 0.308624 0.843291
vt 0.308410 0.773839
vt 0.020860 0.934641
vt 0.021318 0.949728
vt 0.202919 0.774969
vt 0.174912 0.775274
vt 0.642781 0.644525
vt 0.688288 0.417081
vt 0.025411 0.948262
vt 0.175065 0.844695
vt 0.203102 0.844421
vt 0.678423 0.416928
vt 0.546880 0.722345
vt 0.536465 0.723292
vt 0.470098 0.721124
vt 0.471350 0.651580
vt 0.470098 0.721124
vt 0.699833 0.576081
vt 0.147089 0.775549
vt 0.147272 0.844970
vt 0.122106 0.775793
vt 0.099902 0.776007
vt 0.542940 0.722651
vt 0.534602 0.654024
vt 0.475229 0.721338
vt 0.475901 0.651672
vt 0.700596 0.565361
vt 0.723960 0.565361
vt 0.100085 0.845459
vt 0.122289 0.845215
vt 0.541382 0.644006
vt 0.465700 0.650511
vt 0.478497 0.721124
vt 0.724663 0.576081
vt 0.701757 0.547586
vt 0.699833 0.576081
vt 0.722830 0.547586
vt 0.678301 0.528314
vt 0.724663 0.576081
vt 0.642658 0.696568
vt 0.642872 0.664927
vt 0.659273 0.674120
vt 0.651149 0.562551
vt 0.658387 0.535827
vt 0.677690 0.559925
vt 0.665656 0.706158
vt 0.659120 0.755666
vt 0.688746 0.709060
vt 0.700535 0.647091
vt 0.712232 0.758965
vt 0.723960 0.647091
vt 0.699985 0.608089
vt 0.724877 0.422243
vt 0.724510 0.608089
vt 0.709667 0.421693
vt 0.725213 0.439132
vt 0.709026 0.438552
vt 0.707346 0.461092
vt 0.726526 0.461764
vt 0.728328 0.483967
vt 0.705147 0.483143
vt 0.728633 0.498627
vt 0.697084 0.695133
vt 0.704567 0.497803
vt 0.699252 0.670119
vt 0.727351 0.695133
vt 0.725213 0.670119
vt 0.599564 0.824599
vt 0.627327 0.750291
vt 0.590188 0.818216
vt 0.583621 0.800135
vt 0.621004 0.731691
vt 0.580995 0.772220
vt 0.611811 0.721582
vt 0.600572 0.719077
vt 0.585087 0.519671
vt 0.999416 0.819804
vt 0.576016 0.537935
vt 0.999416 0.819804
vt 0.996179 0.816811
vt 0.996667 0.806366
vt 1.000760 0.808290
vt 0.639116 0.841305
vt 0.639055 0.819499
vt 0.996179 0.816811
vt 0.990559 0.838526
vt 0.990528 0.849490
vt 0.639177 0.852270
vt 0.990559 0.838526
vt 0.639116 0.841305
vt 0.639055 0.819499
vt 0.639055 0.808504
vt 0.996179 0.816811
vt 0.619935 0.814703
vt 0.996667 0.806366
vt 0.626777 0.796501
vt 0.610254 0.824538
vt 0.629434 0.773472
vt 0.627327 0.750291
vt 0.629434 0.773472
vt 0.632183 0.746412
vt 0.634657 0.773717
vt 0.277716 0.022238
vt 0.621004 0.731691
vt 0.287489 0.352211
vt 0.611811 0.721582
vt 0.624639 0.724331
vt 0.460447 0.033508
vt 0.472083 0.033599
vt 0.447100 0.033386
vt 0.416314 0.407919
vt 0.570519 0.408988
vt 0.537534 0.408804
vt 0.523607 0.408713
vt 0.473916 0.523000
vt 0.452353 0.544532
vt 0.464142 0.449944
vt 0.439801 0.541233
vt 0.477886 0.480669
vt 0.478619 0.502567
vt 0.474099 0.461947
vt 0.509680 0.413721
vt 0.423369 0.492550
vt 0.325819 0.465765
vt 0.659884 0.482257
vt 0.307066 0.026025
vt 0.659304 0.482990
vt 0.571038 0.028102
vt 0.656494 0.479966
vt 0.302852 0.025964
vt 0.605123 0.707716
vt 0.605123 0.707716
vt 0.600572 0.719077
vt 0.613735 0.712206
vt 0.575558 0.773991
vt 0.583621 0.800135
vt 0.578979 0.804747
vt 0.590188 0.818216
vt 0.590188 0.818216
vt 0.587286 0.826279
vt 0.598709 0.835014
vt 0.599564 0.824599
vt 0.610254 0.824538
vt 0.619935 0.814703
vt 0.585087 0.519671
vt 0.580995 0.772220
vt 0.600572 0.719077
vt 0.590249 0.516891
vt 0.950672 0.908375
vt 0.742286 0.770296
vt 0.995782 0.438888
vt 0.995201 0.772098
vt 0.995721 0.983935
vt 0.624242 0.978438
vt 0.997706 0.978438
vt 0.997706 0.978438
vt 0.658326 0.919248
vt 0.624242 0.978438
vt 0.570397 0.539004
vt 0.576016 0.537935
vt 0.742286 0.770296
vt 0.713149 0.033905
vt 0.725732 0.369008
vt 0.709392 0.302916
vt 0.685020 0.290852
vt 0.631511 0.800868
vt 0.626777 0.796501
vt 0.623265 0.822553
vt 0.611536 0.834464
vt 0.624242 0.978438
vt 0.969333 0.033905
vt 0.856420 0.337031
vt 0.969333 0.385348
vt 0.771117 0.033905
vt 0.771117 0.362625
vt 0.995721 0.983935
vt 0.997706 0.978438
vt 0.950672 0.908375
vt 0.995782 0.438888
vt 0.742866 0.437147
vt 0.995201 0.772098
vt 0.624242 0.983935
vt 0.948167 0.919248
vt 0.655822 0.908375
vt 0.624242 0.983935
vt 0.856420 0.033905
vt 0.655822 0.908375
vt 0.948167 0.919248
vt 0.624242 0.983935
vt 0.995721 0.983935
vt 0.658326 0.919248
vt 0.742866 0.437147
vt 0.950672 0.908375
vt 0.995721 0.983935
vt 0.624242 0.983935
vt 0.655822 0.908375
vt 0.297507 0.590161
vt 0.997706 0.938184
vt 0.283702 0.631972
vt 0.997706 0.978438
vt 0.624242 0.938184
vt 0.655822 0.873038
vt 0.950672 0.873038
vt 0.664099 0.414577
vt 0.570488 0.414088
vt 0.323070 0.468788
vt 0.325819 0.465765
vt 0.624242 0.938184
vt 0.322398 0.467933
vt 0.624242 0.978438
vt 0.997706 0.938184
vt 0.297507 0.631972
vt 0.624242 0.978438
vt 0.283702 0.590161
vt 0.997706 0.978438
vt 0.464570 0.537965
vt 0.473916 0.523000
vt 0.478619 0.502567
vt 0.477886 0.480669
vt 0.496303 0.413630
vt 0.452353 0.544532
vt 0.474099 0.461947
vt 0.523607 0.413813
vt 0.509680 0.413721
vt 0.459683 0.413355
vt 0.446306 0.413233
vt 0.471350 0.413447
vt 0.483658 0.413538
vt 0.429966 0.413111
vt 0.416283 0.412988
vt 0.550911 0.413966
vt 0.563525 0.414027
vt 0.309143 0.412011
vt 0.570488 0.414088
vt 0.537534 0.413874
vt 0.464142 0.449944
vt 0.484361 0.033691
vt 0.429997 0.408041
vt 0.570519 0.408988
vt 0.416894 0.033141
vt 0.550911 0.408896
vt 0.564075 0.034180
vt 0.538114 0.034027
vt 0.537534 0.408804
vt 0.319252 0.444233
vt 0.661930 0.479630
vt 0.320382 0.465215
vt 0.661564 0.458648
vt 0.672864 0.028621
vt 0.672345 0.414607
vt 0.666848 0.409507
vt 0.667336 0.034730
vt 0.269744 0.105159
vt 0.509680 0.408621
vt 0.009560 0.017351
vt 0.510291 0.033844
vt 0.262384 0.019947
vt 0.496333 0.408529
vt 0.275028 0.119574
vt 0.496944 0.033752
vt 0.277716 0.022238
vt 0.483689 0.408468
vt 0.430791 0.027125
vt 0.447100 0.027247
vt 0.460447 0.027369
vt 0.472083 0.027461
vt 0.325513 0.448936
vt 0.435311 0.447195
vt 0.325819 0.465765
vt 0.423369 0.492550
vt 0.439801 0.541233
vt 0.448780 0.446798
vt 0.429538 0.528833
vt 0.225795 0.364458
vt 0.423613 0.510264
vt 0.225031 0.440110
vt 0.227749 0.530269
vt 0.009560 0.110595
vt 0.009560 0.356395
vt 0.273990 0.231021
vt 0.306181 0.032133
vt 0.305203 0.406911
vt 0.302088 0.411950
vt 0.301172 0.025964
vt 0.300255 0.411950
vt 0.659884 0.482257
vt 0.571038 0.028102
vt 0.659304 0.482990
vt 0.656494 0.479966
vt 0.302852 0.025964
vt 0.660953 0.028560
vt 0.538114 0.027888
vt 0.416772 0.027002
vt 0.551461 0.027980
vt 0.571038 0.028102
vt 0.564075 0.028041
vt 0.307066 0.026025
vt 0.447100 0.033386
vt 0.416314 0.407919
vt 0.446336 0.408163
vt 0.563555 0.408957
vt 0.322398 0.467933
vt 0.659884 0.482257
vt 0.663244 0.458709
vt 0.667336 0.034730
vt 0.571038 0.034210
vt 0.570519 0.408988
vt 0.472083 0.033599
vt 0.430791 0.033264
vt 0.459714 0.408285
vt 0.460447 0.033508
vt 0.009560 0.101830
vt 0.144859 0.102654
vt 0.656494 0.479966
vt 0.009560 0.443622
vt 0.136613 0.361037
vt 0.009560 0.356395
vt 0.559310 0.503300
vt 0.547155 0.455075
vt 0.657074 0.463107
vt 0.484361 0.027552
vt 0.524218 0.027827
vt 0.496975 0.027644
vt 0.510321 0.027735
vt 0.516735 0.456907
vt 0.506137 0.469185
vt 0.502014 0.488793
vt 0.501037 0.511791
vt 0.505801 0.533109
vt 0.515513 0.549235
vt 0.552499 0.540867
vt 0.528310 0.556596
vt 0.541565 0.553541
vt 0.532983 0.454159
vt 0.558913 0.521534
vt 0.287489 0.352211
vt 0.471381 0.408377
vt 0.571038 0.034210
vt 0.551461 0.034119
vt 0.523607 0.408713
vt 0.524187 0.033935
vt 0.321085 0.444294
vt 0.669902 0.414607
vt 0.670421 0.028621
vt 0.670421 0.028621
vt 0.261376 0.104029
vt 0.140736 0.018115
vt 0.271332 0.021230
vt 0.275547 0.108060
vt 0.270141 0.113252
vt 0.136613 0.361037
vt 0.137560 0.529566
vt 0.009560 0.532743
vt 0.137163 0.443347
vt 0.144829 0.111511
vt 0.261468 0.112092
vt 0.261437 0.353463
vt 0.225795 0.364458
vt 0.287489 0.352211
vt 0.296377 0.442339
vt 0.307036 0.536988
vt 0.285076 0.571775
vt 0.261437 0.353463
vt 0.225795 0.364458
vt 0.225031 0.440110
vt 0.263819 0.443225
vt 0.137163 0.443347
vt 0.009560 0.443622
vt 0.009560 0.356395
vt 0.136613 0.361037
vt 0.009560 0.618778
vt 0.009560 0.532743
vt 0.137560 0.529566
vt 0.133162 0.578769
vt 0.262720 0.530024
vt 0.263544 0.614930
vt 0.191038 0.617007
vt 0.227749 0.530269
vt 0.606558 0.614991
vt 0.631297 0.567591
vt 0.708659 0.730531
vt 0.610865 0.586954
vt 0.679706 0.597918
vt 0.646782 0.751879
vt 0.659701 0.617221
vt 0.639635 0.734287
vt 0.688288 0.417081
vt 0.642781 0.644525
vt 0.678423 0.416928
vt 0.672101 0.614716
vt 0.661289 0.505560
vt 0.660464 0.643975
vt 0.633527 0.646113
vt 0.678942 0.507943
vt 0.688135 0.510508
vt 0.682790 0.534300
vt 0.642872 0.664927
vt 0.642658 0.696568
vt 0.724663 0.576081
vt 0.699833 0.576081
vt 0.678301 0.528314
vt 0.722830 0.547586
vt 0.701757 0.547586
vt 0.723960 0.565361
vt 0.700596 0.565361
vt 0.724663 0.576081
vt 0.638230 0.670455
vt 0.631725 0.662087
vt 0.701451 0.529505
vt 0.723105 0.529475
vt 0.687249 0.428137
vt 0.679828 0.433818
vt 0.686730 0.433940
vt 0.679339 0.427984
vt 0.709636 0.406208
vt 0.699833 0.576081
vt 0.725121 0.406758
vt 0.723960 0.647091
vt 0.700535 0.647091
vt 0.712232 0.758965
vt 0.688746 0.709060
vt 0.659120 0.755666
vt 0.665656 0.706158
vt 0.677690 0.559925
vt 0.661686 0.535827
vt 0.654448 0.567071
vt 0.659273 0.674120
vt 0.377831 0.538271
vt 0.380672 0.553144
vt 0.369188 0.673112
vt 0.373953 0.698156
vt 0.699985 0.608089
vt 0.709667 0.421693
vt 0.724877 0.422243
vt 0.724510 0.608089
vt 0.725213 0.439132
vt 0.726526 0.461764
vt 0.707346 0.461092
vt 0.709026 0.438552
vt 0.361614 0.713672
vt 0.727351 0.695133
vt 0.725213 0.670119
vt 0.697084 0.695133
vt 0.728328 0.483967
vt 0.728633 0.498627
vt 0.704567 0.497803
vt 0.705147 0.483143
vt 0.699252 0.670119
vt 0.314580 0.642784
vt 0.317389 0.625559
vt 0.315465 0.627483
vt 0.331286 0.617404
vt 0.326185 0.649931
vt 0.332141 0.645350
vt 0.336203 0.639669
vt 0.392614 0.671096
vt 0.394568 0.641349
vt 0.375877 0.557634
vt 0.463806 0.640952
vt 0.457484 0.640341
vt 0.451803 0.639944
vt 0.319130 0.649595
vt 0.530204 0.651183
vt 0.534602 0.654024
vt 0.534785 0.644678
vt 0.554271 0.845337
vt 0.556745 0.867327
vt 0.392278 0.845795
vt 0.385620 0.845276
vt 0.390720 0.869373
vt 0.380519 0.867480
vt 0.367325 0.846009
vt 0.482376 0.640982
vt 0.534785 0.644678
vt 0.476298 0.641013
vt 0.470281 0.641349
vt 0.556653 0.745160
vt 0.552469 0.887790
vt 0.552438 0.918912
vt 0.547918 0.887973
vt 0.578979 0.804747
vt 0.590188 0.818216
vt 0.590188 0.818216
vt 0.539580 0.919003
vt 0.539733 0.887851
vt 0.544100 0.919064
vt 0.530540 0.642082
vt 0.479993 0.641135
vt 0.598709 0.835014
vt 0.337119 0.843535
vt 0.350924 0.848177
vt 0.347442 0.871664
vt 0.353978 0.873191
vt 0.360270 0.847047
vt 0.363232 0.870473
vt 0.372334 0.867174
vt 0.376365 0.845581
vt 0.465608 0.919156
vt 0.530754 0.887729
vt 0.533380 0.918881
vt 0.465578 0.888034
vt 0.530723 0.918851
vt 0.340296 0.862959
vt 0.533502 0.887759
vt 0.533502 0.887759
vt 0.533380 0.918881
vt 0.610254 0.824538
vt 0.611536 0.834464
vt 0.599564 0.824599
vt 0.587286 0.826279
vt 0.535976 0.887790
vt 0.535793 0.918912
vt 0.530754 0.887729
vt 0.530723 0.918851
vt 0.575558 0.773991
vt 0.580995 0.772220
vt 0.547888 0.919095
vt 0.544192 0.887942
vt 0.583621 0.800135
vt 0.554240 0.767120
vt 0.570397 0.539004
vt 0.585087 0.519671
vt 0.576016 0.537935
vt 0.501037 0.511791
vt 0.506137 0.469185
vt 0.502014 0.488793
vt 0.392155 0.767761
vt 0.385406 0.768372
vt 0.380000 0.746260
vt 0.390476 0.744183
vt 0.701757 0.547586
vt 0.700596 0.565361
vt 0.722830 0.547586
vt 0.724663 0.576081
vt 0.642781 0.644525
vt 0.638230 0.670455
vt 0.633527 0.646113
vt 0.723105 0.529475
vt 0.725121 0.406758
vt 0.709636 0.406208
vt 0.679339 0.427984
vt 0.701451 0.529505
vt 0.687249 0.428137
vt 0.679828 0.433818
vt 0.009560 0.110595
vt 0.270141 0.113252
vt 0.009560 0.356395
vt 0.273990 0.231021
vt 0.261468 0.112092
vt 0.261437 0.353463
vt 0.624242 0.978438
vt 0.997706 0.978438
vt 0.997706 0.938184
vt 0.136613 0.361037
vt 0.144829 0.111511
vt 0.278052 0.663186
vt 0.591959 0.982836
vt 0.587806 0.934305
vt 0.591471 0.934152
vt 0.283793 0.658971
vt 0.211074 0.693025
vt 0.223382 0.745954
vt 0.235110 0.703654
vt 0.250778 0.754689
vt 0.193573 0.680748
vt 0.196383 0.730683
vt 0.174363 0.668836
vt 0.169965 0.713580
vt 0.145806 0.701180
vt 0.147180 0.658971
vt 0.022021 0.741464
vt 0.026296 0.717184
vt 0.011942 0.723964
vt 0.019852 0.709884
vt 0.009834 0.700294
vt 0.017195 0.699867
vt 0.018936 0.676166
vt 0.016034 0.678426
vt 0.012400 0.684290
vt 0.035734 0.719933
vt 0.036161 0.745252
vt 0.057021 0.735998
vt 0.053692 0.713213
vt 0.080691 0.721490
vt 0.075988 0.695194
vt 0.358590 0.987264
vt 0.276463 0.684962
vt 0.274020 0.674151
vt 0.375999 0.768280
vt 0.371723 0.746809
vt 0.366897 0.768127
vt 0.353490 0.741648
vt 0.362591 0.743908
vt 0.359873 0.767364
vt 0.347229 0.743175
vt 0.340021 0.751055
vt 0.350649 0.766356
vt 0.336753 0.771090
vt 0.554271 0.845337
vt 0.554240 0.767120
vt 0.392155 0.767761
vt 0.392278 0.845795
vt 0.385406 0.768372
vt 0.385620 0.845276
vt 0.375999 0.768280
vt 0.376365 0.845581
vt 0.366897 0.768127
vt 0.367325 0.846009
vt 0.359873 0.767364
vt 0.360270 0.847047
vt 0.350924 0.848177
vt 0.337119 0.843535
vt 0.350649 0.766356
vt 0.336753 0.771090
vt 0.202705 0.671585
vt 0.434669 0.938031
vt 0.434853 0.986714
vt 0.204324 0.954768
vt 0.434853 0.986714
vt 0.434669 0.938031
vt 0.206889 0.672959
vt 0.431829 0.986745
vt 0.431646 0.938061
vt 0.205515 0.679923
vt 0.208508 0.953332
vt 0.438457 0.986653
vt 0.207134 0.946369
vt 0.444260 0.937848
vt 0.444504 0.986531
vt 0.438243 0.937970
vt 0.214067 0.679007
vt 0.426332 0.986806
vt 0.409076 0.938306
vt 0.426179 0.938123
vt 0.600144 0.982744
vt 0.024891 0.685146
vt 0.599625 0.933908
vt 0.022265 0.689666
vt 0.327163 0.924348
vt 0.322307 0.938947
vt 0.315984 0.949820
vt 0.325239 0.907123
vt 0.257894 0.843871
vt 0.230681 0.774694
vt 0.202919 0.774969
vt 0.230865 0.844146
vt 0.203102 0.844421
vt 0.175065 0.844695
vt 0.174912 0.775274
vt 0.147272 0.844970
vt 0.147089 0.775549
vt 0.122106 0.775793
vt 0.122289 0.845215
vt 0.099902 0.776007
vt 0.100085 0.845459
vt 0.078004 0.776251
vt 0.078187 0.845703
vt 0.054456 0.776526
vt 0.054670 0.845978
vt 0.029442 0.776801
vt 0.029625 0.846223
vt 0.008002 0.846436
vt 0.007849 0.777015
vt 0.605367 0.982103
vt 0.604878 0.933419
vt 0.603138 0.982194
vt 0.602679 0.933511
vt 0.600144 0.982744
vt 0.599625 0.933908
vt 0.252427 0.871511
vt 0.272615 0.926089
vt 0.255756 0.925020
vt 0.279457 0.869648
vt 0.283641 0.934274
vt 0.295827 0.843443
vt 0.280190 0.774175
vt 0.308624 0.843291
vt 0.295644 0.773991
vt 0.308410 0.773839
vt 0.317725 0.843168
vt 0.317450 0.773717
vt 0.409198 0.986989
vt 0.233369 0.687436
vt 0.403212 0.938367
vt 0.215685 0.947163
vt 0.403334 0.987050
vt 0.235415 0.687314
vt 0.235018 0.938794
vt 0.233430 0.691498
vt 0.401746 0.938367
vt 0.401868 0.987050
vt 0.237065 0.938886
vt 0.235079 0.934732
vt 0.409198 0.986989
vt 0.409076 0.938306
vt 0.241493 0.693209
vt 0.397042 0.938397
vt 0.397164 0.987081
vt 0.243142 0.933022
vt 0.596968 0.982836
vt 0.596449 0.934060
vt 0.594006 0.934060
vt 0.594525 0.982713
vt 0.591471 0.934152
vt 0.591959 0.982836
vt 0.027121 0.940383
vt 0.596449 0.934060
vt 0.596968 0.982836
vt 0.024433 0.936046
vt 0.457270 0.937573
vt 0.444504 0.986531
vt 0.444260 0.937848
vt 0.404616 0.938367
vt 0.526692 0.984699
vt 0.509039 0.985126
vt 0.508764 0.936443
vt 0.490714 0.936840
vt 0.490988 0.985523
vt 0.471381 0.937267
vt 0.336753 0.771090
vt 0.337119 0.843535
vt 0.326216 0.773594
vt 0.326521 0.843016
vt 0.554240 0.767120
vt 0.554271 0.845337
vt 0.306914 0.960174
vt 0.315862 0.890019
vt 0.317450 0.773717
vt 0.317725 0.843168
vt 0.358498 0.938581
vt 0.278143 0.941360
vt 0.358590 0.987264
vt 0.275669 0.952141
vt 0.367508 0.938703
vt 0.367600 0.987386
vt 0.362896 0.938733
vt 0.363019 0.987417
vt 0.358498 0.938581
vt 0.325452 0.701974
vt 0.320627 0.687436
vt 0.323528 0.719108
vt 0.314274 0.676563
vt 0.314182 0.736181
vt 0.257711 0.774419
vt 0.280373 0.843626
vt 0.305234 0.666240
vt 0.367508 0.938703
vt 0.375877 0.987295
vt 0.367600 0.987386
vt 0.587806 0.934305
vt 0.588264 0.982988
vt 0.375755 0.938611
vt 0.403334 0.987050
vt 0.387788 0.987172
vt 0.387666 0.938489
vt 0.404739 0.987050
vt 0.403212 0.938367
vt 0.102528 0.704998
vt 0.526386 0.936015
vt 0.543245 0.984271
vt 0.301447 0.878872
vt 0.471625 0.985951
vt 0.457545 0.986256
vt 0.097397 0.674517
vt 0.123816 0.696507
vt 0.542940 0.935588
vt 0.572657 0.983477
vt 0.285443 0.967443
vt 0.296132 0.966862
vt 0.121464 0.659674
vt 0.559646 0.935160
vt 0.559982 0.983843
vt 0.279670 0.963167
vt 0.018722 0.691284
vt 0.349061 0.938581
vt 0.341548 0.938611
vt 0.349122 0.987264
vt 0.341578 0.987295
vt 0.236759 0.922577
vt 0.572290 0.934793
vt 0.578796 0.934610
vt 0.579193 0.983294
vt 0.588264 0.982988
vt 0.353429 0.987234
vt 0.023059 0.677266
vt 0.333607 0.938642
vt 0.565663 0.845245
vt 0.198063 0.895425
vt 0.225031 0.880246
vt 0.583896 0.934427
vt 0.584324 0.983110
vt 0.353367 0.938550
vt 0.565602 0.767120
vt 0.333638 0.987325
vt 0.212692 0.933144
vt 0.175920 0.957181
vt 0.147425 0.924654
vt 0.171583 0.912406
vt 0.195161 0.945361
vt 0.148738 0.966862
vt 0.123053 0.965977
vt 0.125465 0.929143
vt 0.099016 0.950950
vt 0.104208 0.920500
vt 0.077637 0.930151
vt 0.082371 0.903885
vt 0.055372 0.912070
vt 0.037780 0.880185
vt 0.058671 0.889286
vt 0.023609 0.884277
vt 0.037444 0.905473
vt 0.028037 0.908467
vt 0.019150 0.926120
vt 0.013622 0.902236
vt 0.021685 0.915949
vt 0.011789 0.926089
vt 0.018356 0.947682
vt 0.014629 0.942032
vt 0.021318 0.949728
vt 0.025411 0.948262
vt 0.020860 0.934641
vt 0.552286 0.643151
vt 0.553935 0.721704
vt 0.542940 0.722651
vt 0.545322 0.643762
vt 0.541382 0.644006
vt 0.546880 0.722345
vt 0.534602 0.654024
vt 0.470098 0.721124
vt 0.536465 0.723292
vt 0.471350 0.651580
vt 0.475229 0.721338
vt 0.470098 0.721124
vt 0.475901 0.651672
vt 0.478497 0.721124
vt 0.465700 0.650511
vt 0.480940 0.651183
vt 0.478894 0.651428
vt 0.464020 0.720238
vt 0.478497 0.721124
vt 0.458736 0.649565
vt 0.456995 0.719352
vt 0.480696 0.721002
vt 0.452323 0.648984
vt 0.429691 0.638295
vt 0.438426 0.639028
vt 0.450643 0.718680
vt 0.436777 0.717611
vt 0.419093 0.716084
vt 0.428042 0.716878
vt 0.428042 0.716878
vt 0.429691 0.638295
vt 0.420804 0.637501
vt 0.398264 0.651031
vt 0.397653 0.662697
vt 0.396706 0.643853
vt 0.606558 0.614991
vt 0.610865 0.582831
vt 0.679706 0.597918
vt 0.631297 0.563070
vt 0.708659 0.730531
vt 0.646782 0.751879
vt 0.639635 0.734287
vt 0.144859 0.102654
vt 0.659701 0.617221
vt 0.678423 0.416928
vt 0.677690 0.559925
vt 0.672101 0.614716
vt 0.651149 0.562551
vt 0.658387 0.535827
vt 0.659273 0.674120
vt 0.724663 0.576081
vt 0.678301 0.528314
vt 0.699833 0.576081
vt 0.723960 0.565361
vt 0.699833 0.576081
vt 0.686730 0.433940
vt 0.688135 0.510508
vt 0.678942 0.507943
vt 0.655822 0.873038
vt 0.950672 0.873038
vt 0.655822 0.908375
vt 0.505801 0.533109
vt 0.516735 0.456907
vt 0.515513 0.549235
vt 0.541565 0.553541
vt 0.528310 0.556596
vt 0.510321 0.027735
vt 0.496975 0.027644
vt 0.559310 0.503300
vt 0.656494 0.479966
vt 0.547155 0.455075
vt 0.665656 0.706158
vt 0.659120 0.755666
vt 0.688746 0.709060
vt 0.712232 0.758965
vt 0.725213 0.439132
vt 0.726526 0.461764
vt 0.709026 0.438552
vt 0.707346 0.461092
vt 0.728328 0.483967
vt 0.728633 0.498627
vt 0.704567 0.497803
vt 0.705147 0.483143
vt 0.727351 0.695133
vt 0.697084 0.695133
vt 0.723960 0.647091
vt 0.699985 0.608089
vt 0.724877 0.422243
vt 0.700535 0.647091
vt 0.621004 0.731691
vt 0.629434 0.773472
vt 0.634657 0.773717
vt 0.619935 0.814703
vt 0.990528 0.849490
vt 0.639055 0.808504
vt 0.639116 0.841305
vt 0.611811 0.721582
vt 0.624639 0.724331
vt 0.605123 0.707716
vt 0.709667 0.421693
vt 0.724510 0.608089
vt 0.639177 0.852270
vt 0.585087 0.519671
vt 0.590188 0.818216
vt 0.611811 0.721582
vt 0.621004 0.731691
vt 0.599564 0.824599
vt 0.627327 0.750291
vt 0.725213 0.670119
vt 0.699252 0.670119
vt 0.996179 0.816811
vt 0.999416 0.819804
vt 0.580995 0.772220
vt 0.576016 0.537935
vt 0.600572 0.719077
vt 0.583621 0.800135
vt 0.605123 0.707716
vt 0.600572 0.719077
vt 0.613735 0.712206
vt 0.996667 0.806366
vt 0.639116 0.841305
vt 0.639055 0.819499
vt 0.990559 0.838526
vt 0.996179 0.816811
vt 0.600572 0.719077
vt 1.000760 0.808290
vt 0.999416 0.819804
vt 0.639055 0.819499
vt 0.996179 0.816811
vt 0.627327 0.750291
vt 0.632183 0.746412
vt 0.990559 0.838526
vt 0.610254 0.824538
vt 0.626777 0.796501
vt 0.629434 0.773472
vt 0.996667 0.806366
vt 0.590249 0.516891
vt 0.619935 0.814703
vt 0.624242 0.978438
vt 0.950672 0.908375
vt 0.323070 0.468788
vt 0.537534 0.413874
vt 0.624242 0.978438
vt 0.483658 0.413538
vt 0.471350 0.413447
vt 0.459683 0.413355
vt 0.523607 0.413813
vt 0.496303 0.413630
vt 0.664099 0.414577
vt 0.570488 0.414088
vt 0.309143 0.412011
vt 0.570488 0.414088
vt 0.550911 0.413966
vt 0.416283 0.412988
vt 0.563525 0.414027
vt 0.429966 0.413111
vt 0.464570 0.537965
vt 0.297507 0.631972
vt 0.297507 0.590161
vt 0.532983 0.454159
vt 0.564075 0.028041
vt 0.571038 0.028102
vt 0.294483 0.659552
vt 0.299797 0.747329
vt 0.281961 0.692048
vt 0.277807 0.756552
vt 0.254107 0.701180
vt 0.270966 0.700111
vt 0.997706 0.938184
vt 0.283702 0.590161
vt 0.624242 0.938184
vt 0.997706 0.978438
vt 0.325819 0.465765
vt 0.446306 0.413233
vt 0.322398 0.467933
vt 0.416772 0.027002
vt 0.447100 0.027247
vt 0.460447 0.027369
vt 0.430791 0.027125
vt 0.670421 0.028621
vt 0.484361 0.027552
vt 0.524218 0.027827
vt 0.472083 0.027461
vt 0.642658 0.696568
vt 0.642872 0.664927
vt 0.689509 0.526634
vt 0.657990 0.505560
vt 0.660464 0.643975
vt 0.552499 0.540867
vt 0.657074 0.463107
vt 0.558913 0.521534
vt 0.571038 0.034210
vt 0.667336 0.034730
vt 0.305203 0.406911
vt 0.570519 0.408988
vt 0.667336 0.034730
vt 0.670421 0.028621
vt 0.682790 0.534300
vt 0.688288 0.417081
vt 0.283702 0.631972
vt 0.624242 0.938184
vt 0.663244 0.458709
vt 0.672864 0.028621
vt 0.669902 0.414607
vt 0.666848 0.409507
vt 0.661930 0.479630
vt 0.672345 0.414607
vt 0.524187 0.033935
vt 0.322398 0.467933
vt 0.509680 0.408621
vt 0.496333 0.408529
vt 0.510291 0.033844
vt 0.496944 0.033752
vt 0.483689 0.408468
vt 0.471381 0.408377
vt 0.484361 0.033691
vt 0.302088 0.411950
vt 0.435311 0.447195
vt 0.325513 0.448936
vt 0.301172 0.025964
vt 0.551461 0.027980
vt 0.660953 0.028560
vt 0.300255 0.411950
vt 0.306181 0.032133
vt 0.538114 0.027888
vt 0.009560 0.101830
vt 0.269744 0.105159
vt 0.285076 0.571775
vt 0.225795 0.364458
vn 0.941876 -0.300474 0.150283
vn 0.932420 0.335458 0.134388
vn 0.006092 -0.007591 0.999953
vn -0.012695 0.000667 0.999919
vn 0.012695 0.000667 0.999919
vn -0.506111 -0.862454 0.005072
vn 0.000396 0.004367 0.999990
vn 0.469568 -0.863386 0.184579
vn 0.506111 -0.862454 0.005072
vn 0.951854 -0.287932 0.105212
vn 0.841907 0.521982 0.136849
vn 0.006088 -0.008804 0.999943
vn 0.660328 -0.734860 0.154755
vn 0.021938 -0.003970 0.999751
vn 0.517598 -0.855622 0.001823
vn 0.005472 -0.009376 0.999941
vn -0.006657 -0.004571 0.999967
vn -0.517598 -0.855622 0.001823
vn 0.002510 -0.009598 0.999951
vn 0.000000 0.000000 -1.000000
vn 0.548317 0.836259 -0.004286
vn 0.734590 0.678504 0.003062
vn 0.006657 -0.004571 0.999967
vn -0.013844 -0.001636 0.999903
vn -0.006092 -0.007591 0.999953
vn 0.000775 -0.000163 1.000000
vn 0.971334 0.237531 0.009423
vn 0.871094 0.491058 0.007578
vn 0.968322 0.249480 0.010604
vn -0.535056 0.844599 -0.019197
vn 0.000000 0.000000 -1.000000
vn -0.971334 0.237531 0.009423
vn 0.591362 0.806403 -0.002221
vn -0.548317 0.836259 -0.004286
vn 0.570847 0.821056 0.000561
vn -0.974215 0.225473 0.008233
vn 0.000000 0.000000 1.000000
vn -0.968322 0.249480 0.010604
vn 0.457314 0.889305 0.000000
vn 0.979275 0.169560 0.110766
vn -0.021938 -0.003970 0.999751
vn -0.844485 0.535580 0.000000
vn 0.000000 -1.000000 0.000000
vn 0.127992 0.991775 -0.000155
vn 0.000000 -1.000000 0.000000
vn -0.988160 -0.153430 0.000000
vn -0.169292 -0.002018 0.985564
vn -0.172810 0.004435 0.984945
vn -0.172749 0.000487 -0.984966
vn -0.172680 -0.000926 -0.984977
vn -0.172000 -0.002424 -0.985094
vn -0.159455 -0.017889 -0.987043
vn -0.171792 -0.001848 -0.985132
vn -0.171724 -0.000959 0.985145
vn -0.171631 -0.000075 0.985161
vn -0.175330 0.000074 0.984510
vn -0.194760 -0.006508 0.980829
vn -0.993248 -0.116012 0.000178
vn -0.160053 0.002808 0.987104
vn -0.160918 -0.019107 0.986783
vn -0.158614 -0.017742 0.987181
vn -0.160874 0.002571 -0.986972
vn -0.171731 -0.000306 -0.985144
vn -0.991986 0.126345 0.000000
vn -0.171330 0.000773 0.985213
vn -0.277001 0.960869 0.000000
vn -0.998400 -0.056548 0.000389
vn 0.010520 -0.004246 0.999936
vn 0.018340 -0.002961 -0.999827
vn 0.019178 -0.007068 -0.999791
vn 0.015558 0.004251 -0.999870
vn -0.570847 0.821056 0.000561
vn -0.570847 0.821056 0.000561
vn -0.591362 0.806403 -0.002221
vn -0.941876 -0.300474 0.150283
vn 0.535056 0.844599 -0.019197
vn 0.500894 0.858209 -0.112168
vn -0.951854 -0.287932 0.105212
vn 0.022617 0.074766 0.996945
vn 0.449904 0.892992 -0.012350
vn 0.293059 0.258315 0.920538
vn 0.247577 0.428658 0.868883
vn 0.325846 -0.945423 0.000000
vn 0.503762 -0.863843 0.000000
vn 0.998625 -0.052395 0.001408
vn -0.171736 -0.001172 0.985142
vn 0.171736 -0.001172 -0.985142
vn -0.871094 0.491058 0.007578
vn -0.982245 -0.187555 0.004164
vn -0.980244 -0.197785 0.001882
vn -0.980244 -0.197785 0.001882
vn 0.000000 0.000000 -1.000000
vn -0.978139 -0.207951 -0.000390
vn 0.000000 0.000000 -1.000000
vn 0.000000 0.000000 -1.000000
vn 0.000000 0.000000 -1.000000
vn 0.000000 0.000000 -1.000000
vn 0.006531 0.009786 -0.999931
vn 0.000000 0.000000 -1.000000
vn 0.000000 0.000000 -1.000000
vn 0.012235 0.005805 -0.999908
vn 0.006343 0.010410 -0.999926
vn 0.559754 0.828659 -0.000223
vn 0.000000 -1.000000 0.000000
vn -0.998433 -0.055949 0.000773
vn -0.171139 0.000636 0.985247
vn -0.175012 0.001271 -0.984566
vn -0.173683 -0.000248 -0.984802
vn -0.172762 0.003714 0.984957
vn -0.172297 0.000022 -0.985045
vn -0.161695 -0.019168 -0.986655
vn 0.172749 0.000487 -0.984966
vn -0.171839 -0.029749 0.984676
vn -0.171832 0.000458 -0.985126
vn -0.172033 0.001415 0.985090
vn -0.171900 0.002028 0.985112
vn 0.978472 -0.206381 -0.000053
vn -0.993121 -0.117095 0.000000
vn 0.000000 0.000000 -1.000000
vn 0.007356 0.314155 0.949343
vn 0.146784 0.349687 0.925296
vn 0.002023 0.312431 0.949938
vn 0.000000 0.000000 -1.000000
vn 0.000000 0.000000 -1.000000
vn 0.000000 0.000000 -1.000000
vn -0.006370 0.003509 0.999974
vn 0.000000 0.000000 -1.000000
vn -0.010520 -0.004246 0.999936
vn 0.000000 0.000000 -1.000000
vn 0.000000 0.000000 -1.000000
vn 0.000000 0.000000 -1.000000
vn 0.000000 0.000000 -1.000000
vn 0.000000 0.000000 -1.000000
vn 0.000000 0.000000 -1.000000
vn 0.000000 0.000000 -1.000000
vn 0.000000 0.000000 -1.000000
vn 0.000000 0.000000 -1.000000
vn 0.000000 0.000000 -1.000000
vn 0.000000 0.000000 -1.000000
vn 0.000000 0.000000 -1.000000
vn 0.995547 0.094177 0.004153
vn 0.995177 0.098070 0.002213
vn 0.031648 -0.999302 -0.019827
vn -0.988160 -0.153430 0.000000
vn 0.039013 -0.998940 -0.024440
vn 0.070152 -0.996568 -0.043948
vn -0.172599 -0.029757 -0.984543
vn -0.195828 -0.006195 -0.980619
vn 0.000000 0.000000 -1.000000
vn 0.000000 0.000000 -1.000000
vn -0.999925 0.012283 0.000000
vn -0.954322 0.298779 0.000000
vn -0.172301 -0.001059 -0.985044
vn 0.560551 0.828120 -0.000434
vn 0.179619 -0.983736 0.000000
vn 0.469851 -0.882746 -0.000049
vn -0.000175 0.314356 0.949305
vn -0.000056 0.316135 0.948714
vn 0.081554 0.255160 0.963453
vn 0.630184 -0.776446 0.000000
vn 0.813124 -0.582091 0.000000
vn 0.962842 -0.270065 0.000000
vn 0.962842 -0.270065 0.000000
vn -0.148715 0.988880 0.000000
vn -0.148715 0.988880 0.000000
vn -0.588249 0.808680 0.000000
vn -0.357217 0.934021 0.000000
vn 0.006370 0.003509 0.999974
vn 0.002087 0.008149 0.999965
vn -0.008834 0.018803 0.999784
vn -0.000396 0.004367 0.999990
vn -0.024286 0.021921 0.999465
vn -0.006088 -0.008804 0.999943
vn -0.002510 -0.009598 0.999951
vn -0.005472 -0.009376 0.999941
vn 0.003058 -0.009332 0.999952
vn 0.000000 0.000000 -1.000000
vn 0.000000 0.000000 -1.000000
vn 0.004075 -0.011616 0.999924
vn 0.000000 0.000000 -1.000000
vn -0.211850 0.972240 0.099340
vn -0.706621 0.555276 0.438583
vn 0.248026 0.964859 -0.086772
vn -0.827048 -0.087772 0.555237
vn -0.469568 -0.863386 0.184579
vn -0.306585 -0.938392 0.159454
vn -0.635123 -0.650381 0.416681
vn -0.660328 -0.734860 0.154755
vn -0.932420 0.335458 0.134388
vn -0.841907 0.521982 0.136849
vn -0.979275 0.169560 0.110766
vn -0.423926 0.902300 0.078367
vn -0.386920 0.915829 0.107476
vn -0.636183 0.758868 0.139253
vn -0.404699 0.909645 0.093614
vn 0.008202 0.001800 -0.999965
vn -0.895565 -0.333337 0.294702
vn 0.008379 0.001826 -0.999963
vn 0.008173 0.001620 -0.999965
vn 0.007081 -0.003694 -0.999968
vn 0.008038 0.001618 -0.999966
vn 0.362883 -0.931810 0.006818
vn 0.925404 -0.378949 0.005055
vn 0.363337 -0.931632 0.006894
vn 0.926908 -0.375244 0.005738
vn 0.926908 -0.375244 0.005738
vn 0.928457 -0.371383 0.006449
vn 0.977070 0.212819 0.006496
vn 0.977055 0.212879 0.006753
vn 0.977055 0.212879 0.006753
vn 0.977040 0.212939 0.007009
vn 0.005661 -0.005548 -0.999969
vn 0.004155 -0.007229 -0.999965
vn 0.001453 -0.008072 -0.999966
vn 0.001372 -0.008015 -0.999967
vn 0.003600 -0.006906 -0.999970
vn 0.001236 -0.008006 -0.999967
vn 0.001320 -0.007800 -0.999969
vn 0.012172 0.008693 -0.999888
vn 0.010635 0.009689 -0.999897
vn 0.015797 0.023217 -0.999606
vn 0.014572 0.025127 -0.999578
vn 0.999947 0.010284 -0.000497
vn 0.982919 -0.183991 0.004296
vn 0.999730 0.023027 0.003096
vn 0.908489 -0.417845 0.007284
vn 0.511198 -0.859433 0.007178
vn 0.512214 -0.858825 0.007442
vn 0.151286 -0.988466 0.006822
vn 0.151949 -0.988364 0.006947
vn 0.107926 -0.994134 0.007018
vn 0.218417 -0.975830 0.007104
vn -0.976415 -0.215801 -0.006564
vn -0.980355 -0.197131 -0.006580
vn -0.980389 -0.196961 -0.006618
vn -0.918988 0.394227 -0.006784
vn -0.006715 -0.001463 0.999976
vn -0.006428 -0.001291 0.999979
vn -0.006541 -0.001291 0.999978
vn -0.006566 -0.001441 0.999977
vn -0.005654 0.002967 0.999980
vn -0.003323 0.005789 0.999978
vn -0.001101 0.006414 0.999979
vn -0.004522 0.004438 0.999980
vn -0.976417 -0.215794 -0.006536
vn -0.008314 -0.006021 0.999947
vn -0.015692 -0.022898 0.999615
vn -0.012243 -0.008612 0.999888
vn -0.001168 0.006460 0.999978
vn 0.000010 0.006538 0.999979
vn -0.003970 0.006693 0.999970
vn -0.000799 0.006950 0.999976
vn -0.014444 -0.024861 0.999587
vn -0.232459 0.972593 -0.005036
vn -0.999528 0.030706 -0.001235
vn -0.878890 0.477015 -0.002918
vn -0.999303 0.037320 0.000910
vn -0.124781 0.992160 -0.006972
vn -0.115389 0.993296 -0.007029
vn -0.459729 0.888034 -0.006694
vn -0.223001 0.974794 -0.006920
vn -0.816901 0.576741 -0.006533
vn -0.599721 0.800182 -0.006592
vn -0.162789 -0.986661 0.000437
vn 0.000000 0.000000 1.000000
vn -0.158609 -0.987341 0.000953
vn -0.881368 0.472419 -0.003204
vn -0.347203 -0.937789 -0.000869
vn 0.000000 0.000000 -1.000000
vn 0.000000 0.000000 -1.000000
vn 0.802363 0.596836 -0.000145
vn 0.765897 0.642963 0.000650
vn 0.780942 0.624603 0.000503
vn 0.000000 0.000000 1.000000
vn 0.764201 0.644977 0.001302
vn -0.489471 -0.872018 -0.001634
vn -0.461961 -0.886899 -0.001588
vn 0.830002 0.557761 -0.000269
vn 0.831030 0.556227 -0.000537
vn 0.000000 0.000000 1.000000
vn 0.000000 0.000000 -1.000000
vn 0.000000 0.000000 -1.000000
vn 0.943849 0.330377 0.000000
vn 0.000000 0.000000 -1.000000
vn 0.719624 0.694364 0.000000
vn -0.176752 0.984254 -0.001814
vn 0.043074 0.010886 -0.999013
vn 0.062235 0.998060 -0.001670
vn 0.000000 0.000000 -1.000000
vn 0.000000 0.000000 -1.000000
vn 0.000000 0.000000 -1.000000
vn -0.273759 -0.961798 0.000138
vn 0.000000 0.000000 1.000000
vn -0.175435 0.984489 -0.001900
vn 0.002140 0.006010 0.999980
vn 0.024583 -0.999697 -0.001446
vn 0.000000 0.000000 -1.000000
vn 0.024583 -0.999697 -0.001446
vn -0.000203 0.008259 0.999966
vn 0.000000 0.000000 -1.000000
vn -0.503314 -0.864103 -0.001251
vn -0.503721 -0.863865 -0.001580
vn 0.963404 0.268053 0.000388
vn -0.001751 0.001996 -0.999996
vn -0.001545 0.001483 -0.999998
vn -0.380628 -0.924727 -0.001430
vn -0.269039 -0.963128 -0.001393
vn 0.001940 0.000417 0.999998
vn 0.000000 0.000000 -1.000000
vn 0.000000 0.727394 -0.686220
vn 0.000000 0.000000 -1.000000
vn -0.370964 -0.928646 -0.001469
vn -0.330486 -0.943809 -0.001709
vn -0.000780 0.000889 -0.999999
vn -0.416851 0.908973 -0.001852
vn -0.417747 0.908561 -0.001950
vn 0.000000 0.000000 -1.000000
vn 0.000871 -0.000032 1.000000
vn 0.963404 0.268053 0.000388
vn 0.018382 0.021506 -0.999600
vn -0.987221 -0.159354 -0.000168
vn 0.000000 0.000000 -1.000000
vn 0.000000 0.000000 -1.000000
vn 0.059801 0.998209 -0.001416
vn 0.887628 0.460562 0.000000
vn -0.988012 -0.154377 -0.000802
vn -0.987621 -0.156857 -0.000486
vn -0.987621 -0.156857 -0.000486
vn 0.000000 0.000000 -1.000000
vn 0.000000 0.000000 -1.000000
vn 0.000000 0.000000 -1.000000
vn -0.019853 -0.003102 0.999798
vn 0.000000 0.000000 -1.000000
vn 0.000000 0.000000 -1.000000
vn -0.008469 -0.008030 0.999932
vn 0.000000 0.000000 -1.000000
vn 0.000000 0.000000 -1.000000
vn 0.000000 0.000000 -1.000000
vn 0.000000 0.000000 -1.000000
vn 0.000000 0.000000 -1.000000
vn 0.944143 -0.329321 0.011920
vn 0.000000 0.000000 -1.000000
vn 0.722900 -0.690856 0.011518
vn -0.039128 -0.999130 0.014406
vn 0.215897 -0.976242 -0.018455
vn -0.520160 0.853884 -0.017770
vn -0.902278 0.430626 -0.021337
vn 0.610625 -0.791626 -0.021570
vn -0.998793 0.046812 0.014883
vn 0.000000 0.000000 -1.000000
vn -0.990807 0.133663 -0.020887
vn 0.000000 0.000000 1.000000
vn 0.375340 -0.926872 0.005287
vn -0.995290 0.096027 0.013281
vn 0.000000 0.000000 1.000000
vn 0.000645 0.314992 0.949094
vn 0.751534 0.026066 0.659180
vn -0.009521 0.999508 -0.029873
vn 0.524328 -0.016124 0.851364
vn 0.013265 -0.018411 0.999743
vn 0.000000 -0.018412 0.999830
vn 0.000000 -0.018333 0.999832
vn 0.003779 0.044186 0.999016
vn -0.000351 0.005357 -0.999986
vn -0.003143 0.001088 -0.999994
vn -0.004233 0.000419 -0.999991
vn -0.000643 0.005065 -0.999987
vn 0.000231 0.005811 -0.999983
vn -0.000252 0.005174 -0.999987
vn 0.001419 0.006485 -0.999978
vn 0.000578 0.005283 -0.999986
vn 0.001536 0.005575 -0.999983
vn 0.002033 0.006306 -0.999978
vn 0.001987 0.006385 -0.999978
vn 0.001858 0.006348 -0.999978
vn 0.001585 0.006634 -0.999977
vn 0.001245 0.006845 -0.999976
vn 0.000682 0.007414 -0.999972
vn -0.000789 0.008027 -0.999967
vn -0.001208 0.008028 -0.999967
vn -0.003073 0.009324 -0.999952
vn -0.002662 0.008526 -0.999960
vn -0.003632 0.009631 -0.999947
vn -0.003323 0.010882 -0.999935
vn 0.001149 0.011805 -0.999930
vn -0.000341 0.012228 -0.999925
vn -0.001927 0.012374 -0.999922
vn -0.002679 0.011617 -0.999929
vn 0.015564 -0.014327 -0.999776
vn 0.005926 -0.021098 -0.999760
vn -0.950132 -0.311353 0.017549
vn 0.000000 0.000000 -1.000000
vn 0.000000 0.000000 -1.000000
vn 0.000000 0.000000 -1.000000
vn -0.782447 -0.622568 0.013618
vn 0.000484 -0.012391 -0.999923
vn -0.412921 -0.910767 0.000479
vn -0.281862 -0.959454 0.001014
vn -0.410496 -0.911862 0.000801
vn -0.114654 -0.993405 0.001382
vn 0.085705 -0.996319 0.001483
vn 0.085705 -0.996319 0.001483
vn 0.912818 0.408366 -0.000023
vn 0.914388 0.404839 0.000636
vn 0.015728 -0.017652 -0.999720
vn 0.750494 0.660877 -0.000405
vn 0.547871 0.836563 -0.000327
vn -0.002242 -0.015032 -0.999884
vn 0.751860 0.659323 -0.000190
vn 0.548767 0.835975 -0.000529
vn 0.000498 0.015331 0.999882
vn -0.020916 0.018593 0.999608
vn 0.804407 -0.594078 0.000582
vn 0.805858 -0.592109 0.000103
vn 0.000000 0.000000 1.000000
vn 0.000000 0.000000 1.000000
vn 0.000000 0.000000 1.000000
vn 0.000000 0.000000 1.000000
vn 0.000000 0.000000 1.000000
vn 0.000000 0.000000 1.000000
vn 0.345176 -0.938538 -0.000333
vn 0.343751 -0.939061 -0.000845
vn 0.215504 -0.976502 -0.001111
vn -0.064313 -0.997928 -0.001787
vn 0.111781 -0.993732 -0.001613
vn -0.175532 -0.984472 -0.001842
vn 0.999693 0.024786 0.000036
vn 0.984720 0.174143 0.000252
vn 0.999693 0.024786 0.000036
vn 0.971938 0.235238 0.000340
vn -0.327359 -0.944899 -0.001525
vn -0.327764 -0.944758 -0.001753
vn -0.315257 -0.949005 -0.001835
vn -0.303487 -0.952834 -0.001985
vn -0.245167 -0.969479 -0.001989
vn -0.116441 -0.993196 -0.001945
vn -0.053334 -0.998575 -0.001769
vn -0.207082 -0.978322 -0.001957
vn 0.103111 -0.994669 -0.001603
vn 0.194781 -0.980846 -0.001465
vn 0.326286 -0.945270 -0.001479
vn 0.380570 -0.924751 -0.001522
vn 0.349125 -0.937075 -0.001626
vn 0.368455 -0.929644 -0.001523
vn 0.255651 -0.966768 -0.001754
vn 0.008305 -0.999964 -0.001653
vn -0.109039 -0.994037 -0.001408
vn 0.179961 -0.983672 -0.001740
vn 0.001210 -0.008028 0.999967
vn 0.000791 -0.008027 0.999967
vn 0.002660 -0.008527 0.999960
vn 0.003071 -0.009328 0.999952
vn 0.003631 -0.009639 0.999947
vn 0.003324 -0.010886 0.999935
vn -0.001148 -0.011822 0.999929
vn 0.002683 -0.011612 0.999929
vn 0.228268 0.973598 0.000000
vn -0.454937 -0.890523 -0.000967
vn -0.441012 -0.897499 -0.001945
vn -0.409270 -0.909220 0.076269
vn -0.772474 -0.627953 0.094650
vn -0.820636 0.571448 0.001929
vn -0.824591 0.565730 0.000376
vn -0.824591 0.565730 0.000376
vn -0.828541 0.559927 -0.001192
vn 0.000000 0.000000 1.000000
vn 0.052098 0.005244 0.998628
vn 0.023302 -0.006980 0.999704
vn -0.172599 -0.029757 0.984543
vn -0.195828 -0.006195 0.980619
vn -0.161695 -0.019168 0.986655
vn -0.193690 -0.006821 -0.981039
vn -0.172297 0.000022 0.985045
vn -0.172297 0.000022 -0.985045
vn -0.172030 -0.000389 -0.985092
vn -0.172680 -0.000926 0.984977
vn -0.159455 -0.017889 0.987043
vn -0.171736 -0.001172 -0.985142
vn -0.988160 -0.153430 0.000000
vn -0.988160 -0.153430 0.000000
vn -0.009627 -0.998447 -0.054868
vn -0.004553 -0.999653 -0.025951
vn 0.074341 -0.996803 -0.029293
vn 0.995563 0.094096 0.000000
vn 0.000000 -1.000000 0.000000
vn 0.995568 0.094042 -0.000029
vn -0.170191 0.000292 -0.985411
vn -0.172983 -0.000740 -0.984925
vn -0.174874 -0.000084 0.984591
vn -0.174426 -0.001042 0.984670
vn -0.172811 -0.002419 0.984952
vn -0.171877 -0.001763 0.985117
vn -0.015582 0.014337 0.999776
vn -0.005939 0.021096 0.999760
vn -0.024102 0.011757 0.999640
vn -0.401132 -0.916019 -0.001388
vn -0.770528 -0.637405 -0.001271
vn -0.970052 -0.242893 -0.001345
vn -0.521980 -0.852957 -0.001198
vn -0.885148 -0.465307 -0.001244
vn -0.969963 -0.243251 -0.001286
vn -0.810971 0.585084 -0.001456
vn -0.811463 0.584402 -0.001347
vn -0.811463 0.584402 -0.001347
vn -0.811959 0.583713 -0.001236
vn -0.001378 0.012572 0.999920
vn -0.000974 0.009232 0.999957
vn 0.005284 0.001873 0.999984
vn 0.004237 -0.000421 0.999991
vn 0.003143 -0.001090 0.999994
vn 0.000344 -0.005357 0.999986
vn 0.000639 -0.005069 0.999987
vn 0.000252 -0.005171 0.999987
vn -0.000232 -0.005810 0.999983
vn -0.000579 -0.005283 0.999986
vn -0.001421 -0.006489 0.999978
vn -0.001537 -0.005575 0.999983
vn -0.002036 -0.006304 0.999978
vn -0.001988 -0.006384 0.999978
vn -0.001584 -0.006635 0.999977
vn -0.000678 -0.007414 0.999972
vn -0.001243 -0.006845 0.999976
vn -0.001858 -0.006346 0.999978
vn -0.974663 0.223677 0.001175
vn -0.974680 0.223603 0.001195
vn -0.837609 -0.546267 0.001739
vn -0.786454 -0.617647 0.001493
vn -0.033632 0.999433 0.001446
vn -0.113301 0.993560 0.001469
vn -0.242667 0.970109 0.001485
vn -0.293240 0.956038 0.001575
vn -0.455497 0.890236 0.001666
vn -0.561542 0.827447 0.001626
vn -0.018339 0.002957 0.999827
vn -0.012234 -0.005811 0.999908
vn -0.019198 0.007052 0.999791
vn -0.015559 -0.004252 0.999870
vn -0.006524 -0.009805 0.999931
vn -0.006333 -0.010429 0.999926
vn 0.000346 -0.012231 0.999925
vn 0.001931 -0.012367 0.999922
vn -0.025512 0.029170 0.999249
vn -0.015917 0.017064 0.999728
vn 0.610367 -0.792118 0.000971
vn 0.612093 -0.790785 0.000890
vn -0.301666 -0.953412 0.001755
vn 0.171057 -0.985260 0.001307
vn -0.117518 0.993069 0.001860
vn -0.159830 0.987143 0.001563
vn -0.126208 -0.992002 0.001806
vn 0.052624 -0.998613 0.001672
vn -0.117180 0.993109 0.001648
vn -0.198424 0.980115 0.001622
vn -0.263931 0.964540 0.001791
vn -0.295531 0.955331 0.001837
vn -0.283346 0.959016 0.001681
vn -0.235557 0.971859 0.001491
vn -0.198329 0.980135 0.000000
vn 0.098328 0.995136 -0.005954
vn -0.216552 -0.976269 0.001831
vn -0.010036 -0.999948 -0.001997
vn -0.010026 -0.999948 -0.001994
vn -0.302343 -0.953198 0.001525
vn -0.005282 -0.001872 -0.999984
vn 0.000996 -0.009203 -0.999957
vn -0.010026 -0.999948 -0.001994
vn -0.010016 -0.999948 -0.001991
vn -0.838048 -0.545594 0.001537
vn -0.657222 -0.753695 0.001725
vn -0.726127 -0.687559 0.001484
vn -0.657793 -0.753198 0.001543
vn -0.643221 -0.765645 0.007366
vn 0.077705 0.996975 0.001443
vn 0.117695 0.993049 0.001623
vn -0.173110 0.003174 -0.984897
vn -0.776782 0.629768 0.001494
vn -0.887358 0.461078 0.001313
vn 0.021280 -0.016081 -0.999644
vn 0.039148 -0.033544 -0.998670
vn 0.194990 0.980804 0.001803
vn 0.281340 0.959607 0.001680
vn -0.170745 0.003020 -0.985311
vn -0.039013 -0.998940 -0.024440
vn 0.040265 -0.008088 -0.999156
vn 0.292770 0.956181 0.001678
vn 0.232680 0.972552 0.001833
vn 0.000000 -1.000000 0.000000
vn -0.974663 -0.222461 0.023324
vn -0.921393 -0.388632 0.000118
vn -0.993668 0.112358 0.000000
vn -0.915005 0.397548 0.068711
vn -0.601414 0.798937 0.000000
vn 0.560551 0.828120 0.000434
vn 0.286178 0.958175 0.001828
vn 0.266761 0.963761 0.001950
vn 0.203216 0.979132 0.001930
vn 0.010012 0.999949 0.001609
vn -0.925919 -0.377255 0.018782
vn -0.890769 -0.453401 0.030945
vn -0.999671 -0.025667 0.000000
vn -0.978285 -0.199401 0.056553
vn 0.127992 0.991775 0.000155
vn -0.277098 0.960842 0.000000
vn -0.087766 0.996140 0.001471
vn 0.156737 0.987639 0.001752
vn -0.959760 -0.277843 0.040794
vn -0.400152 0.916082 0.025907
vn -0.902573 -0.430538 0.000000
vn 0.559754 0.828659 0.000223
vn -0.844564 0.535455 0.000000
vn -0.998433 -0.055949 -0.000773
vn -0.991959 0.126556 0.000000
vn -0.172626 -0.001123 0.984987
vn -0.998400 -0.056548 -0.000389
vn -0.172239 0.000801 -0.985055
vn -0.172222 0.002086 -0.985056
vn -0.172966 0.001133 -0.984927
vn -0.160874 0.002571 0.986972
vn -0.171737 -0.000298 0.985143
vn -0.171832 0.000458 0.985126
vn -0.160484 0.003234 -0.987033
vn -0.158638 -0.016974 -0.987191
vn -0.160799 -0.018459 -0.986814
vn -0.954322 0.298779 0.000000
vn -0.171670 -0.029144 -0.984723
vn -0.999925 0.012283 0.000000
vn -0.993248 -0.116012 -0.000178
vn 0.979612 -0.200897 0.000051
vn -0.993121 -0.117095 0.000000
vn 0.998701 -0.050960 0.000053
vn 0.503762 -0.863843 0.000000
vn 0.469871 -0.882735 0.000049
vn 0.325821 -0.945431 0.000000
vn 0.179615 -0.983737 0.000000
vn 0.630155 -0.776469 0.000000
vn 0.813124 -0.582091 0.000000
vn 0.962842 -0.270065 0.000000
vn -0.148715 0.988880 0.000000
vn 0.962842 -0.270065 0.000000
vn -0.357217 0.934021 0.000000
vn -0.148715 0.988880 0.000000
vn -0.588249 0.808680 0.000000
vn 0.000000 0.000000 1.000000
vn 0.000000 0.000000 1.000000
vn 0.000000 0.000000 1.000000
vn 0.000000 0.000000 1.000000
vn 0.000000 0.000000 1.000000
vn -0.001149 0.000821 0.999999
vn 0.000000 0.000000 1.000000
vn -0.001276 0.001025 0.999999
vn -0.001106 0.001181 0.999999
vn 0.000000 0.000000 1.000000
vn -0.001374 0.001104 0.999998
vn -0.635707 -0.771930 0.000000
vn -0.635707 -0.771930 0.000000
vn -0.635707 -0.771930 0.000000
vn -0.635707 -0.771930 0.000000
vn 0.000000 0.000000 1.000000
vn 0.000000 0.000000 1.000000
vn 0.000000 0.000000 1.000000
vn 0.000000 0.000000 1.000000
vn 0.000000 1.000000 0.000000
vn 0.000000 1.000000 0.000000
vn 0.000000 1.000000 0.000000
vn 0.000000 1.000000 0.000000
vn 0.000000 -1.000000 0.000000
vn 0.000000 -1.000000 0.000000
vn 0.000000 -1.000000 0.000000
vn 0.000000 0.000000 1.000000
vn 0.000000 -1.000000 0.000000
vn 0.000000 0.000000 1.000000
vn 0.000000 0.000000 1.000000
vn 0.000000 0.000000 1.000000
vn -0.943978 -0.330009 0.000000
vn -0.997710 0.067641 0.000000
vn -0.887755 -0.460317 0.000000
vn -0.997712 -0.067602 0.000000
vn 0.755719 -0.013460 0.654758
vn -0.719624 -0.694364 0.000000
vn 0.002293 0.994235 -0.107194
vn -0.326625 -0.945154 0.000000
vn -0.604099 -0.796909 0.000000
vn -0.691906 0.721961 0.006273
vn -0.202667 0.979103 0.016822
vn -0.955122 0.296008 0.010968
vn -0.998153 0.050930 -0.033131
vn -0.039857 -0.998366 -0.040941
vn 0.890536 -0.454413 -0.021312
vn 0.997485 -0.065971 -0.025930
vn 0.000000 0.000000 -1.000000
vn 0.000000 0.000000 -1.000000
vn 0.000000 0.000000 -1.000000
vn 0.000000 0.000000 -1.000000
vn 0.000000 0.000000 -1.000000
vn 0.000000 0.000000 -1.000000
vn 0.000000 0.000000 -1.000000
vn 0.807067 0.271399 -0.524390
vn 0.000000 0.000000 -1.000000
vn 0.000000 0.000000 -1.000000
vn 0.916413 0.105486 0.386082
vn -0.846725 0.048896 0.529779
vn 0.916413 0.105486 0.386082
vn 0.828858 -0.173074 0.532015
vn 0.916413 0.105486 0.386082
vn -0.996161 0.086988 0.009849
vn -0.985193 -0.171447 0.000000
vn 0.000000 -1.000000 0.000000
vn 0.000000 -1.000000 0.000000
vn -0.164714 -0.986341 0.000000
vn 0.995930 0.090131 0.000000
vn 0.956218 0.292656 0.000000
vn 0.901075 0.433663 0.000000
vn 0.813252 0.581911 0.000000
vn 0.276871 0.960907 0.000000
vn 0.497535 0.867444 0.000000
vn 0.089118 0.996021 0.000000
vn 0.182185 0.983264 0.000000
vn -0.164714 0.986341 0.000000
vn -0.604099 0.796909 0.000000
vn -0.985193 -0.171447 0.000000
vn 0.997023 0.077104 0.000000
vn -0.985193 -0.171447 0.000000
vn -0.985193 -0.171447 0.000000
vn -1.000000 0.000000 0.000000
vn 0.000000 1.000000 0.000000
vn 0.000000 1.000000 0.000000
vn 0.000000 1.000000 0.000000
vn 0.000000 0.724138 0.689655
vn 0.000000 0.724138 0.689655
vn 0.000000 0.724138 0.689655
vn 0.000000 0.724138 0.689655
vn -0.707107 0.707107 0.000000
vn 0.000000 0.724138 0.689655
vn 0.997411 0.071914 0.000000
vn 0.997411 0.071914 0.000000
vn 0.000000 1.000000 0.000000
vn 0.000000 0.000000 -1.000000
vn 0.000000 0.000000 -1.000000
vn 0.000000 0.000000 -1.000000
vn 0.000000 0.000000 -1.000000
vn -0.943849 0.330377 0.000000
vn -0.887628 0.460562 0.000000
vn -0.719624 0.694364 0.000000
vn -0.326625 0.945154 0.000000
vn 0.000000 0.727394 -0.686220
vn 0.000000 0.000000 -1.000000
vn 0.000000 0.000000 -1.000000
vn 0.000000 0.000000 -1.000000
vn 0.000000 0.000000 -1.000000
vn 0.000000 0.000000 -1.000000
vn 0.000000 0.727394 -0.686220
vn 0.000000 0.727394 -0.686220
vn -0.707107 0.707107 0.000000
vn 0.000000 1.000000 0.000000
vn 0.000000 1.000000 0.000000
vn 0.000000 1.000000 0.000000
vn 0.000000 0.724138 0.689655
vn -0.707107 0.707107 0.000000
vn -0.707107 0.707107 0.000000
vn 0.000000 0.727394 -0.686220
vn 0.000000 0.000000 -1.000000
vn 0.707107 0.707107 0.000000
vn 0.707107 0.707107 0.000000
vn 0.000000 0.724138 0.689655
vn 0.000000 0.724138 0.689655
vn 0.707107 0.707107 0.000000
vn 0.000000 1.000000 0.000000
vn 0.707107 0.707107 0.000000
vn 0.000000 0.727394 -0.686220
vn 0.000000 0.727394 -0.686220
vn -1.000000 0.000000 0.000000
vn 0.000000 -1.000000 0.000000
vn 0.000000 0.000000 -1.000000
vn 0.000000 -1.000000 0.000000
vn 0.000000 0.000000 -1.000000
vn 0.000000 0.000000 -1.000000
vn -1.000000 0.000000 0.000000
vn -1.000000 0.000000 0.000000
vn -0.838178 -0.174294 -0.516797
vn -0.838151 -0.174285 -0.516843
vn -0.916614 0.104756 -0.385803
vn -0.916614 0.104756 -0.385803
vn 0.000000 0.000000 1.000000
vn -0.916614 0.104756 -0.385803
vn 0.000000 0.000000 1.000000
vn 0.000000 0.000000 1.000000
vn 0.000000 -1.000000 0.000000
vn 0.000000 0.000000 -1.000000
vn 0.000000 -1.000000 0.000000
vn 0.000000 0.000000 1.000000
vn 0.000000 0.000000 -1.000000
vn 0.000000 0.000000 -1.000000
vn 0.000000 0.000000 -1.000000
vn 0.000000 0.000000 -1.000000
vn -0.622865 0.580268 -0.524718
vn 0.000000 0.000000 -1.000000
vn 0.000000 0.000000 -1.000000
vn -0.851886 0.000000 -0.523727
vn -0.807067 0.271399 -0.524390
vn 0.517567 0.665982 -0.537208
vn 0.817552 0.240270 -0.523335
vn 0.127836 0.842262 -0.523692
vn -0.212517 0.820920 -0.530026
vn 0.852456 0.079818 -0.516669
vn 0.854898 0.043640 -0.516958
vn -0.623366 -0.579754 -0.524691
vn -0.240290 -0.812915 -0.530499
vn 0.857825 0.055912 -0.510891
vn 0.035036 -0.854500 -0.518268
vn -0.806980 -0.271670 -0.524385
vn 0.000000 0.000000 -1.000000
vn -0.171094 0.985234 0.006405
vn 0.990807 0.133663 -0.020887
vn 0.039857 -0.998366 -0.040941
vn 0.998793 0.046812 0.014883
vn -0.610625 -0.791626 -0.021570
vn -0.375340 -0.926872 0.005287
vn -0.944143 -0.329321 0.011920
vn -0.890536 -0.454413 -0.021312
vn 0.000000 0.000000 -1.000000
vn 0.000000 0.000000 1.000000
vn 0.000000 0.000000 -1.000000
vn 0.000000 0.000000 1.000000
vn -0.793365 -0.608746 -0.000000
vn -0.791106 -0.611680 0.000000
vn -0.974743 -0.223172 -0.008434
vn -0.978476 -0.205732 0.016116
vn -0.294426 0.042575 0.954726
vn -0.945064 0.326208 -0.021026
vn 0.000000 -0.018412 0.999830
vn -0.892069 0.451739 0.012084
vn -0.013265 -0.018411 0.999743
vn -0.725676 0.687710 -0.021197
vn 0.009521 0.999508 -0.029873
vn -0.614238 0.789033 0.011780
vn -0.755719 -0.013460 0.654758
vn -0.333191 0.942704 -0.017144
vn 0.830504 0.077659 0.551573
vn 0.795499 0.233266 0.559257
vn 0.502583 0.646178 0.574339
vn 0.125390 0.819623 0.559013
vn 0.000000 0.000000 -1.000000
vn 0.000000 0.000000 -1.000000
vn 0.000000 0.000000 -1.000000
vn 0.000000 0.000000 -1.000000
vn 0.000000 0.000000 -1.000000
vn 0.000000 0.000000 -1.000000
vn 0.000000 0.000000 -1.000000
vn 0.000492 0.315256 0.949006
vn 0.000000 0.000000 -1.000000
vn -0.000139 0.313665 0.949534
vn -0.000117 0.313438 0.949609
vn 0.002925 0.998820 -0.048473
vn 0.004637 0.994141 -0.107993
vn 0.023471 0.994801 -0.099100
vn 0.998862 0.045158 0.015369
vn 0.998810 0.047524 -0.011003
vn 0.995643 0.092738 -0.009708
vn 0.997518 0.070413 0.000000
vn 0.997415 0.071853 -0.000032
vn -0.916413 0.105486 0.386082
vn -0.828858 -0.173074 0.532015
vn -0.916413 0.105486 0.386082
vn -0.916413 0.105486 0.386082
vn 0.996222 0.086317 0.009496
vn -0.833430 -0.174630 0.524307
vn -0.785506 -0.265061 0.559216
vn 0.833241 0.037856 0.551613
vn -0.606140 -0.562431 0.562375
vn 0.033083 -0.830744 0.555670
vn -0.233217 -0.789029 0.568368
vn 0.846725 0.048896 0.529779
vn 0.955122 0.296008 0.010968
vn 0.998153 0.050930 -0.033131
vn 0.902278 0.430626 -0.021337
vn -0.215897 -0.976242 -0.018455
vn 0.000000 0.000000 -1.000000
vn 0.000000 0.000000 1.000000
vn 0.000000 0.000000 1.000000
vn -0.796905 -0.604105 0.000000
vn -0.978706 -0.204655 0.015842
vn -0.978538 -0.203485 -0.032502
vn 0.202667 0.979103 0.016822
vn 0.995290 0.096027 0.013281
vn 0.520160 0.853884 -0.017770
vn 0.691906 0.721961 0.006273
vn 0.000067 0.014139 0.999900
vn 0.000086 0.071787 0.997420
vn 0.000000 0.000000 1.000000
vn 0.000252 0.314545 0.949243
vn 0.000189 0.315202 0.949024
vn 0.000084 0.314818 0.949152
vn 0.000000 0.000000 1.000000
vn 0.000000 0.000000 1.000000
vn 0.000000 0.000000 1.000000
vn -0.206388 0.797801 0.566496
vn -0.829559 0.000000 0.558419
vn -0.605648 0.562928 0.562408
vn -0.785589 0.264805 0.559221
vn 0.000000 0.000000 1.000000
vn 0.000000 0.000000 1.000000
vn 0.000000 0.000000 1.000000
vn 0.000000 0.000000 1.000000
vn 0.000000 0.000000 1.000000
vn 0.000000 0.000000 1.000000
vn 0.000000 0.000000 1.000000
vn 0.000000 0.000000 1.000000
vn 0.000000 0.000000 1.000000
vn 0.000000 0.000000 1.000000
vn 0.000000 0.000000 1.000000
vn -0.002353 0.994270 -0.106876
vn 0.101597 0.994487 -0.025964
vn 0.039128 -0.999130 0.014406
vn -0.722900 -0.690856 0.011518
vn -0.997485 -0.065971 -0.025930
vn -0.997897 0.062409 0.017504
vn 0.000000 0.000000 -1.000000
vn -0.794321 -0.607498 0.000066
vn -0.791106 -0.611680 -0.000154
vn -0.796905 -0.604105 0.000000
vn -0.003779 0.044186 0.999016
vn 0.000000 -0.018333 0.999832
vn -0.524328 -0.016124 0.851364
vn -0.751534 0.026066 0.659180
vn -0.015607 0.999815 -0.011209
vn 0.014950 0.994243 -0.106097
vn 0.000087 0.313819 0.949483
vn 0.000290 0.314233 0.949346
vn 0.000284 0.314143 0.949376
vn 0.006726 0.997110 -0.075673
vn -0.007755 0.998025 -0.062334
vn -0.016996 0.995022 -0.098197
vn 0.001710 0.995653 -0.093125
vn -0.247275 0.428533 0.869031
vn -0.292743 0.258509 0.920584
vn -0.021963 0.074221 0.997000
vn -0.029799 0.346297 0.937651
vn -0.001575 0.312153 0.950031
vn -0.000027 0.315089 0.949062
vn 0.000538 0.313735 0.949511
vn -0.146340 0.349735 0.925349
vn 0.000174 0.314048 0.949407
vn 0.000215 0.314423 0.949283
vn 0.000287 0.314818 0.949152
vn 0.000274 0.314980 0.949098
vn -0.000259 0.314992 0.949094
vn 0.000175 0.314329 0.949314
vn 0.000343 0.313955 0.949438
vn 0.000520 0.316319 0.948653
vn -0.080742 0.255556 0.963417
vn -0.006862 0.314096 0.949366
vn 0.000613 0.314441 0.949277
vn 0.000438 0.313426 0.949612
vn 0.172599 -0.029757 -0.984543
vn 0.161695 -0.019168 -0.986655
vn 0.194760 -0.006508 0.980829
vn 0.195828 -0.006195 -0.980619
vn 0.172297 0.000022 -0.985045
vn 0.171724 -0.000959 0.985145
vn 0.159455 -0.017889 -0.987043
vn 0.171631 -0.000075 0.985161
vn 0.000000 -1.000000 0.000000
vn 0.172810 0.004435 0.984945
vn 0.000000 -1.000000 0.000000
vn 0.172680 -0.000926 -0.984977
vn 0.171877 -0.001763 -0.985117
vn 0.172762 0.003714 0.984957
vn 0.171139 0.000636 0.985247
vn 0.172121 -0.002423 -0.985073
vn 0.173683 -0.000248 -0.984802
vn 0.175012 0.001271 -0.984566
vn 0.171900 0.002028 0.985112
vn 0.171330 0.000773 0.985213
vn 0.998400 -0.056548 0.000389
vn 0.998433 -0.055949 0.000773
vn 0.172333 -0.001033 -0.985038
vn 0.991986 0.126345 0.000000
vn 0.844485 0.535580 0.000000
vn 0.277001 0.960869 0.000000
vn -0.127992 0.991775 -0.000155
vn -0.559754 0.828659 -0.000223
vn 0.169292 -0.002018 0.985564
vn 0.175330 0.000074 0.984510
vn 0.988160 -0.153430 0.000000
vn 0.988160 -0.153430 0.000000
vn 0.000000 -1.000000 0.000000
vn 0.000000 -1.000000 0.000000
vn 0.000000 -1.000000 0.000000
vn 0.000000 -1.000000 0.000000
vn -0.995563 0.094096 0.000000
vn -0.560551 0.828120 -0.000434
vn -0.995568 0.094042 0.000029
vn 0.999925 0.012283 0.000000
vn 0.954322 0.298779 0.000000
vn 0.171839 -0.029749 0.984676
vn 0.160918 -0.019107 0.986783
vn 0.158614 -0.017742 0.987181
vn 0.160053 0.002808 0.987104
vn 0.171832 0.000458 -0.985126
vn 0.171737 -0.000298 -0.985143
vn 0.160874 0.002571 -0.986972
vn 0.172033 0.001415 0.985090
vn -0.002087 0.008149 0.999965
vn 0.008834 0.018803 0.999784
vn 0.013844 -0.001636 0.999903
vn 0.000000 0.000000 1.000000
vn 0.993248 -0.116012 0.000178
vn -0.998702 -0.050929 -0.000053
vn -0.979612 -0.200899 -0.000052
vn 0.993121 -0.117095 0.000000
vn -0.503762 -0.863843 0.000000
vn -0.179619 -0.983736 0.000000
vn -0.325846 -0.945423 0.000000
vn -0.469851 -0.882746 -0.000049
vn -0.000775 -0.000163 1.000000
vn 0.148715 0.988880 0.000000
vn 0.588249 0.808680 0.000000
vn 0.148715 0.988880 0.000000
vn -0.630184 -0.776446 0.000000
vn -0.962842 -0.270065 0.000000
vn -0.962842 -0.270065 0.000000
vn -0.813124 -0.582091 0.000000
vn 0.357217 0.934021 0.000000
vn 0.000000 0.000000 -1.000000
vn 0.000000 0.000000 -1.000000
vn 0.000000 0.000000 -1.000000
vn 0.000000 0.000000 -1.000000
vn 0.000000 0.000000 -1.000000
vn 0.000000 0.000000 -1.000000
vn 0.000000 0.000000 -1.000000
vn -0.004075 -0.011616 0.999924
vn -0.003058 -0.009332 0.999952
vn 0.024286 0.021921 0.999465
vn 0.211850 0.972240 0.099340
vn -0.248026 0.964859 -0.086772
vn -0.500894 0.858209 -0.112168
vn 0.000000 0.000000 -1.000000
vn 0.636183 0.758868 0.139253
vn 0.386920 0.915829 0.107476
vn 0.895565 -0.333337 0.294702
vn -0.008202 0.001800 -0.999965
vn -0.008379 0.001826 -0.999963
vn -0.008038 0.001618 -0.999966
vn -0.007081 -0.003694 -0.999968
vn -0.008173 0.001620 -0.999965
vn -0.005661 -0.005548 -0.999969
vn -0.001453 -0.008072 -0.999966
vn 0.306585 -0.938392 0.159454
vn 0.404699 0.909645 0.093614
vn 0.827048 -0.087772 0.555237
vn 0.706621 0.555276 0.438583
vn 0.006715 -0.001463 0.999976
vn -0.999947 0.010284 -0.000497
vn -0.999730 0.023027 0.003096
vn -0.982919 -0.183991 0.004296
vn -0.901075 0.433663 0.000000
vn -0.276871 0.960907 0.000000
vn -0.813252 0.581911 0.000000
vn -0.151949 -0.988364 0.006947
vn -0.151286 -0.988466 0.006822
vn -0.512214 -0.858825 0.007442
vn 0.423926 0.902300 0.078367
vn 0.635123 -0.650381 0.416681
vn -0.089118 0.996021 0.000000
vn -0.014572 0.025127 -0.999578
vn -0.010635 0.009689 -0.999897
vn -0.012172 0.008693 -0.999888
vn -0.003600 -0.006906 -0.999970
vn -0.001320 -0.007800 -0.999969
vn -0.001236 -0.008006 -0.999967
vn -0.001372 -0.008015 -0.999967
vn -0.004155 -0.007229 -0.999965
vn -0.977055 0.212879 0.006753
vn -0.977055 0.212879 0.006753
vn -0.926908 -0.375244 0.005738
vn -0.977067 0.212818 0.007009
vn -0.977044 0.212940 0.006496
vn -0.015797 0.023217 -0.999606
vn -0.925404 -0.378949 0.005055
vn -0.362883 -0.931810 0.006818
vn -0.363337 -0.931632 0.006894
vn 0.164714 0.986341 0.000000
vn 0.326625 0.945154 0.000000
vn -0.182185 0.983264 0.000000
vn -0.497535 0.867444 0.000000
vn -0.107926 -0.994134 0.007018
vn -0.218417 -0.975830 0.007104
vn -0.926908 -0.375244 0.005738
vn -0.928457 -0.371383 0.006449
vn -0.995930 0.090131 0.000000
vn -0.997023 0.077104 0.000000
vn -0.908489 -0.417845 0.007284
vn -0.511198 -0.859433 0.007178
vn -0.956218 0.292656 0.000000
vn 0.006566 -0.001441 0.999977
vn -0.997411 0.071914 0.000000
vn 0.985193 -0.171447 0.000000
vn -0.997411 0.071914 0.000000
vn 0.000000 0.000000 1.000000
vn 0.000000 0.000000 1.000000
vn 0.000000 0.000000 1.000000
vn 0.006428 -0.001291 0.999979
vn 0.005654 0.002967 0.999980
vn 0.004522 0.004438 0.999980
vn 0.006541 -0.001291 0.999978
vn 0.844564 0.535455 0.000000
vn -0.127992 0.991775 0.000155
vn 0.991959 0.126556 0.000000
vn -0.559754 0.828659 0.000223
vn 0.172810 0.004435 -0.984945
vn 0.167532 -0.002627 -0.985863
vn 0.170103 0.000278 -0.985426
vn 0.988160 -0.153430 0.000000
vn -0.995568 0.094042 -0.000029
vn -0.995563 0.094096 0.000000
vn 0.000000 -1.000000 0.000000
vn 0.988160 -0.153430 0.000000
vn 0.000000 -1.000000 0.000000
vn 0.000000 -1.000000 0.000000
vn -0.002925 0.998820 -0.048473
vn 0.015607 0.999815 -0.011209
vn -0.004597 0.994136 -0.108036
vn -0.023808 0.994773 -0.099299
vn 0.007693 0.998013 -0.062530
vn 0.016795 0.995005 -0.098398
vn 0.000000 0.000000 1.000000
vn 0.000000 0.000000 1.000000
vn 0.000000 0.000000 1.000000
vn -0.014857 0.994235 -0.106185
vn -0.006684 0.997103 -0.075771
vn 0.001378 0.012572 0.999920
vn 0.811463 0.584402 -0.001347
vn 0.811463 0.584402 -0.001347
vn 0.811959 0.583713 -0.001236
vn 0.000974 0.009232 0.999957
vn 0.001537 -0.005575 0.999983
vn 0.001421 -0.006489 0.999978
vn 0.000579 -0.005283 0.999986
vn 0.000232 -0.005810 0.999983
vn 0.002036 -0.006304 0.999978
vn 0.001988 -0.006384 0.999978
vn 0.001584 -0.006635 0.999977
vn 0.001858 -0.006346 0.999978
vn 0.001243 -0.006845 0.999976
vn 0.000678 -0.007414 0.999972
vn 0.006524 -0.009805 0.999931
vn 0.006333 -0.010429 0.999926
vn 0.012234 -0.005811 0.999908
vn 0.015559 -0.004252 0.999870
vn 0.018339 0.002957 0.999827
vn 0.019198 0.007052 0.999791
vn 0.025512 0.029170 0.999249
vn 0.005939 0.021096 0.999760
vn 0.015582 0.014337 0.999776
vn -0.000346 -0.012231 0.999925
vn 0.001148 -0.011822 0.999929
vn -0.001931 -0.012367 0.999922
vn -0.002683 -0.011612 0.999929
vn -0.003324 -0.010886 0.999935
vn -0.003631 -0.009639 0.999947
vn -0.805858 -0.592109 0.000103
vn -0.000498 0.015331 0.999882
vn 0.020916 0.018593 0.999608
vn 0.003323 0.005789 0.999978
vn 0.001101 0.006414 0.999979
vn 0.001168 0.006460 0.999978
vn 0.003970 0.006693 0.999970
vn 0.000799 0.006950 0.999976
vn -0.000010 0.006538 0.999979
vn 0.012243 -0.008612 0.999888
vn 0.015692 -0.022898 0.999615
vn 0.008314 -0.006021 0.999947
vn 0.014444 -0.024861 0.999587
vn 0.976415 -0.215801 -0.006564
vn 0.976414 -0.215807 -0.006536
vn 0.978499 -0.206146 -0.006579
vn 0.983619 -0.180141 -0.006618
vn 0.918988 0.394227 -0.006784
vn 0.816901 0.576741 -0.006533
vn 0.599721 0.800182 -0.006592
vn 0.459729 0.888034 -0.006694
vn 0.223001 0.974794 -0.006920
vn 0.124781 0.992160 -0.006972
vn 0.115389 0.993296 -0.007029
vn 0.232459 0.972593 -0.005036
vn 0.881368 0.472419 -0.003204
vn 0.999528 0.030706 -0.001235
vn 0.878890 0.477015 -0.002918
vn 0.999303 0.037320 0.000910
vn 0.000000 0.000000 1.000000
vn 0.158609 -0.987341 0.000953
vn 0.162789 -0.986661 0.000437
vn 0.000000 0.000000 -1.000000
vn -0.831030 0.556227 -0.000537
vn -0.830002 0.557761 -0.000269
vn 0.000000 0.000000 1.000000
vn 0.347203 -0.937789 -0.000869
vn 0.273759 -0.961798 0.000138
vn 0.000000 0.000000 1.000000
vn 0.000000 0.000000 -1.000000
vn -0.802363 0.596836 -0.000145
vn 0.000000 0.000000 -1.000000
vn -0.764201 0.644977 0.001302
vn -0.765897 0.642963 0.000650
vn -0.780942 0.624603 0.000503
vn 0.000000 0.000000 1.000000
vn 0.489471 -0.872018 -0.001634
vn 0.503721 -0.863865 -0.001580
vn 0.461961 -0.886899 -0.001588
vn 0.987621 -0.156857 -0.000486
vn 0.019853 -0.003102 0.999798
vn 0.988012 -0.154377 -0.000802
vn 0.008469 -0.008030 0.999932
vn 0.000000 0.000000 -1.000000
vn 0.000000 0.000000 -1.000000
vn 0.000000 0.000000 -1.000000
vn 0.000000 0.000000 -1.000000
vn 0.033632 0.999433 0.001446
vn -0.077705 0.996975 0.001443
vn -0.194990 0.980804 0.001803
vn -0.117695 0.993049 0.001623
vn -0.232680 0.972552 0.001833
vn -0.292770 0.956181 0.001678
vn -0.281340 0.959607 0.001680
vn -0.266761 0.963761 0.001950
vn -0.286178 0.958175 0.001828
vn -0.203216 0.979132 0.001930
vn -0.156737 0.987639 0.001752
vn -0.010012 0.999949 0.001609
vn 0.087766 0.996140 0.001471
vn 0.235557 0.971859 0.001491
vn 0.283346 0.959016 0.001681
vn 0.295531 0.955331 0.001837
vn 0.263931 0.964540 0.001791
vn 0.198424 0.980115 0.001622
vn 0.159830 0.987143 0.001563
vn 0.117518 0.993069 0.001860
vn 0.117180 0.993109 0.001648
vn -0.085705 -0.996319 0.001483
vn -0.085705 -0.996319 0.001483
vn 0.281862 -0.959454 0.001014
vn 0.114654 -0.993405 0.001382
vn 0.412921 -0.910767 0.000479
vn 0.410496 -0.911862 0.000801
vn -0.000231 0.005811 -0.999983
vn 0.000351 0.005357 -0.999986
vn 0.000252 0.005174 -0.999987
vn 0.000643 0.005065 -0.999987
vn 0.004233 0.000419 -0.999991
vn 0.455497 0.890236 0.001666
vn 0.293240 0.956038 0.001575
vn 0.776782 0.629768 0.001494
vn 0.561542 0.827447 0.001626
vn 0.887358 0.461078 0.001313
vn 0.974663 0.223677 0.001175
vn 0.974680 0.223603 0.001195
vn 0.503314 -0.864103 -0.001251
vn 0.000203 0.008259 0.999966
vn -0.024583 -0.999697 -0.001446
vn 0.000000 0.000000 -1.000000
vn -0.024583 -0.999697 -0.001446
vn -0.002140 0.006010 0.999980
vn 0.000000 0.000000 -1.000000
vn -0.001940 0.000417 0.999998
vn 0.269039 -0.963128 -0.001393
vn 0.380628 -0.924727 -0.001430
vn 0.001545 0.001483 -0.999998
vn 0.001751 0.001996 -0.999996
vn -0.963404 0.268053 0.000388
vn -0.963404 0.268053 0.000388
vn -0.000871 -0.000032 1.000000
vn 0.370964 -0.928646 -0.001469
vn 0.330486 -0.943809 -0.001709
vn 0.000780 0.000889 -0.999999
vn 0.417747 0.908561 -0.001950
vn 0.416851 0.908973 -0.001852
vn 0.175435 0.984489 -0.001900
vn 0.176752 0.984254 -0.001814
vn -0.062235 0.998060 -0.001670
vn -0.059801 0.998209 -0.001416
vn -0.043074 0.010886 -0.999013
vn 0.987621 -0.156857 -0.000486
vn 0.987221 -0.159354 -0.000168
vn -0.018382 0.021506 -0.999600
vn 0.303487 -0.952834 -0.001985
vn 0.327359 -0.944899 -0.001525
vn 0.327764 -0.944758 -0.001753
vn -0.971938 0.235238 0.000340
vn -0.326286 -0.945270 -0.001479
vn -0.103111 -0.994669 -0.001603
vn -0.194781 -0.980846 -0.001465
vn 0.053334 -0.998575 -0.001769
vn 0.116441 -0.993196 -0.001945
vn 0.207082 -0.978322 -0.001957
vn 0.657222 -0.753695 0.001725
vn 0.657793 -0.753198 0.001543
vn 0.726127 -0.687559 0.001484
vn 0.786454 -0.617647 0.001493
vn 0.010026 -0.999948 -0.001994
vn 0.010016 -0.999948 -0.001991
vn 0.000000 0.000000 -1.000000
vn 0.000000 0.000000 -1.000000
vn 0.838048 -0.545594 0.001537
vn 0.837609 -0.546267 0.001739
vn -0.914388 0.404839 0.000636
vn 0.002242 -0.015032 -0.999884
vn -0.912818 0.408366 -0.000023
vn -0.015728 -0.017652 -0.999720
vn -0.548767 0.835975 -0.000529
vn -0.547871 0.836563 -0.000327
vn -0.751860 0.659323 -0.000190
vn -0.750494 0.660877 -0.000405
vn -0.804407 -0.594078 0.000582
vn 0.000000 0.000000 1.000000
vn 0.000000 0.000000 1.000000
vn 0.000000 0.000000 1.000000
vn 0.000000 0.000000 1.000000
vn 0.000000 0.000000 1.000000
vn 0.113301 0.993560 0.001469
vn 0.242667 0.970109 0.001485
vn 0.000000 0.000000 1.000000
vn -0.343751 -0.939061 -0.000845
vn -0.215504 -0.976502 -0.001111
vn -0.345176 -0.938538 -0.000333
vn 0.969963 -0.243251 -0.001286
vn 0.810971 0.585084 -0.001456
vn -0.111781 -0.993732 -0.001613
vn -0.999693 0.024786 0.000036
vn 0.064313 -0.997928 -0.001787
vn 0.175532 -0.984472 -0.001842
vn -0.984720 0.174143 0.000252
vn -0.999693 0.024786 0.000036
vn -0.003071 -0.009328 0.999952
vn -0.368455 -0.929644 -0.001523
vn -0.380570 -0.924751 -0.001522
vn 0.003143 0.001088 -0.999994
vn 0.245167 -0.969479 -0.001989
vn 0.315257 -0.949005 -0.001835
vn -0.002660 -0.008527 0.999960
vn -0.000791 -0.008027 0.999967
vn -0.349125 -0.937075 -0.001626
vn -0.008305 -0.999964 -0.001653
vn -0.000996 -0.009203 -0.999957
vn 0.005282 -0.001872 -0.999984
vn -0.001210 -0.008028 0.999967
vn -0.179961 -0.983672 -0.001740
vn -0.255651 -0.966768 -0.001754
vn -0.000484 -0.012391 -0.999923
vn 0.015917 0.017064 0.999728
vn -0.171057 -0.985260 0.001307
vn 0.126208 -0.992002 0.001806
vn -0.052624 -0.998613 0.001672
vn 0.216552 -0.976269 0.001831
vn -0.000578 0.005283 -0.999986
vn 0.109039 -0.994037 -0.001408
vn 0.521980 -0.852957 -0.001198
vn 0.401132 -0.916019 -0.001388
vn 0.970052 -0.242893 -0.001345
vn -0.612093 -0.790785 0.000890
vn 0.024102 0.011757 0.999640
vn 0.301666 -0.953412 0.001755
vn 0.010026 -0.999948 -0.001994
vn -0.001987 0.006385 -0.999978
vn -0.001419 0.006485 -0.999978
vn 0.885148 -0.465307 -0.001244
vn 0.770528 -0.637405 -0.001271
vn -0.610367 -0.792118 0.000971
vn 0.010036 -0.999948 -0.001997
vn 0.302343 -0.953198 0.001525
vn -0.001536 0.005575 -0.999983
vn -0.001585 0.006634 -0.999977
vn -0.001245 0.006845 -0.999976
vn -0.001858 0.006348 -0.999978
vn -0.002033 0.006306 -0.999978
vn -0.000682 0.007414 -0.999972
vn 0.001208 0.008028 -0.999967
vn 0.000789 0.008027 -0.999967
vn 0.002662 0.008526 -0.999960
vn 0.003073 0.009324 -0.999952
vn 0.003632 0.009631 -0.999947
vn 0.003323 0.010882 -0.999935
vn 0.002679 0.011617 -0.999929
vn -0.001149 0.011805 -0.999930
vn 0.001927 0.012374 -0.999922
vn -0.006531 0.009786 -0.999931
vn 0.000341 0.012228 -0.999925
vn -0.006343 0.010410 -0.999926
vn -0.019178 -0.007068 -0.999791
vn -0.012235 0.005805 -0.999908
vn -0.015558 0.004251 -0.999870
vn -0.018340 -0.002961 -0.999827
vn -0.005926 -0.021098 -0.999760
vn -0.015564 -0.014327 -0.999776
vn -0.039148 -0.033544 -0.998670
vn -0.040265 -0.008088 -0.999156
vn -0.021280 -0.016081 -0.999644
vn 0.643221 -0.765645 0.007366
vn 0.782447 -0.622568 0.013618
vn 0.925919 -0.377255 0.018782
vn 0.950132 -0.311353 0.017549
vn 0.959760 -0.277843 0.040794
vn 0.974663 -0.222461 0.023324
vn 0.890769 -0.453401 0.030945
vn 0.993668 0.112358 0.000000
vn 0.921393 -0.388632 0.000118
vn 0.915005 0.397548 0.068711
vn 0.999671 -0.025667 0.000000
vn 0.601414 0.798937 0.000000
vn 0.978285 -0.199401 0.056553
vn 0.902573 -0.430538 0.000000
vn 0.400152 0.916082 0.025907
vn 0.409270 -0.909220 0.076269
vn 0.772474 -0.627953 0.094650
vn 0.198329 0.980135 0.000000
vn 0.454937 -0.890523 -0.000967
vn -0.098328 0.995136 -0.005954
vn -0.228268 0.973598 0.000000
vn 0.441012 -0.897499 -0.001945
vn -0.449904 0.892992 -0.012350
vn 0.982245 -0.187555 0.004164
vn 0.980244 -0.197785 0.001882
vn -0.457314 0.889305 0.000000
vn 0.978139 -0.207951 -0.000390
vn 0.824591 0.565730 0.000376
vn 0.980244 -0.197785 0.001882
vn 0.820636 0.571448 0.001929
vn 0.824591 0.565730 0.000376
vn 0.828541 0.559927 -0.001192
vn 0.000000 0.000000 1.000000
vn -0.023302 -0.006980 0.999704
vn -0.052098 0.005244 0.998628
vn 0.172599 -0.029757 0.984543
vn 0.195828 -0.006195 0.980619
vn 0.172297 0.000022 0.985045
vn 0.161695 -0.019168 0.986655
vn 0.193690 -0.006821 -0.981039
vn 0.172030 -0.000389 -0.985092
vn 0.172297 0.000022 -0.985045
vn -0.000086 0.071787 0.997420
vn 0.159455 -0.017889 0.987043
vn 0.000000 -1.000000 0.000000
vn 0.171832 0.000458 0.985126
vn 0.172680 -0.000926 0.984977
vn 0.160874 0.002571 0.986972
vn 0.171737 -0.000298 0.985143
vn 0.172966 0.001133 -0.984927
vn 0.998400 -0.056548 -0.000389
vn 0.172626 -0.001123 0.984987
vn 0.998433 -0.055949 -0.000773
vn 0.277098 0.960842 0.000000
vn -0.560551 0.828120 0.000434
vn 0.000000 -1.000000 0.000000
vn 0.174426 -0.001042 0.984670
vn 0.172811 -0.002419 0.984952
vn 1.000000 0.000000 0.000000
vn 1.000000 0.000000 0.000000
vn 1.000000 0.000000 0.000000
vn 0.000000 0.000000 1.000000
vn 0.000000 0.000000 1.000000
vn 0.000000 0.000000 1.000000
vn 0.000000 0.000000 1.000000
vn 0.000000 0.000000 1.000000
vn 0.785589 0.264805 0.559221
vn 0.605648 0.562928 0.562408
vn 0.000000 0.000000 1.000000
vn 0.000000 0.000000 1.000000
vn 0.000000 0.000000 1.000000
vn 0.160484 0.003234 -0.987033
vn 0.158638 -0.016974 -0.987191
vn 0.160799 -0.018459 -0.986814
vn 0.171670 -0.029144 -0.984723
vn -0.503762 -0.863843 0.000000
vn -0.179615 -0.983737 0.000000
vn -0.469871 -0.882735 0.000049
vn -0.325821 -0.945431 0.000000
vn -0.630155 -0.776469 0.000000
vn -0.962842 -0.270065 0.000000
vn -0.962842 -0.270065 0.000000
vn -0.813124 -0.582091 0.000000
vn 0.148715 0.988880 0.000000
vn 0.148715 0.988880 0.000000
vn 0.999925 0.012283 0.000000
vn 0.993248 -0.116012 -0.000178
vn -0.979612 -0.200897 0.000051
vn 0.954322 0.298779 0.000000
vn 0.719624 -0.694364 0.000000
vn 0.997710 0.067641 0.000000
vn 0.997712 -0.067602 0.000000
vn 0.000000 0.000000 1.000000
vn 0.000000 1.000000 0.000000
vn 0.000000 -1.000000 0.000000
vn 0.000000 1.000000 0.000000
vn 0.326625 -0.945154 0.000000
vn 0.604099 -0.796909 0.000000
vn 0.000000 -1.000000 0.000000
vn -0.998701 -0.050960 0.000053
vn 0.993121 -0.117095 0.000000
vn 0.000000 1.000000 0.000000
vn 0.001106 0.001181 0.999999
vn 0.000000 0.000000 1.000000
vn 0.000000 0.000000 1.000000
vn 0.000000 0.000000 1.000000
vn 0.000000 0.000000 1.000000
vn 0.000000 0.000000 1.000000
vn 0.588249 0.808680 0.000000
vn 0.357217 0.934021 0.000000
vn 0.635707 -0.771930 0.000000
vn 0.000000 0.000000 1.000000
vn 0.001149 0.000821 0.999999
vn 0.001374 0.001104 0.999998
vn 0.001276 0.001025 0.999999
vn 0.000000 0.000000 1.000000
vn 0.985193 -0.171447 0.000000
vn 0.985193 -0.171447 0.000000
vn 0.164714 -0.986341 0.000000
vn 0.635707 -0.771930 0.000000
vn 0.000000 0.000000 1.000000
vn 0.000000 0.000000 1.000000
vn 0.000000 0.000000 1.000000
vn 0.000000 0.000000 1.000000
vn 0.000000 -1.000000 0.000000
vn 0.635707 -0.771930 0.000000
vn 0.635707 -0.771930 0.000000
vn 0.000000 -1.000000 0.000000
vn 0.000000 -1.000000 0.000000
vn 0.943978 -0.330009 0.000000
vn 0.887755 -0.460317 0.000000
vn 0.000000 1.000000 0.000000
vn 0.000000 0.000000 1.000000
vn 0.000000 0.000000 1.000000
vn 0.000000 0.000000 1.000000
vn 0.000000 -1.000000 0.000000
vn 0.985193 -0.171447 0.000000
vn 0.604099 0.796909 0.000000
vn 0.000000 0.727394 -0.686220
vn 1.000000 0.000000 0.000000
vn 0.916614 0.104756 -0.385803
vn 0.806980 -0.271670 -0.524385
vn 0.000000 0.000000 -1.000000
vn 0.212517 0.820920 -0.530026
vn -0.127836 0.842262 -0.523692
vn -0.517567 0.665982 -0.537208
vn 0.851886 -0.000000 -0.523727
vn 0.622865 0.580268 -0.524718
vn 0.838178 -0.174294 -0.516797
vn 0.838151 -0.174285 -0.516843
vn -0.857825 0.055912 -0.510891
vn -0.035036 -0.854500 -0.518268
vn 0.623366 -0.579754 -0.524691
vn -0.854898 0.043640 -0.516958
vn 0.240290 -0.812915 -0.530499
vn -0.852456 0.079818 -0.516669
vn 0.000000 0.000000 -1.000000
vn 0.000000 -1.000000 0.000000
vn 0.000000 -1.000000 0.000000
vn 0.000000 0.000000 1.000000
vn 0.233217 -0.789029 0.568368
vn -0.033083 -0.830744 0.555670
vn -0.005284 0.001873 0.999984
vn -0.003143 -0.001090 0.999994
vn -0.004237 -0.000421 0.999991
vn -0.000639 -0.005069 0.999987
vn -0.000252 -0.005171 0.999987
vn -0.000344 -0.005357 0.999986
vn 0.000000 0.000000 -1.000000
vn 0.000000 -1.000000 0.000000
vn 0.000000 0.000000 1.000000
vn 0.000000 0.000000 -1.000000
vn 0.916614 0.104756 -0.385803
vn -0.817552 0.240270 -0.523335
vn 0.916614 0.104756 -0.385803
vn -0.833241 0.037856 0.551613
vn -0.795499 0.233266 0.559257
vn -0.502583 0.646178 0.574339
vn -0.830504 0.077659 0.551573
vn 0.791106 -0.611680 -0.000154
vn 0.206388 0.797801 0.566496
vn 0.829559 -0.000000 0.558419
vn -0.125390 0.819623 0.559013
vn 0.172239 0.000801 -0.985055
vn 0.172453 0.001646 -0.985016
vn 0.171736 -0.001172 0.985142
vn 0.171877 -0.001763 0.985117
vn 0.173213 0.003013 -0.984880
vn 0.000000 0.000000 1.000000
vn 0.000000 0.000000 1.000000
vn 0.000000 0.000000 1.000000
vn 0.978706 -0.204655 0.015842
vn 0.978476 -0.205732 0.016116
vn -0.998788 0.048022 -0.010766
vn 0.978538 -0.203485 -0.032502
vn 0.796905 -0.604105 0.000000
vn 0.796905 -0.604105 0.000000
vn 0.174874 -0.000084 0.984591
vn 0.000000 -1.000000 0.000000
vn 0.000000 -1.000000 0.000000
vn 0.000000 0.000000 -1.000000
vn 0.000000 0.000000 1.000000
vn 0.793365 -0.608746 -0.000000
vn 0.794321 -0.607498 0.000066
vn 0.974743 -0.223172 -0.008434
vn 0.000000 0.000000 1.000000
vn 0.791106 -0.611680 0.000000
vn 0.997897 0.062409 0.017504
vn 0.000000 0.000000 -1.000000
vn 0.945064 0.326208 -0.021026
vn 0.725676 0.687710 -0.021197
vn 0.892069 0.451739 0.012084
vn 0.614238 0.789033 0.011780
vn 0.333191 0.942704 -0.017144
vn -0.101597 0.994487 -0.025964
vn 0.171094 0.985234 0.006405
vn -0.995736 0.091804 -0.009090
vn 0.000000 0.000000 -1.000000
vn 0.000000 0.000000 -1.000000
vn -0.997175 0.075120 -0.000029
vn 0.606140 -0.562431 0.562375
vn 0.833430 -0.174630 0.524307
vn -0.997179 0.075057 0.000000
vn -0.998913 0.043757 0.016051
vn 0.785506 -0.265061 0.559216
vn -0.000067 0.014139 0.999900
vn 0.294426 0.042575 0.954726
vn 0.031875 0.347680 0.937071
vn -0.001671 0.995639 -0.093274
f 781/781/781 782/782/782 784/784/784
f 864/864/864 863/863/863 861/861/861
f 920/920/920 880/880/880 826/826/826
f 1537/1537/1537 1571/1571/1571 1569/1569/1569
f 704/704/704 700/700/700 702/702/702
f 1601/1601/1601 1592/1592/1592 1593/1593/1593
f 18/18/18 572/572/572 6/6/6
f 6/6/6 572/572/572 395/395/395
f 391/391/391 395/395/395 572/572/572
f 588/588/588 395/395/395 391/391/391
f 606/606/606 588/588/588 391/391/391
f 598/598/598 588/588/588 606/606/606
f 599/599/599 598/598/598 606/606/606
f 589/589/589 598/598/598 599/599/599
f 606/606/606 197/197/197 599/599/599
f 9/9/9 1397/1397/1397 15/15/15
f 1398/1398/1398 1397/1397/1397 9/9/9
f 1398/1398/1398 1400/1400/1400 1397/1397/1397
f 1402/1402/1402 1400/1400/1400 1398/1398/1398
f 1402/1402/1402 1401/1401/1401 1400/1400/1400
f 1399/1399/1399 1401/1401/1401 1402/1402/1402
f 1399/1399/1399 1403/1403/1403 1401/1401/1401
f 1401/1401/1401 1403/1403/1403 1040/1040/1040
f 1405/1405/1405 1403/1403/1403 1399/1399/1399
f 1038/1038/1038 2/2/2 11/11/11
f 11/11/11 2/2/2 40/40/40
f 2/2/2 1/1/1 40/40/40
f 40/40/40 1/1/1 10/10/10
f 1/1/1 13/13/13 10/10/10
f 8/8/8 13/13/13 1/1/1
f 8/8/8 1048/1048/1048 13/13/13
f 1412/1412/1412 1048/1048/1048 8/8/8
f 1412/1412/1412 1063/1063/1063 1048/1048/1048
f 1413/1413/1413 1063/1063/1063 1412/1412/1412
f 1413/1413/1413 1050/1050/1050 1063/1063/1063
f 1409/1409/1409 1050/1050/1050 1413/1413/1413
f 1409/1409/1409 1406/1406/1406 1050/1050/1050
f 1050/1050/1050 1406/1406/1406 1051/1051/1051
f 1406/1406/1406 1411/1411/1411 1051/1051/1051
f 1051/1051/1051 1411/1411/1411 1034/1034/1034
f 1412/1412/1412 1415/1415/1415 1413/1413/1413
f 1418/1418/1418 1415/1415/1415 1412/1412/1412
f 1408/1408/1408 1411/1411/1411 1406/1406/1406
f 1414/1414/1414 1411/1411/1411 1408/1408/1408
f 1414/1414/1414 1416/1416/1416 1411/1411/1411
f 1411/1411/1411 1416/1416/1416 1034/1034/1034
f 1034/1034/1034 1416/1416/1416 1035/1035/1035
f 1416/1416/1416 1419/1419/1419 1035/1035/1035
f 1035/1035/1035 1419/1419/1419 1036/1036/1036
f 1419/1419/1419 30/30/30 1036/1036/1036
f 30/30/30 1419/1419/1419 34/34/34
f 34/34/34 1419/1419/1419 1422/1422/1422
f 1417/1417/1417 1416/1416/1416 1414/1414/1414
f 1417/1417/1417 1419/1419/1419 1416/1416/1416
f 1422/1422/1422 1419/1419/1419 1417/1417/1417
f 1413/1413/1413 1410/1410/1410 1409/1409/1409
f 1409/1409/1409 1410/1410/1410 1407/1407/1407
f 1409/1409/1409 1407/1407/1407 1406/1406/1406
f 1406/1406/1406 1407/1407/1407 1404/1404/1404
f 33/33/33 22/22/22 35/35/35
f 35/35/35 22/22/22 28/28/28
f 22/22/22 27/27/27 28/28/28
f 28/28/28 27/27/27 29/29/29
f 88/88/88 32/32/32 36/36/36
f 38/38/38 32/32/32 88/88/88
f 24/24/24 26/26/26 37/37/37
f 24/24/24 4/4/4 26/26/26
f 24/24/24 41/41/41 4/4/4
f 4/4/4 41/41/41 171/171/171
f 4/4/4 171/171/171 168/168/168
f 171/171/171 169/169/169 168/168/168
f 168/168/168 169/169/169 128/128/128
f 24/24/24 23/23/23 41/41/41
f 25/25/25 41/41/41 23/23/23
f 41/41/41 25/25/25 173/173/173
f 25/25/25 175/175/175 173/173/173
f 175/175/175 174/174/174 173/173/173
f 174/174/174 176/176/176 173/173/173
f 179/179/179 176/176/176 174/174/174
f 179/179/179 468/468/468 176/176/176
f 176/176/176 468/468/468 467/467/467
f 468/468/468 466/466/466 467/467/467
f 172/172/172 169/169/169 171/171/171
f 172/172/172 170/170/170 169/169/169
f 73/73/73 72/72/72 74/74/74
f 88/88/88 72/72/72 73/73/73
f 90/90/90 91/91/91 89/89/89
f 93/93/93 91/91/91 90/90/90
f 1003/1003/1003 126/126/126 68/68/68
f 126/126/126 1003/1003/1003 7/7/7
f 7/7/7 5/5/5 126/126/126
f 14/14/14 5/5/5 7/7/7
f 1005/1005/1005 5/5/5 14/14/14
f 1005/1005/1005 1015/1015/1015 5/5/5
f 1005/1005/1005 1006/1006/1006 1015/1015/1015
f 7/7/7 1003/1003/1003 1033/1033/1033
f 1033/1033/1033 1003/1003/1003 1004/1004/1004
f 1005/1005/1005 14/14/14 17/17/17
f 14/14/14 3/3/3 17/17/17
f 3/3/3 14/14/14 12/12/12
f 3/3/3 12/12/12 16/16/16
f 16/16/16 12/12/12 19/19/19
f 12/12/12 1032/1032/1032 19/19/19
f 19/19/19 1032/1032/1032 1031/1031/1031
f 1031/1031/1031 1032/1032/1032 1430/1430/1430
f 1430/1430/1430 1032/1032/1032 1431/1431/1431
f 1430/1430/1430 1431/1431/1431 1429/1429/1429
f 1026/1026/1026 1024/1024/1024 131/131/131
f 1025/1025/1025 1024/1024/1024 1026/1026/1026
f 1037/1037/1037 1024/1024/1024 1025/1025/1025
f 1025/1025/1025 1028/1028/1028 1037/1037/1037
f 1027/1027/1027 1028/1028/1028 1025/1025/1025
f 1027/1027/1027 1029/1029/1029 1028/1028/1028
f 1027/1027/1027 1030/1030/1030 1029/1029/1029
f 136/136/136 1030/1030/1030 1027/1027/1027
f 136/136/136 140/140/140 1030/1030/1030
f 124/124/124 140/140/140 136/136/136
f 124/124/124 136/136/136 119/119/119
f 124/124/124 119/119/119 123/123/123
f 119/119/119 136/136/136 95/95/95
f 95/95/95 136/136/136 132/132/132
f 95/95/95 132/132/132 134/134/134
f 134/134/134 132/132/132 137/137/137
f 134/134/134 137/137/137 133/133/133
f 137/137/137 132/132/132 135/135/135
f 137/137/137 135/135/135 130/130/130
f 150/150/150 139/139/139 138/138/138
f 149/149/149 139/139/139 150/150/150
f 94/94/94 139/139/139 149/149/149
f 94/94/94 96/96/96 139/139/139
f 97/97/97 96/96/96 94/94/94
f 97/97/97 394/394/394 96/96/96
f 393/393/393 394/394/394 97/97/97
f 393/393/393 392/392/392 394/394/394
f 149/149/149 150/150/150 125/125/125
f 393/393/393 97/97/97 92/92/92
f 97/97/97 31/31/31 92/92/92
f 31/31/31 97/97/97 100/100/100
f 100/100/100 20/20/20 31/31/31
f 100/100/100 99/99/99 20/20/20
f 100/100/100 129/129/129 99/99/99
f 99/99/99 129/129/129 127/127/127
f 129/129/129 180/180/180 127/127/127
f 178/178/178 180/180/180 129/129/129
f 180/180/180 178/178/178 177/177/177
f 112/112/112 970/970/970 971/971/971
f 971/971/971 970/970/970 976/976/976
f 976/976/976 970/970/970 969/969/969
f 969/969/969 966/966/966 976/976/976
f 976/976/976 966/966/966 1000/1000/1000
f 999/999/999 976/976/976 1000/1000/1000
f 999/999/999 1000/1000/1000 1001/1001/1001
f 958/958/958 999/999/999 1001/1001/1001
f 965/965/965 958/958/958 1001/1001/1001
f 965/965/965 1001/1001/1001 960/960/960
f 1001/1001/1001 955/955/955 960/960/960
f 960/960/960 955/955/955 954/954/954
f 955/955/955 957/957/957 954/954/954
f 87/87/87 1112/1112/1112 1111/1111/1111
f 1111/1111/1111 1112/1112/1112 1581/1581/1581
f 1581/1581/1581 1112/1112/1112 1110/1110/1110
f 1110/1110/1110 1584/1584/1584 1581/1581/1581
f 1581/1581/1581 1584/1584/1584 1446/1446/1446
f 1446/1446/1446 1580/1580/1580 1581/1581/1581
f 1468/1468/1468 1580/1580/1580 1446/1446/1446
f 1468/1468/1468 1438/1438/1438 1580/1580/1580
f 1437/1437/1437 1438/1438/1438 1468/1468/1468
f 1437/1437/1437 1468/1468/1468 1469/1469/1469
f 1468/1468/1468 1470/1470/1470 1469/1469/1469
f 1469/1469/1469 1470/1470/1470 1471/1471/1471
f 1471/1471/1471 1470/1470/1470 1436/1436/1436
f 86/86/86 490/490/490 489/489/489
f 489/489/489 490/490/490 613/613/613
f 613/613/613 490/490/490 491/491/491
f 491/491/491 492/492/492 613/613/613
f 613/613/613 492/492/492 619/619/619
f 620/620/620 613/613/613 619/619/619
f 620/620/620 619/619/619 618/618/618
f 473/473/473 620/620/620 618/618/618
f 476/476/476 473/473/473 618/618/618
f 476/476/476 618/618/618 477/477/477
f 618/618/618 471/471/471 477/477/477
f 477/477/477 471/471/471 469/469/469
f 471/471/471 470/470/470 469/469/469
f 56/56/56 106/106/106 47/47/47
f 47/47/47 106/106/106 116/116/116
f 116/116/116 106/106/106 48/48/48
f 48/48/48 109/109/109 116/116/116
f 116/116/116 109/109/109 115/115/115
f 115/115/115 65/65/65 116/116/116
f 59/59/59 65/65/65 115/115/115
f 59/59/59 55/55/55 65/65/65
f 54/54/54 55/55/55 59/59/59
f 54/54/54 59/59/59 61/61/61
f 59/59/59 60/60/60 61/61/61
f 61/61/61 60/60/60 113/113/113
f 113/113/113 60/60/60 57/57/57
f 111/111/111 147/147/147 148/148/148
f 111/111/111 52/52/52 147/147/147
f 62/62/62 52/52/52 111/111/111
f 50/50/50 52/52/52 62/62/62
f 50/50/50 62/62/62 110/110/110
f 110/110/110 62/62/62 114/114/114
f 114/114/114 62/62/62 63/63/63
f 114/114/114 63/63/63 153/153/153
f 53/53/53 153/153/153 63/63/63
f 51/51/51 153/153/153 53/53/53
f 108/108/108 153/153/153 51/51/51
f 107/107/107 153/153/153 108/108/108
f 49/49/49 107/107/107 108/108/108
f 145/145/145 143/143/143 146/146/146
f 43/43/43 143/143/143 145/145/145
f 143/143/143 43/43/43 45/45/45
f 45/45/45 43/43/43 104/104/104
f 144/144/144 64/64/64 46/46/46
f 46/46/46 64/64/64 42/42/42
f 64/64/64 66/66/66 42/42/42
f 42/42/42 66/66/66 44/44/44
f 66/66/66 103/103/103 44/44/44
f 44/44/44 103/103/103 154/154/154
f 142/142/142 85/85/85 141/141/141
f 117/117/117 85/85/85 142/142/142
f 85/85/85 117/117/117 156/156/156
f 156/156/156 117/117/117 84/84/84
f 155/155/155 156/156/156 84/84/84
f 83/83/83 156/156/156 155/155/155
f 160/160/160 83/83/83 155/155/155
f 161/161/161 83/83/83 160/160/160
f 163/163/163 161/161/161 160/160/160
f 162/162/162 161/161/161 163/163/163
f 67/67/67 58/58/58 105/105/105
f 118/118/118 58/58/58 67/67/67
f 118/118/118 151/151/151 58/58/58
f 58/58/58 151/151/151 152/152/152
f 151/151/151 166/166/166 152/152/152
f 152/152/152 166/166/166 167/167/167
f 166/166/166 165/165/165 167/167/167
f 167/167/167 165/165/165 164/164/164
f 194/194/194 190/190/190 189/189/189
f 189/189/189 190/190/190 191/191/191
f 189/189/189 191/191/191 75/75/75
f 75/75/75 191/191/191 78/78/78
f 78/78/78 188/188/188 75/75/75
f 75/75/75 188/188/188 185/185/185
f 188/188/188 186/186/186 185/185/185
f 185/185/185 186/186/186 460/460/460
f 186/186/186 187/187/187 460/460/460
f 460/460/460 187/187/187 461/461/461
f 461/461/461 458/458/458 460/460/460
f 460/460/460 458/458/458 459/459/459
f 187/187/187 184/184/184 461/461/461
f 461/461/461 184/184/184 601/601/601
f 461/461/461 601/601/601 608/608/608
f 608/608/608 601/601/601 600/600/600
f 601/601/601 591/591/591 600/600/600
f 600/600/600 591/591/591 590/590/590
f 601/601/601 184/184/184 591/591/591
f 591/591/591 184/184/184 182/182/182
f 591/591/591 182/182/182 607/607/607
f 607/607/607 592/592/592 591/591/591
f 558/558/558 592/592/592 607/607/607
f 559/559/559 558/558/558 607/607/607
f 457/457/457 558/558/558 559/559/559
f 559/559/559 80/80/80 457/457/457
f 457/457/457 80/80/80 39/39/39
f 607/607/607 182/182/182 181/181/181
f 607/607/607 181/181/181 559/559/559
f 559/559/559 181/181/181 183/183/183
f 559/559/559 183/183/183 80/80/80
f 80/80/80 183/183/183 77/77/77
f 80/80/80 77/77/77 76/76/76
f 21/21/21 80/80/80 76/76/76
f 39/39/39 80/80/80 21/21/21
f 194/194/194 195/195/195 192/192/192
f 193/193/193 195/195/195 194/194/194
f 198/198/198 196/196/196 199/199/199
f 199/199/199 196/196/196 201/201/201
f 199/199/199 201/201/201 200/200/200
f 199/199/199 200/200/200 212/212/212
f 212/212/212 200/200/200 213/213/213
f 212/212/212 213/213/213 215/215/215
f 215/215/215 213/213/213 214/214/214
f 218/218/218 215/215/215 214/214/214
f 217/217/217 215/215/215 218/218/218
f 217/217/217 218/218/218 216/216/216
f 216/216/216 218/218/218 220/220/220
f 219/219/219 216/216/216 220/220/220
f 221/221/221 219/219/219 220/220/220
f 221/221/221 220/220/220 222/222/222
f 210/210/210 209/209/209 211/211/211
f 208/208/208 209/209/209 210/210/210
f 206/206/206 205/205/205 207/207/207
f 203/203/203 205/205/205 206/206/206
f 232/232/232 202/202/202 204/204/204
f 231/231/231 202/202/202 232/232/232
f 230/230/230 231/231/231 232/232/232
f 229/229/229 231/231/231 230/230/230
f 229/229/229 230/230/230 227/227/227
f 227/227/227 230/230/230 228/228/228
f 226/226/226 227/227/227 228/228/228
f 224/224/224 227/227/227 226/226/226
f 225/225/225 224/224/224 226/226/226
f 223/223/223 224/224/224 225/225/225
f 239/239/239 240/240/240 237/237/237
f 238/238/238 240/240/240 239/239/239
f 241/241/241 238/238/238 239/239/239
f 244/244/244 241/241/241 239/239/239
f 242/242/242 241/241/241 244/244/244
f 243/243/243 242/242/242 244/244/244
f 249/249/249 242/242/242 243/243/243
f 249/249/249 243/243/243 250/250/250
f 250/250/250 243/243/243 252/252/252
f 250/250/250 252/252/252 246/246/246
f 246/246/246 252/252/252 251/251/251
f 246/246/246 251/251/251 248/248/248
f 246/246/246 248/248/248 247/247/247
f 253/253/253 246/246/246 247/247/247
f 233/233/233 234/234/234 245/245/245
f 235/235/235 234/234/234 233/233/233
f 236/236/236 234/234/234 235/235/235
f 262/262/262 234/234/234 236/236/236
f 263/263/263 262/262/262 236/236/236
f 260/260/260 262/262/262 263/263/263
f 261/261/261 260/260/260 263/263/263
f 258/258/258 260/260/260 261/261/261
f 259/259/259 258/258/258 261/261/261
f 254/254/254 258/258/258 259/259/259
f 256/256/256 254/254/254 259/259/259
f 267/267/267 254/254/254 256/256/256
f 267/267/267 256/256/256 255/255/255
f 255/255/255 256/256/256 257/257/257
f 280/280/280 265/265/265 293/293/293
f 280/280/280 293/293/293 274/274/274
f 274/274/274 293/293/293 517/517/517
f 515/515/515 274/274/274 517/517/517
f 517/517/517 516/516/516 515/515/515
f 516/516/516 514/514/514 515/515/515
f 515/515/515 514/514/514 513/513/513
f 513/513/513 318/318/318 515/515/515
f 318/318/318 308/308/308 515/515/515
f 295/295/295 308/308/308 318/318/318
f 295/295/295 299/299/299 308/308/308
f 519/519/519 516/516/516 517/517/517
f 519/519/519 517/517/517 518/518/518
f 519/519/519 518/518/518 523/523/523
f 523/523/523 518/518/518 520/520/520
f 523/523/523 520/520/520 522/522/522
f 522/522/522 520/520/520 521/521/521
f 522/522/522 521/521/521 450/450/450
f 450/450/450 521/521/521 449/449/449
f 451/451/451 450/450/450 449/449/449
f 452/452/452 450/450/450 451/451/451
f 453/453/453 452/452/452 451/451/451
f 454/454/454 452/452/452 453/453/453
f 456/456/456 454/454/454 453/453/453
f 541/541/541 454/454/454 456/456/456
f 540/540/540 541/541/541 456/456/456
f 455/455/455 541/541/541 540/540/540
f 539/539/539 455/455/455 540/540/540
f 538/538/538 455/455/455 539/539/539
f 538/538/538 539/539/539 535/535/535
f 535/535/535 539/539/539 537/537/537
f 535/535/535 537/537/537 534/534/534
f 534/534/534 537/537/537 536/536/536
f 534/534/534 536/536/536 493/493/493
f 493/493/493 536/536/536 543/543/543
f 494/494/494 493/493/493 543/543/543
f 542/542/542 494/494/494 543/543/543
f 495/495/495 542/542/542 543/543/543
f 543/543/543 335/335/335 495/495/495
f 495/495/495 335/335/335 332/332/332
f 514/514/514 511/511/511 513/513/513
f 512/512/512 511/511/511 514/514/514
f 512/512/512 509/509/509 511/511/511
f 510/510/510 509/509/509 512/512/512
f 508/508/508 509/509/509 510/510/510
f 508/508/508 507/507/507 509/509/509
f 507/507/507 506/506/506 509/509/509
f 506/506/506 411/411/411 509/509/509
f 412/412/412 411/411/411 506/506/506
f 508/508/508 510/510/510 417/417/417
f 417/417/417 510/510/510 418/418/418
f 418/418/418 419/419/419 417/417/417
f 420/420/420 419/419/419 418/418/418
f 420/420/420 415/415/415 419/419/419
f 420/420/420 416/416/416 415/415/415
f 292/292/292 264/264/264 266/266/266
f 268/268/268 264/264/264 292/292/292
f 277/277/277 268/268/268 292/292/292
f 276/276/276 268/268/268 277/277/277
f 302/302/302 276/276/276 277/277/277
f 301/301/301 276/276/276 302/302/302
f 269/269/269 281/281/281 270/270/270
f 300/300/300 269/269/269 270/270/270
f 372/372/372 269/269/269 300/300/300
f 372/372/372 300/300/300 371/371/371
f 371/371/371 370/370/370 372/372/372
f 372/372/372 370/370/370 374/374/374
f 373/373/373 372/372/372 374/374/374
f 375/375/375 373/373/373 374/374/374
f 376/376/376 373/373/373 375/375/375
f 377/377/377 376/376/376 375/375/375
f 378/378/378 376/376/376 377/377/377
f 371/371/371 368/368/368 370/370/370
f 369/369/369 368/368/368 371/371/371
f 369/369/369 364/364/364 368/368/368
f 368/368/368 364/364/364 367/367/367
f 364/364/364 366/366/366 367/367/367
f 367/367/367 366/366/366 365/365/365
f 371/371/371 314/314/314 369/369/369
f 371/371/371 304/304/304 314/314/314
f 314/314/314 304/304/304 305/305/305
f 304/304/304 297/297/297 305/305/305
f 379/379/379 378/378/378 377/377/377
f 380/380/380 378/378/378 379/379/379
f 380/380/380 379/379/379 382/382/382
f 382/382/382 379/379/379 381/381/381
f 382/382/382 381/381/381 383/383/383
f 383/383/383 381/381/381 384/384/384
f 383/383/383 384/384/384 388/388/388
f 388/388/388 384/384/384 387/387/387
f 388/388/388 387/387/387 386/386/386
f 386/386/386 387/387/387 385/385/385
f 386/386/386 385/385/385 102/102/102
f 102/102/102 385/385/385 98/98/98
f 101/101/101 102/102/102 98/98/98
f 71/71/71 102/102/102 101/101/101
f 69/69/69 71/71/71 101/101/101
f 70/70/70 71/71/71 69/69/69
f 389/389/389 70/70/70 69/69/69
f 578/578/578 70/70/70 389/389/389
f 578/578/578 389/389/389 390/390/390
f 578/578/578 390/390/390 579/579/579
f 578/578/578 579/579/579 584/584/584
f 584/584/584 320/320/320 578/578/578
f 287/287/287 320/320/320 584/584/584
f 271/271/271 278/278/278 279/279/279
f 273/273/273 278/278/278 271/271/271
f 272/272/272 273/273/273 271/271/271
f 275/275/275 273/273/273 272/272/272
f 307/307/307 296/296/296 298/298/298
f 306/306/306 296/296/296 307/307/307
f 312/312/312 306/306/306 307/307/307
f 313/313/313 306/306/306 312/312/312
f 426/426/426 313/313/313 312/312/312
f 424/424/424 313/313/313 426/426/426
f 426/426/426 425/425/425 424/424/424
f 424/424/424 425/425/425 423/423/423
f 425/425/425 422/422/422 423/423/423
f 423/423/423 422/422/422 421/421/421
f 303/303/303 430/430/430 319/319/319
f 319/319/319 430/430/430 428/428/428
f 430/430/430 429/429/429 428/428/428
f 428/428/428 429/429/429 427/427/427
f 316/316/316 315/315/315 286/286/286
f 286/286/286 315/315/315 294/294/294
f 288/288/288 286/286/286 294/294/294
f 324/324/324 286/286/286 288/288/288
f 328/328/328 327/327/327 321/321/321
f 326/326/326 327/327/327 328/328/328
f 334/334/334 333/333/333 336/336/336
f 339/339/339 334/334/334 336/336/336
f 337/337/337 339/339/339 336/336/336
f 338/338/338 339/339/339 337/337/337
f 365/365/365 338/338/338 337/337/337
f 564/564/564 338/338/338 365/365/365
f 564/564/564 365/365/365 366/366/366
f 564/564/564 366/366/366 565/565/565
f 565/565/565 366/366/366 396/396/396
f 366/366/366 408/408/408 396/396/396
f 396/396/396 408/408/408 405/405/405
f 404/404/404 403/403/403 409/409/409
f 409/409/409 403/403/403 406/406/406
f 407/407/407 409/409/409 406/406/406
f 410/410/410 409/409/409 407/407/407
f 414/414/414 413/413/413 545/545/545
f 545/545/545 413/413/413 544/544/544
f 547/547/547 545/545/545 544/544/544
f 551/551/551 545/545/545 547/547/547
f 550/550/550 551/551/551 547/547/547
f 560/560/560 551/551/551 550/550/550
f 546/546/546 560/560/560 550/550/550
f 563/563/563 560/560/560 546/546/546
f 433/433/433 432/432/432 431/431/431
f 434/434/434 432/432/432 433/433/433
f 435/435/435 434/434/434 433/433/433
f 438/438/438 434/434/434 435/435/435
f 436/436/436 438/438/438 435/435/435
f 437/437/437 438/438/438 436/436/436
f 439/439/439 437/437/437 436/436/436
f 440/440/440 437/437/437 439/439/439
f 441/441/441 440/440/440 439/439/439
f 444/444/444 440/440/440 441/441/441
f 442/442/442 444/444/444 441/441/441
f 443/443/443 444/444/444 442/442/442
f 445/445/445 443/443/443 442/442/442
f 448/448/448 443/443/443 445/445/445
f 446/446/446 448/448/448 445/445/445
f 447/447/447 448/448/448 446/446/446
f 496/496/496 447/447/447 446/446/446
f 499/499/499 447/447/447 496/496/496
f 497/497/497 499/499/499 496/496/496
f 500/500/500 499/499/499 497/497/497
f 498/498/498 500/500/500 497/497/497
f 501/501/501 500/500/500 498/498/498
f 503/503/503 504/504/504 502/502/502
f 505/505/505 504/504/504 503/503/503
f 562/562/562 566/566/566 561/561/561
f 567/567/567 566/566/566 562/562/562
f 570/570/570 571/571/571 569/569/569
f 527/527/527 571/571/571 570/570/570
f 568/568/568 527/527/527 570/570/570
f 526/526/526 527/527/527 568/568/568
f 577/577/577 524/524/524 525/525/525
f 576/576/576 524/524/524 577/577/577
f 533/533/533 576/576/576 577/577/577
f 532/532/532 576/576/576 533/533/533
f 531/531/531 532/532/532 533/533/533
f 530/530/530 532/532/532 531/531/531
f 529/529/529 530/530/530 531/531/531
f 528/528/528 530/530/530 529/529/529
f 573/573/573 528/528/528 529/529/529
f 574/574/574 528/528/528 573/573/573
f 580/580/580 574/574/574 573/573/573
f 586/586/586 574/574/574 580/580/580
f 581/581/581 586/586/586 580/580/580
f 585/585/585 586/586/586 581/581/581
f 594/594/594 585/585/585 581/581/581
f 595/595/595 585/585/585 594/594/594
f 596/596/596 595/595/595 594/594/594
f 605/605/605 595/595/595 596/596/596
f 597/597/597 605/605/605 596/596/596
f 604/604/604 605/605/605 597/597/597
f 557/557/557 604/604/604 597/597/597
f 556/556/556 604/604/604 557/557/557
f 555/555/555 556/556/556 557/557/557
f 554/554/554 556/556/556 555/555/555
f 553/553/553 554/554/554 555/555/555
f 549/549/549 554/554/554 553/553/553
f 552/552/552 549/549/549 553/553/553
f 548/548/548 549/549/549 552/552/552
f 400/400/400 401/401/401 402/402/402
f 398/398/398 401/401/401 400/400/400
f 399/399/399 398/398/398 400/400/400
f 397/397/397 398/398/398 399/399/399
f 463/463/463 464/464/464 462/462/462
f 465/465/465 464/464/464 463/463/463
f 625/625/625 472/472/472 623/623/623
f 625/625/625 623/623/623 622/622/622
f 622/622/622 623/623/623 621/621/621
f 475/475/475 622/622/622 621/621/621
f 475/475/475 621/621/621 474/474/474
f 621/621/621 615/615/615 474/474/474
f 621/621/621 617/617/617 615/615/615
f 617/617/617 616/616/616 615/615/615
f 617/617/617 575/575/575 616/616/616
f 616/616/616 575/575/575 582/582/582
f 582/582/582 487/487/487 616/616/616
f 488/488/488 487/487/487 582/582/582
f 478/478/478 487/487/487 488/488/488
f 482/482/482 583/583/583 587/587/587
f 481/481/481 583/583/583 482/482/482
f 482/482/482 483/483/483 481/481/481
f 485/485/485 483/483/483 482/482/482
f 480/480/480 479/479/479 612/612/612
f 612/612/612 479/479/479 610/610/610
f 612/612/612 610/610/610 603/603/603
f 603/603/603 610/610/610 602/602/602
f 603/603/603 602/602/602 609/609/609
f 609/609/609 602/602/602 593/593/593
f 484/484/484 630/630/630 486/486/486
f 486/486/486 630/630/630 628/628/628
f 632/632/632 628/628/628 630/630/630
f 631/631/631 628/628/628 632/632/632
f 632/632/632 634/634/634 631/631/631
f 633/633/633 634/634/634 632/632/632
f 633/633/633 635/635/635 634/634/634
f 636/636/636 635/635/635 633/633/633
f 636/636/636 637/637/637 635/635/635
f 639/639/639 637/637/637 636/636/636
f 627/627/627 614/614/614 611/611/611
f 629/629/629 614/614/614 627/627/627
f 629/629/629 627/627/627 626/626/626
f 626/626/626 627/627/627 624/624/624
f 626/626/626 624/624/624 642/642/642
f 642/642/642 624/624/624 640/640/640
f 642/642/642 640/640/640 641/641/641
f 641/641/641 640/640/640 638/638/638
f 651/651/651 653/653/653 650/650/650
f 650/650/650 653/653/653 648/648/648
f 650/650/650 648/648/648 649/649/649
f 649/649/649 648/648/648 646/646/646
f 649/649/649 646/646/646 647/647/647
f 647/647/647 646/646/646 645/645/645
f 647/647/647 645/645/645 644/644/644
f 644/644/644 645/645/645 643/643/643
f 644/644/644 643/643/643 673/673/673
f 673/673/673 643/643/643 672/672/672
f 673/673/673 672/672/672 671/671/671
f 671/671/671 672/672/672 669/669/669
f 660/660/660 661/661/661 652/652/652
f 660/660/660 659/659/659 661/661/661
f 661/661/661 659/659/659 658/658/658
f 657/657/657 655/655/655 654/654/654
f 656/656/656 655/655/655 657/657/657
f 662/662/662 665/665/665 663/663/663
f 664/664/664 665/665/665 662/662/662
f 668/668/668 667/667/667 666/666/666
f 670/670/670 667/667/667 668/668/668
f 707/707/707 708/708/708 709/709/709
f 709/709/709 708/708/708 681/681/681
f 709/709/709 681/681/681 682/682/682
f 682/682/682 681/681/681 679/679/679
f 682/682/682 679/679/679 676/676/676
f 676/676/676 679/679/679 674/674/674
f 676/676/676 674/674/674 677/677/677
f 677/677/677 674/674/674 675/675/675
f 677/677/677 675/675/675 741/741/741
f 741/741/741 675/675/675 742/742/742
f 741/741/741 742/742/742 743/743/743
f 743/743/743 742/742/742 719/719/719
f 743/743/743 719/719/719 744/744/744
f 744/744/744 719/719/719 718/718/718
f 744/744/744 718/718/718 716/716/716
f 716/716/716 718/718/718 717/717/717
f 716/716/716 717/717/717 715/715/715
f 715/715/715 717/717/717 714/714/714
f 723/723/723 722/722/722 706/706/706
f 720/720/720 722/722/722 723/723/723
f 734/734/734 721/721/721 735/735/735
f 710/710/710 721/721/721 734/734/734
f 710/710/710 711/711/711 721/721/721
f 712/712/712 711/711/711 710/710/710
f 712/712/712 713/713/713 711/711/711
f 715/715/715 713/713/713 712/712/712
f 737/737/737 740/740/740 739/739/739
f 737/737/737 739/739/739 738/738/738
f 737/737/737 738/738/738 749/749/749
f 749/749/749 738/738/738 750/750/750
f 747/747/747 749/749/749 750/750/750
f 761/761/761 749/749/749 747/747/747
f 761/761/761 747/747/747 746/746/746
f 746/746/746 747/747/747 748/748/748
f 745/745/745 751/751/751 760/760/760
f 752/752/752 751/751/751 745/745/745
f 759/759/759 758/758/758 753/753/753
f 732/732/732 758/758/758 759/759/759
f 733/733/733 765/765/765 731/731/731
f 764/764/764 765/765/765 733/733/733
f 726/726/726 725/725/725 727/727/727
f 767/767/767 725/725/725 726/726/726
f 778/778/778 771/771/771 724/724/724
f 777/777/777 771/771/771 778/778/778
f 789/789/789 787/787/787 772/772/772
f 774/774/774 787/787/787 789/789/789
f 775/775/775 776/776/776 773/773/773
f 788/788/788 776/776/776 775/775/775
f 786/786/786 785/785/785 790/790/790
f 783/783/783 785/785/785 786/786/786
f 779/779/779 882/882/882 780/780/780
f 826/826/826 882/882/882 779/779/779
f 826/826/826 881/881/881 882/882/882
f 827/827/827 881/881/881 826/826/826
f 866/866/866 881/881/881 827/827/827
f 862/862/862 881/881/881 866/866/866
f 809/809/809 814/814/814 807/807/807
f 807/807/807 814/814/814 876/876/876
f 876/876/876 816/816/816 807/807/807
f 807/807/807 816/816/816 806/806/806
f 816/816/816 819/819/819 806/806/806
f 806/806/806 819/819/819 810/810/810
f 819/819/819 915/915/915 810/810/810
f 810/810/810 915/915/915 798/798/798
f 814/814/814 913/913/913 876/876/876
f 876/876/876 913/913/913 817/817/817
f 876/876/876 817/817/817 816/816/816
f 816/816/816 817/817/817 914/914/914
f 816/816/816 914/914/914 819/819/819
f 819/819/819 914/914/914 818/818/818
f 819/819/819 818/818/818 915/915/915
f 915/915/915 818/818/818 916/916/916
f 915/915/915 916/916/916 829/829/829
f 799/799/799 915/915/915 829/829/829
f 798/798/798 915/915/915 799/799/799
f 817/817/817 913/913/913 871/871/871
f 871/871/871 914/914/914 817/817/817
f 869/869/869 914/914/914 871/871/871
f 869/869/869 818/818/818 914/914/914
f 867/867/867 818/818/818 869/869/869
f 867/867/867 916/916/916 818/818/818
f 897/897/897 916/916/916 867/867/867
f 899/899/899 916/916/916 897/897/897
f 831/831/831 916/916/916 899/899/899
f 829/829/829 916/916/916 831/831/831
f 871/871/871 913/913/913 870/870/870
f 899/899/899 898/898/898 831/831/831
f 831/831/831 898/898/898 835/835/835
f 833/833/833 831/831/831 835/835/835
f 829/829/829 831/831/831 833/833/833
f 833/833/833 795/795/795 829/829/829
f 829/829/829 795/795/795 799/799/799
f 898/898/898 896/896/896 835/835/835
f 835/835/835 896/896/896 812/812/812
f 837/837/837 835/835/835 812/812/812
f 833/833/833 835/835/835 837/837/837
f 837/837/837 803/803/803 833/833/833
f 833/833/833 803/803/803 795/795/795
f 896/896/896 883/883/883 812/812/812
f 912/912/912 812/812/812 883/883/883
f 837/837/837 812/812/812 912/912/912
f 837/837/837 912/912/912 803/803/803
f 803/803/803 912/912/912 802/802/802
f 912/912/912 800/800/800 802/802/802
f 885/885/885 800/800/800 912/912/912
f 885/885/885 875/875/875 800/800/800
f 800/800/800 875/875/875 801/801/801
f 841/841/841 883/883/883 896/896/896
f 841/841/841 840/840/840 883/883/883
f 883/883/883 840/840/840 886/886/886
f 885/885/885 883/883/883 886/886/886
f 912/912/912 883/883/883 885/885/885
f 840/840/840 873/873/873 886/886/886
f 875/875/875 886/886/886 873/873/873
f 885/885/885 886/886/886 875/875/875
f 839/839/839 873/873/873 840/840/840
f 839/839/839 884/884/884 873/873/873
f 813/813/813 873/873/873 884/884/884
f 875/875/875 873/873/873 813/813/813
f 875/875/875 813/813/813 801/801/801
f 801/801/801 813/813/813 804/804/804
f 813/813/813 874/874/874 804/804/804
f 804/804/804 874/874/874 805/805/805
f 874/874/874 808/808/808 805/805/805
f 838/838/838 884/884/884 839/839/839
f 838/838/838 815/815/815 884/884/884
f 874/874/874 884/884/884 815/815/815
f 813/813/813 884/884/884 874/874/874
f 868/868/868 815/815/815 838/838/838
f 868/868/868 872/872/872 815/815/815
f 815/815/815 872/872/872 856/856/856
f 857/857/857 815/815/815 856/856/856
f 874/874/874 815/815/815 857/857/857
f 857/857/857 808/808/808 874/874/874
f 857/857/857 858/858/858 808/808/808
f 857/857/857 856/856/856 858/858/858
f 860/860/860 858/858/858 856/856/856
f 865/865/865 860/860/860 856/856/856
f 859/859/859 860/860/860 865/865/865
f 856/856/856 872/872/872 865/865/865
f 794/794/794 797/797/797 811/811/811
f 793/793/793 794/794/794 811/811/811
f 792/792/792 793/793/793 811/811/811
f 791/791/791 792/792/792 811/811/811
f 847/847/847 791/791/791 811/811/811
f 796/796/796 791/791/791 847/847/847
f 846/846/846 796/796/796 847/847/847
f 848/848/848 846/846/846 847/847/847
f 850/850/850 848/848/848 847/847/847
f 845/845/845 850/850/850 847/847/847
f 843/843/843 845/845/845 847/847/847
f 844/844/844 845/845/845 843/843/843
f 842/842/842 844/844/844 843/843/843
f 842/842/842 877/877/877 844/844/844
f 917/917/917 877/877/877 842/842/842
f 917/917/917 822/822/822 877/877/877
f 820/820/820 822/822/822 917/917/917
f 900/900/900 901/901/901 902/902/902
f 903/903/903 900/900/900 902/902/902
f 904/904/904 900/900/900 903/903/903
f 905/905/905 900/900/900 904/904/904
f 909/909/909 900/900/900 905/905/905
f 907/907/907 909/909/909 905/905/905
f 908/908/908 909/909/909 907/907/907
f 906/906/906 909/909/909 908/908/908
f 910/910/910 909/909/909 906/906/906
f 893/893/893 909/909/909 910/910/910
f 894/894/894 909/909/909 893/893/893
f 889/889/889 894/894/894 893/893/893
f 895/895/895 894/894/894 889/889/889
f 889/889/889 878/878/878 895/895/895
f 895/895/895 878/878/878 823/823/823
f 878/878/878 821/821/821 823/823/823
f 823/823/823 821/821/821 879/879/879
f 824/824/824 919/919/919 826/826/826
f 918/918/918 824/824/824 826/826/826
f 825/825/825 824/824/824 918/918/918
f 855/855/855 932/932/932 911/911/911
f 855/855/855 931/931/931 932/932/932
f 932/932/932 931/931/931 933/933/933
f 933/933/933 931/931/931 930/930/930
f 930/930/930 926/926/926 933/933/933
f 930/930/930 854/854/854 926/926/926
f 854/854/854 930/930/930 853/853/853
f 925/925/925 931/931/931 855/855/855
f 925/925/925 828/828/828 931/931/931
f 931/931/931 828/828/828 921/921/921
f 931/931/931 921/921/921 930/930/930
f 930/930/930 921/921/921 888/888/888
f 930/930/930 888/888/888 853/853/853
f 853/853/853 888/888/888 887/887/887
f 888/888/888 922/922/922 887/887/887
f 887/887/887 922/922/922 830/830/830
f 855/855/855 834/834/834 925/925/925
f 834/834/834 924/924/924 925/925/925
f 925/925/925 924/924/924 828/828/828
f 828/828/828 924/924/924 923/923/923
f 923/923/923 832/832/832 828/828/828
f 828/828/828 832/832/832 921/921/921
f 832/832/832 922/922/922 921/921/921
f 921/921/921 922/922/922 888/888/888
f 923/923/923 924/924/924 836/836/836
f 944/944/944 943/943/943 945/945/945
f 945/945/945 943/943/943 942/942/942
f 945/945/945 942/942/942 939/939/939
f 939/939/939 942/942/942 940/940/940
f 940/940/940 941/941/941 939/939/939
f 939/939/939 941/941/941 938/938/938
f 938/938/938 941/941/941 934/934/934
f 934/934/934 941/941/941 935/935/935
f 943/943/943 947/947/947 942/942/942
f 942/942/942 947/947/947 948/948/948
f 942/942/942 948/948/948 940/940/940
f 940/940/940 948/948/948 953/953/953
f 950/950/950 940/940/940 953/953/953
f 941/941/941 940/940/940 950/950/950
f 950/950/950 935/935/935 941/941/941
f 936/936/936 935/935/935 950/950/950
f 937/937/937 936/936/936 950/950/950
f 951/951/951 937/937/937 950/950/950
f 948/948/948 947/947/947 949/949/949
f 952/952/952 948/948/948 949/949/949
f 953/953/953 948/948/948 952/952/952
f 952/952/952 951/951/951 953/953/953
f 953/953/953 951/951/951 950/950/950
f 949/949/949 947/947/947 946/946/946
f 995/995/995 956/956/956 996/996/996
f 995/995/995 996/996/996 997/997/997
f 997/997/997 996/996/996 998/998/998
f 959/959/959 997/997/997 998/998/998
f 959/959/959 998/998/998 961/961/961
f 998/998/998 973/973/973 961/961/961
f 998/998/998 1002/1002/1002 973/973/973
f 1002/1002/1002 972/972/972 973/973/973
f 1002/1002/1002 967/967/967 972/972/972
f 972/972/972 967/967/967 963/963/963
f 968/968/968 972/972/972 963/963/963
f 982/982/982 972/972/972 968/968/968
f 983/983/983 982/982/982 968/968/968
f 989/989/989 962/962/962 964/964/964
f 986/986/986 962/962/962 989/989/989
f 989/989/989 987/987/987 986/986/986
f 986/986/986 987/987/987 988/988/988
f 985/985/985 984/984/984 977/977/977
f 977/977/977 984/984/984 978/978/978
f 977/977/977 978/978/978 979/979/979
f 979/979/979 978/978/978 980/980/980
f 979/979/979 980/980/980 981/981/981
f 981/981/981 980/980/980 991/991/991
f 990/990/990 1008/1008/1008 992/992/992
f 992/992/992 1008/1008/1008 1009/1009/1009
f 1014/1014/1014 1009/1009/1009 1008/1008/1008
f 1011/1011/1011 1009/1009/1009 1014/1014/1014
f 1014/1014/1014 1012/1012/1012 1011/1011/1011
f 1013/1013/1013 1012/1012/1012 1014/1014/1014
f 1013/1013/1013 1019/1019/1019 1012/1012/1012
f 1022/1022/1022 1019/1019/1019 1013/1013/1013
f 1022/1022/1022 1020/1020/1020 1019/1019/1019
f 1021/1021/1021 1020/1020/1020 1022/1022/1022
f 1007/1007/1007 974/974/974 975/975/975
f 1010/1010/1010 974/974/974 1007/1007/1007
f 1010/1010/1010 1007/1007/1007 993/993/993
f 993/993/993 1007/1007/1007 994/994/994
f 993/993/993 994/994/994 1017/1017/1017
f 1017/1017/1017 994/994/994 1023/1023/1023
f 1017/1017/1017 1023/1023/1023 1016/1016/1016
f 1016/1016/1016 1023/1023/1023 1018/1018/1018
f 1049/1049/1049 1038/1038/1038 1062/1062/1062
f 1039/1039/1039 1038/1038/1038 1049/1049/1049
f 1042/1042/1042 1045/1045/1045 1041/1041/1041
f 1041/1041/1041 1045/1045/1045 1043/1043/1043
f 1045/1045/1045 1044/1044/1044 1043/1043/1043
f 1046/1046/1046 1044/1044/1044 1045/1045/1045
f 1072/1072/1072 1044/1044/1044 1046/1046/1046
f 1071/1071/1071 1072/1072/1072 1046/1046/1046
f 1047/1047/1047 1072/1072/1072 1071/1071/1071
f 1071/1071/1071 1069/1069/1069 1047/1047/1047
f 1070/1070/1070 1069/1069/1069 1071/1071/1071
f 1068/1068/1068 1069/1069/1069 1070/1070/1070
f 1066/1066/1066 1069/1069/1069 1068/1068/1068
f 1067/1067/1067 1066/1066/1066 1068/1068/1068
f 1078/1078/1078 1066/1066/1066 1067/1067/1067
f 1078/1078/1078 1065/1065/1065 1066/1066/1066
f 1073/1073/1073 1074/1074/1074 1077/1077/1077
f 1076/1076/1076 1074/1074/1074 1073/1073/1073
f 1088/1088/1088 1075/1075/1075 1089/1089/1089
f 1079/1079/1079 1075/1075/1075 1088/1088/1088
f 1080/1080/1080 1087/1087/1087 1081/1081/1081
f 1086/1086/1086 1087/1087/1087 1080/1080/1080
f 1086/1086/1086 1059/1059/1059 1087/1087/1087
f 1060/1060/1060 1059/1059/1059 1086/1086/1086
f 1093/1093/1093 1059/1059/1059 1060/1060/1060
f 1061/1061/1061 1059/1059/1059 1093/1093/1093
f 1093/1093/1093 1092/1092/1092 1061/1061/1061
f 1055/1055/1055 1092/1092/1092 1093/1093/1093
f 1055/1055/1055 1054/1054/1054 1092/1092/1092
f 1053/1053/1053 1054/1054/1054 1055/1055/1055
f 1052/1052/1052 1095/1095/1095 1105/1105/1105
f 1105/1105/1105 1095/1095/1095 1102/1102/1102
f 1103/1103/1103 1105/1105/1105 1102/1102/1102
f 1103/1103/1103 1104/1104/1104 1105/1105/1105
f 1164/1164/1164 1104/1104/1104 1103/1103/1103
f 1164/1164/1164 1165/1165/1165 1104/1104/1104
f 1166/1166/1166 1165/1165/1165 1164/1164/1164
f 1169/1169/1169 1165/1165/1165 1166/1166/1166
f 1168/1168/1168 1165/1165/1165 1169/1169/1169
f 1172/1172/1172 1168/1168/1168 1169/1169/1169
f 1167/1167/1167 1168/1168/1168 1172/1172/1172
f 1172/1172/1172 1170/1170/1170 1167/1167/1167
f 1172/1172/1172 1171/1171/1171 1170/1170/1170
f 1173/1173/1173 1171/1171/1171 1172/1172/1172
f 1175/1175/1175 1174/1174/1174 1176/1176/1176
f 1176/1176/1176 1174/1174/1174 1177/1177/1177
f 1177/1177/1177 1178/1178/1178 1176/1176/1176
f 1179/1179/1179 1178/1178/1178 1177/1177/1177
f 1179/1179/1179 1180/1180/1180 1178/1178/1178
f 1181/1181/1181 1180/1180/1180 1179/1179/1179
f 1181/1181/1181 1182/1182/1182 1180/1180/1180
f 1183/1183/1183 1182/1182/1182 1181/1181/1181
f 1183/1183/1183 1184/1184/1184 1182/1182/1182
f 1185/1185/1185 1184/1184/1184 1183/1183/1183
f 1185/1185/1185 1188/1188/1188 1184/1184/1184
f 1186/1186/1186 1188/1188/1188 1185/1185/1185
f 1187/1187/1187 1188/1188/1188 1186/1186/1186
f 1189/1189/1189 1188/1188/1188 1187/1187/1187
f 1196/1196/1196 1199/1199/1199 1190/1190/1190
f 1206/1206/1206 1199/1199/1199 1196/1196/1196
f 1136/1136/1136 1199/1199/1199 1206/1206/1206
f 1138/1138/1138 1136/1136/1136 1206/1206/1206
f 1137/1137/1137 1136/1136/1136 1138/1138/1138
f 1141/1141/1141 1136/1136/1136 1137/1137/1137
f 1141/1141/1141 1140/1140/1140 1136/1136/1136
f 1143/1143/1143 1140/1140/1140 1141/1141/1141
f 1142/1142/1142 1140/1140/1140 1143/1143/1143
f 1144/1144/1144 1142/1142/1142 1143/1143/1143
f 1145/1145/1145 1142/1142/1142 1144/1144/1144
f 1137/1137/1137 1138/1138/1138 1139/1139/1139
f 1139/1139/1139 1138/1138/1138 1563/1563/1563
f 1563/1563/1563 1564/1564/1564 1139/1139/1139
f 1139/1139/1139 1564/1564/1564 1562/1562/1562
f 1564/1564/1564 1561/1561/1561 1562/1562/1562
f 1562/1562/1562 1561/1561/1561 1560/1560/1560
f 1563/1563/1563 1138/1138/1138 1271/1271/1271
f 1138/1138/1138 1264/1264/1264 1271/1271/1271
f 1271/1271/1271 1264/1264/1264 1262/1262/1262
f 1262/1262/1262 1264/1264/1264 1258/1258/1258
f 1340/1340/1340 1145/1145/1145 1144/1144/1144
f 1345/1345/1345 1145/1145/1145 1340/1340/1340
f 1340/1340/1340 1339/1339/1339 1345/1345/1345
f 1333/1333/1333 1339/1339/1339 1340/1340/1340
f 1333/1333/1333 1160/1160/1160 1339/1339/1339
f 1159/1159/1159 1160/1160/1160 1333/1333/1333
f 1159/1159/1159 1158/1158/1158 1160/1160/1160
f 1157/1157/1157 1158/1158/1158 1159/1159/1159
f 1157/1157/1157 1155/1155/1155 1158/1158/1158
f 1156/1156/1156 1155/1155/1155 1157/1157/1157
f 1156/1156/1156 1147/1147/1147 1155/1155/1155
f 1146/1146/1146 1147/1147/1147 1156/1156/1156
f 1148/1148/1148 1147/1147/1147 1146/1146/1146
f 1149/1149/1149 1147/1147/1147 1148/1148/1148
f 1150/1150/1150 1149/1149/1149 1148/1148/1148
f 1151/1151/1151 1149/1149/1149 1150/1150/1150
f 1154/1154/1154 1151/1151/1151 1150/1150/1150
f 1349/1349/1349 1151/1151/1151 1154/1154/1154
f 1153/1153/1153 1349/1349/1349 1154/1154/1154
f 1152/1152/1152 1349/1349/1349 1153/1153/1153
f 1360/1360/1360 1349/1349/1349 1152/1152/1152
f 1349/1349/1349 1360/1360/1360 1213/1213/1213
f 1213/1213/1213 1360/1360/1360 1211/1211/1211
f 1192/1192/1192 1198/1198/1198 1191/1191/1191
f 1197/1197/1197 1198/1198/1198 1192/1192/1192
f 1197/1197/1197 1209/1209/1209 1198/1198/1198
f 1207/1207/1207 1209/1209/1209 1197/1197/1197
f 1207/1207/1207 1208/1208/1208 1209/1209/1209
f 1257/1257/1257 1208/1208/1208 1207/1207/1207
f 1202/1202/1202 1200/1200/1200 1193/1193/1193
f 1202/1202/1202 1260/1260/1260 1200/1200/1200
f 1370/1370/1370 1260/1260/1260 1202/1202/1202
f 1370/1370/1370 1354/1354/1354 1260/1260/1260
f 1370/1370/1370 1364/1364/1364 1354/1354/1354
f 1364/1364/1364 1245/1245/1245 1354/1354/1354
f 1354/1354/1354 1245/1245/1245 1247/1247/1247
f 1354/1354/1354 1247/1247/1247 1274/1274/1274
f 1354/1354/1354 1274/1274/1274 1268/1268/1268
f 1268/1268/1268 1274/1274/1274 1267/1267/1267
f 1268/1268/1268 1267/1267/1267 1263/1263/1263
f 1363/1363/1363 1364/1364/1364 1370/1370/1370
f 1374/1374/1374 1363/1363/1363 1370/1370/1370
f 1374/1374/1374 1373/1373/1373 1363/1363/1363
f 1371/1371/1371 1373/1373/1373 1374/1374/1374
f 1371/1371/1371 1372/1372/1372 1373/1373/1373
f 1375/1375/1375 1372/1372/1372 1371/1371/1371
f 1375/1375/1375 1377/1377/1377 1372/1372/1372
f 1376/1376/1376 1377/1377/1377 1375/1375/1375
f 1378/1378/1378 1377/1377/1377 1376/1376/1376
f 1379/1379/1379 1377/1377/1377 1378/1378/1378
f 1380/1380/1380 1379/1379/1379 1378/1378/1378
f 1381/1381/1381 1379/1379/1379 1380/1380/1380
f 1382/1382/1382 1381/1381/1381 1380/1380/1380
f 1384/1384/1384 1381/1381/1381 1382/1382/1382
f 1386/1386/1386 1384/1384/1384 1382/1382/1382
f 1383/1383/1383 1384/1384/1384 1386/1386/1386
f 1387/1387/1387 1383/1383/1383 1386/1386/1386
f 1385/1385/1385 1383/1383/1383 1387/1387/1387
f 1387/1387/1387 1389/1389/1389 1385/1385/1385
f 1390/1390/1390 1389/1389/1389 1387/1387/1387
f 1390/1390/1390 1391/1391/1391 1389/1389/1389
f 1388/1388/1388 1391/1391/1391 1390/1390/1390
f 1388/1388/1388 1393/1393/1393 1391/1391/1391
f 1396/1396/1396 1393/1393/1393 1388/1388/1388
f 1396/1396/1396 1392/1392/1392 1393/1393/1393
f 1396/1396/1396 1394/1394/1394 1392/1392/1392
f 1396/1396/1396 1395/1395/1395 1394/1394/1394
f 1396/1396/1396 1284/1284/1284 1395/1395/1395
f 1395/1395/1395 1284/1284/1284 1281/1281/1281
f 1247/1247/1247 1245/1245/1245 1246/1246/1246
f 1246/1246/1246 1245/1245/1245 1248/1248/1248
f 1246/1246/1246 1248/1248/1248 1249/1249/1249
f 1249/1249/1249 1248/1248/1248 1336/1336/1336
f 1336/1336/1336 1344/1344/1344 1249/1249/1249
f 1344/1344/1344 1343/1343/1343 1249/1249/1249
f 1343/1343/1343 1348/1348/1348 1249/1249/1249
f 1249/1249/1249 1348/1348/1348 1306/1306/1306
f 1306/1306/1306 1348/1348/1348 1308/1308/1308
f 1344/1344/1344 1336/1336/1336 1301/1301/1301
f 1301/1301/1301 1336/1336/1336 1302/1302/1302
f 1301/1301/1301 1302/1302/1302 1216/1216/1216
f 1216/1216/1216 1302/1302/1302 1217/1217/1217
f 1216/1216/1216 1217/1217/1217 1215/1215/1215
f 1215/1215/1215 1217/1217/1217 1214/1214/1214
f 1195/1195/1195 1201/1201/1201 1194/1194/1194
f 1205/1205/1205 1201/1201/1201 1195/1195/1195
f 1205/1205/1205 1204/1204/1204 1201/1201/1201
f 1203/1203/1203 1204/1204/1204 1205/1205/1205
f 1261/1261/1261 1265/1265/1265 1259/1259/1259
f 1266/1266/1266 1265/1265/1265 1261/1261/1261
f 1266/1266/1266 1272/1272/1272 1265/1265/1265
f 1273/1273/1273 1272/1272/1272 1266/1266/1266
f 1273/1273/1273 1330/1330/1330 1272/1272/1272
f 1329/1329/1329 1330/1330/1330 1273/1273/1273
f 1330/1330/1330 1329/1329/1329 1327/1327/1327
f 1327/1327/1327 1329/1329/1329 1323/1323/1323
f 1327/1327/1327 1323/1323/1323 1322/1322/1322
f 1322/1322/1322 1323/1323/1323 1324/1324/1324
f 1270/1270/1270 1269/1269/1269 1288/1288/1288
f 1288/1288/1288 1269/1269/1269 1331/1331/1331
f 1288/1288/1288 1331/1331/1331 1332/1332/1332
f 1332/1332/1332 1331/1331/1331 1328/1328/1328
f 1278/1278/1278 1276/1276/1276 1275/1275/1275
f 1277/1277/1277 1276/1276/1276 1278/1278/1278
f 1278/1278/1278 1279/1279/1279 1277/1277/1277
f 1280/1280/1280 1279/1279/1279 1278/1278/1278
f 1282/1282/1282 1210/1210/1210 1283/1283/1283
f 1212/1212/1212 1210/1210/1210 1282/1282/1282
f 1311/1311/1311 1307/1307/1307 1305/1305/1305
f 1312/1312/1312 1307/1307/1307 1311/1311/1311
f 1311/1311/1311 1310/1310/1310 1312/1312/1312
f 1309/1309/1309 1310/1310/1310 1311/1311/1311
f 1131/1131/1131 1162/1162/1162 1163/1163/1163
f 1561/1561/1561 1162/1162/1162 1131/1131/1131
f 1135/1135/1135 1561/1561/1561 1131/1131/1131
f 1559/1559/1559 1561/1561/1561 1135/1135/1135
f 1559/1559/1559 1560/1560/1560 1561/1561/1561
f 1559/1559/1559 1321/1321/1321 1560/1560/1560
f 1560/1560/1560 1321/1321/1321 1318/1318/1318
f 1321/1321/1321 1317/1317/1317 1318/1318/1318
f 1318/1318/1318 1317/1317/1317 1316/1316/1316
f 1316/1316/1316 1317/1317/1317 1315/1315/1315
f 1316/1316/1316 1315/1315/1315 1314/1314/1314
f 1359/1359/1359 1313/1313/1313 1161/1161/1161
f 1367/1367/1367 1313/1313/1313 1359/1359/1359
f 1359/1359/1359 1350/1350/1350 1367/1367/1367
f 1352/1352/1352 1350/1350/1350 1359/1359/1359
f 1352/1352/1352 1351/1351/1351 1350/1350/1350
f 1353/1353/1353 1351/1351/1351 1352/1352/1352
f 1353/1353/1353 1361/1361/1361 1351/1351/1351
f 1369/1369/1369 1361/1361/1361 1353/1353/1353
f 1287/1287/1287 1338/1338/1338 1286/1286/1286
f 1285/1285/1285 1338/1338/1338 1287/1287/1287
f 1285/1285/1285 1337/1337/1337 1338/1338/1338
f 1294/1294/1294 1337/1337/1337 1285/1285/1285
f 1294/1294/1294 1293/1293/1293 1337/1337/1337
f 1292/1292/1292 1293/1293/1293 1294/1294/1294
f 1292/1292/1292 1290/1290/1290 1293/1293/1293
f 1291/1291/1291 1290/1290/1290 1292/1292/1292
f 1291/1291/1291 1289/1289/1289 1290/1290/1290
f 1334/1334/1334 1289/1289/1289 1291/1291/1291
f 1334/1334/1334 1335/1335/1335 1289/1289/1289
f 1341/1341/1341 1335/1335/1335 1334/1334/1334
f 1341/1341/1341 1347/1347/1347 1335/1335/1335
f 1346/1346/1346 1347/1347/1347 1341/1341/1341
f 1346/1346/1346 1342/1342/1342 1347/1347/1347
f 1355/1355/1355 1342/1342/1342 1346/1346/1346
f 1355/1355/1355 1357/1357/1357 1342/1342/1342
f 1356/1356/1356 1357/1357/1357 1355/1355/1355
f 1356/1356/1356 1366/1366/1366 1357/1357/1357
f 1365/1365/1365 1366/1366/1366 1356/1356/1356
f 1365/1365/1365 1358/1358/1358 1366/1366/1366
f 1325/1325/1325 1358/1358/1358 1365/1365/1365
f 1133/1133/1133 1132/1132/1132 1326/1326/1326
f 1134/1134/1134 1132/1132/1132 1133/1133/1133
f 1362/1362/1362 1299/1299/1299 1368/1368/1368
f 1300/1300/1300 1299/1299/1299 1362/1362/1362
f 1296/1296/1296 1297/1297/1297 1295/1295/1295
f 1298/1298/1298 1297/1297/1297 1296/1296/1296
f 1298/1298/1298 1303/1303/1303 1297/1297/1297
f 1304/1304/1304 1303/1303/1303 1298/1298/1298
f 1255/1255/1255 1254/1254/1254 1256/1256/1256
f 1252/1252/1252 1254/1254/1254 1255/1255/1255
f 1252/1252/1252 1253/1253/1253 1254/1254/1254
f 1250/1250/1250 1253/1253/1253 1252/1252/1252
f 1250/1250/1250 1251/1251/1251 1253/1253/1253
f 1320/1320/1320 1251/1251/1251 1250/1250/1250
f 1320/1320/1320 1319/1319/1319 1251/1251/1251
f 1218/1218/1218 1319/1319/1319 1320/1320/1320
f 1218/1218/1218 1219/1219/1219 1319/1319/1319
f 1221/1221/1221 1219/1219/1219 1218/1218/1218
f 1221/1221/1221 1220/1220/1220 1219/1219/1219
f 1222/1222/1222 1220/1220/1220 1221/1221/1221
f 1222/1222/1222 1224/1224/1224 1220/1220/1220
f 1223/1223/1223 1224/1224/1224 1222/1222/1222
f 1223/1223/1223 1226/1226/1226 1224/1224/1224
f 1225/1225/1225 1226/1226/1226 1223/1223/1223
f 1225/1225/1225 1227/1227/1227 1226/1226/1226
f 1228/1228/1228 1227/1227/1227 1225/1225/1225
f 1228/1228/1228 1229/1229/1229 1227/1227/1227
f 1230/1230/1230 1229/1229/1229 1228/1228/1228
f 1230/1230/1230 1231/1231/1231 1229/1229/1229
f 1232/1232/1232 1231/1231/1231 1230/1230/1230
f 1232/1232/1232 1233/1233/1233 1231/1231/1231
f 1234/1234/1234 1233/1233/1233 1232/1232/1232
f 1234/1234/1234 1235/1235/1235 1233/1233/1233
f 1236/1236/1236 1235/1235/1235 1234/1234/1234
f 1236/1236/1236 1238/1238/1238 1235/1235/1235
f 1237/1237/1237 1238/1238/1238 1236/1236/1236
f 1239/1239/1239 1242/1242/1242 1240/1240/1240
f 1241/1241/1241 1242/1242/1242 1239/1239/1239
f 1241/1241/1241 1244/1244/1244 1242/1242/1242
f 1243/1243/1243 1244/1244/1244 1241/1241/1241
f 1421/1421/1421 1425/1425/1425 1420/1420/1420
f 1423/1423/1423 1425/1425/1425 1421/1421/1421
f 1424/1424/1424 1427/1427/1427 1426/1426/1426
f 1428/1428/1428 1427/1427/1427 1424/1424/1424
f 1435/1435/1435 1432/1432/1432 1433/1433/1433
f 1435/1435/1435 1440/1440/1440 1432/1432/1432
f 1444/1444/1444 1440/1440/1440 1435/1435/1435
f 1443/1443/1443 1440/1440/1440 1444/1444/1444
f 1443/1443/1443 1444/1444/1444 1434/1434/1434
f 1434/1434/1434 1444/1444/1444 1442/1442/1442
f 1442/1442/1442 1444/1444/1444 1445/1445/1445
f 1442/1442/1442 1445/1445/1445 1448/1448/1448
f 1583/1583/1583 1448/1448/1448 1445/1445/1445
f 1454/1454/1454 1448/1448/1448 1583/1583/1583
f 1453/1453/1453 1448/1448/1448 1454/1454/1454
f 1594/1594/1594 1448/1448/1448 1453/1453/1453
f 1582/1582/1582 1594/1594/1594 1453/1453/1453
f 1595/1595/1595 1116/1116/1116 1441/1441/1441
f 1118/1118/1118 1116/1116/1116 1595/1595/1595
f 1116/1116/1116 1118/1118/1118 1119/1119/1119
f 1119/1119/1119 1118/1118/1118 1452/1452/1452
f 1113/1113/1113 1108/1108/1108 1117/1117/1117
f 1117/1117/1117 1108/1108/1108 1106/1106/1106
f 1108/1108/1108 1450/1450/1450 1106/1106/1106
f 1106/1106/1106 1450/1450/1450 1107/1107/1107
f 1450/1450/1450 1109/1109/1109 1107/1107/1107
f 1107/1107/1107 1109/1109/1109 1451/1451/1451
f 1114/1114/1114 1496/1496/1496 1115/1115/1115
f 1484/1484/1484 1496/1496/1496 1114/1114/1114
f 1496/1496/1496 1484/1484/1484 1474/1474/1474
f 1474/1474/1474 1484/1484/1484 1472/1472/1472
f 1473/1473/1473 1474/1474/1474 1472/1472/1472
f 1475/1475/1475 1474/1474/1474 1473/1473/1473
f 1476/1476/1476 1475/1475/1475 1473/1473/1473
f 1479/1479/1479 1475/1475/1475 1476/1476/1476
f 1477/1477/1477 1479/1479/1479 1476/1476/1476
f 1478/1478/1478 1479/1479/1479 1477/1477/1477
f 1447/1447/1447 1483/1483/1483 1449/1449/1449
f 1497/1497/1497 1483/1483/1483 1447/1447/1447
f 1497/1497/1497 1482/1482/1482 1483/1483/1483
f 1483/1483/1483 1482/1482/1482 1485/1485/1485
f 1482/1482/1482 1505/1505/1505 1485/1485/1485
f 1485/1485/1485 1505/1505/1505 1506/1506/1506
f 1505/1505/1505 1480/1480/1480 1506/1506/1506
f 1506/1506/1506 1480/1480/1480 1481/1481/1481
f 1511/1511/1511 1510/1510/1510 1499/1499/1499
f 1509/1509/1509 1510/1510/1510 1511/1511/1511
f 1501/1501/1501 1509/1509/1509 1511/1511/1511
f 1512/1512/1512 1509/1509/1509 1501/1501/1501
f 1502/1502/1502 1512/1512/1512 1501/1501/1501
f 1500/1500/1500 1512/1512/1512 1502/1502/1502
f 1504/1504/1504 1500/1500/1500 1502/1502/1502
f 1503/1503/1503 1500/1500/1500 1504/1504/1504
f 1531/1531/1531 1503/1503/1503 1504/1504/1504
f 1529/1529/1529 1503/1503/1503 1531/1531/1531
f 1530/1530/1530 1529/1529/1529 1531/1531/1531
f 1489/1489/1489 1529/1529/1529 1530/1530/1530
f 1520/1520/1520 1508/1508/1508 1519/1519/1519
f 1520/1520/1520 1519/1519/1519 1518/1518/1518
f 1518/1518/1518 1519/1519/1519 1517/1517/1517
f 1507/1507/1507 1522/1522/1522 1523/1523/1523
f 1516/1516/1516 1522/1522/1522 1507/1507/1507
f 1492/1492/1492 1490/1490/1490 1498/1498/1498
f 1528/1528/1528 1490/1490/1490 1492/1492/1492
f 1491/1491/1491 1525/1525/1525 1524/1524/1524
f 1532/1532/1532 1525/1525/1525 1491/1491/1491
f 1495/1495/1495 1515/1515/1515 1521/1521/1521
f 1521/1521/1521 1515/1515/1515 1493/1493/1493
f 1515/1515/1515 1494/1494/1494 1493/1493/1493
f 1493/1493/1493 1494/1494/1494 1486/1486/1486
f 1494/1494/1494 1527/1527/1527 1486/1486/1486
f 1486/1486/1486 1527/1527/1527 1526/1526/1526
f 1527/1527/1527 1488/1488/1488 1526/1526/1526
f 1526/1526/1526 1488/1488/1488 1487/1487/1487
f 1488/1488/1488 283/283/283 1487/1487/1487
f 1487/1487/1487 283/283/283 325/325/325
f 283/283/283 285/285/285 325/325/325
f 325/325/325 285/285/285 1534/1534/1534
f 285/285/285 1083/1083/1083 1534/1534/1534
f 1534/1534/1534 1083/1083/1083 1082/1082/1082
f 1083/1083/1083 1064/1064/1064 1082/1082/1082
f 1082/1082/1082 1064/1064/1064 1084/1084/1084
f 1064/1064/1064 1085/1085/1085 1084/1084/1084
f 1084/1084/1084 1085/1085/1085 1057/1057/1057
f 1514/1514/1514 1533/1533/1533 1513/1513/1513
f 1097/1097/1097 1533/1533/1533 1514/1514/1514
f 1091/1091/1091 1096/1096/1096 1098/1098/1098
f 1090/1090/1090 1096/1096/1096 1091/1091/1091
f 1094/1094/1094 1090/1090/1090 1091/1091/1091
f 1056/1056/1056 1090/1090/1090 1094/1094/1094
f 1058/1058/1058 1056/1056/1056 1094/1094/1094
f 1085/1085/1085 1056/1056/1056 1058/1058/1058
f 323/323/323 322/322/322 284/284/284
f 323/323/323 282/282/282 322/322/322
f 289/289/289 282/282/282 323/323/323
f 290/290/290 282/282/282 289/289/289
f 289/289/289 291/291/291 290/290/290
f 317/317/317 291/291/291 289/289/289
f 311/311/311 291/291/291 317/317/317
f 309/309/309 291/291/291 311/311/311
f 1535/1535/1535 769/769/769 310/310/310
f 770/770/770 769/769/769 1535/1535/1535
f 763/763/763 762/762/762 768/768/768
f 766/766/766 762/762/762 763/763/763
f 728/728/728 729/729/729 730/730/730
f 757/757/757 729/729/729 728/728/728
f 736/736/736 754/754/754 756/756/756
f 755/755/755 754/754/754 736/736/736
f 1457/1457/1457 1456/1456/1456 1536/1536/1536
f 1455/1455/1455 1456/1456/1456 1457/1457/1457
f 1554/1554/1554 1566/1566/1566 1555/1555/1555
f 1596/1596/1596 1566/1566/1566 1554/1554/1554
f 1597/1597/1597 1568/1568/1568 1565/1565/1565
f 1539/1539/1539 1568/1568/1568 1597/1597/1597
f 1126/1126/1126 1128/1128/1128 1127/1127/1127
f 1567/1567/1567 1128/1128/1128 1126/1126/1126
f 1591/1591/1591 1545/1545/1545 1546/1546/1546
f 1601/1601/1601 1545/1545/1545 1591/1591/1591
f 1591/1591/1591 1588/1588/1588 1601/1601/1601
f 1601/1601/1601 1588/1588/1588 1589/1589/1589
f 1589/1589/1589 1588/1588/1588 1618/1618/1618
f 1618/1618/1618 1588/1588/1588 703/703/703
f 1551/1551/1551 687/687/687 1548/1548/1548
f 345/345/345 687/687/687 1551/1551/1551
f 687/687/687 345/345/345 344/344/344
f 344/344/344 345/345/345 353/353/353
f 353/353/353 1557/1557/1557 344/344/344
f 344/344/344 1557/1557/1557 1558/1558/1558
f 345/345/345 1551/1551/1551 348/348/348
f 345/345/345 348/348/348 353/353/353
f 353/353/353 348/348/348 343/343/343
f 353/353/353 343/343/343 1557/1557/1557
f 1557/1557/1557 343/343/343 1617/1617/1617
f 343/343/343 341/341/341 1617/1617/1617
f 1617/1617/1617 341/341/341 1621/1621/1621
f 341/341/341 1604/1604/1604 1621/1621/1621
f 1621/1621/1621 1604/1604/1604 1578/1578/1578
f 348/348/348 1551/1551/1551 1549/1549/1549
f 348/348/348 1549/1549/1549 688/688/688
f 348/348/348 688/688/688 343/343/343
f 343/343/343 688/688/688 341/341/341
f 688/688/688 689/689/689 341/341/341
f 341/341/341 689/689/689 1604/1604/1604
f 689/689/689 1606/1606/1606 1604/1604/1604
f 1604/1604/1604 1606/1606/1606 1608/1608/1608
f 1608/1608/1608 1463/1463/1463 1604/1604/1604
f 1604/1604/1604 1463/1463/1463 1578/1578/1578
f 688/688/688 1549/1549/1549 1538/1538/1538
f 688/688/688 1538/1538/1538 689/689/689
f 689/689/689 1538/1538/1538 1543/1543/1543
f 697/697/697 689/689/689 1543/1543/1543
f 1606/1606/1606 689/689/689 697/697/697
f 697/697/697 1544/1544/1544 1606/1606/1606
f 1606/1606/1606 1544/1544/1544 1607/1607/1607
f 1606/1606/1606 1607/1607/1607 1608/1608/1608
f 1608/1608/1608 1607/1607/1607 1609/1609/1609
f 1464/1464/1464 1608/1608/1608 1609/1609/1609
f 1463/1463/1463 1608/1608/1608 1464/1464/1464
f 1544/1544/1544 1540/1540/1540 1607/1607/1607
f 1607/1607/1607 1540/1540/1540 1610/1610/1610
f 1607/1607/1607 1610/1610/1610 1609/1609/1609
f 1609/1609/1609 1610/1610/1610 1612/1612/1612
f 1577/1577/1577 1609/1609/1609 1612/1612/1612
f 1464/1464/1464 1609/1609/1609 1577/1577/1577
f 1610/1610/1610 1540/1540/1540 1611/1611/1611
f 1610/1610/1610 1611/1611/1611 1612/1612/1612
f 1612/1612/1612 1611/1611/1611 684/684/684
f 1612/1612/1612 684/684/684 1577/1577/1577
f 1577/1577/1577 684/684/684 1579/1579/1579
f 1579/1579/1579 684/684/684 1574/1574/1574
f 1574/1574/1574 684/684/684 683/683/683
f 683/683/683 685/685/685 1574/1574/1574
f 1574/1574/1574 685/685/685 1573/1573/1573
f 1611/1611/1611 1540/1540/1540 1541/1541/1541
f 1541/1541/1541 1542/1542/1542 1611/1611/1611
f 1611/1611/1611 1542/1542/1542 346/346/346
f 1611/1611/1611 346/346/346 684/684/684
f 684/684/684 346/346/346 683/683/683
f 346/346/346 347/347/347 683/683/683
f 683/683/683 347/347/347 685/685/685
f 347/347/347 351/351/351 685/685/685
f 685/685/685 351/351/351 354/354/354
f 685/685/685 354/354/354 1573/1573/1573
f 1573/1573/1573 354/354/354 1575/1575/1575
f 354/354/354 349/349/349 1575/1575/1575
f 1575/1575/1575 349/349/349 1572/1572/1572
f 346/346/346 1542/1542/1542 347/347/347
f 347/347/347 1542/1542/1542 1570/1570/1570
f 347/347/347 1570/1570/1570 351/351/351
f 351/351/351 1570/1570/1570 1552/1552/1552
f 351/351/351 1552/1552/1552 686/686/686
f 351/351/351 686/686/686 354/354/354
f 354/354/354 686/686/686 349/349/349
f 686/686/686 1590/1590/1590 349/349/349
f 349/349/349 1590/1590/1590 1620/1620/1620
f 701/701/701 349/349/349 1620/1620/1620
f 1572/1572/1572 349/349/349 701/701/701
f 686/686/686 1552/1552/1552 1550/1550/1550
f 1550/1550/1550 1547/1547/1547 686/686/686
f 686/686/686 1547/1547/1547 1590/1590/1590
f 1590/1590/1590 1547/1547/1547 1613/1613/1613
f 1613/1613/1613 1616/1616/1616 1590/1590/1590
f 1616/1616/1616 705/705/705 1590/1590/1590
f 1590/1590/1590 705/705/705 1620/1620/1620
f 1620/1620/1620 705/705/705 701/701/701
f 1619/1619/1619 1616/1616/1616 1613/1613/1613
f 692/692/692 696/696/696 694/694/694
f 695/695/695 692/692/692 694/694/694
f 690/690/690 692/692/692 695/695/695
f 1553/1553/1553 692/692/692 690/690/690
f 329/329/329 692/692/692 1553/1553/1553
f 691/691/691 329/329/329 1553/1553/1553
f 693/693/693 329/329/329 691/691/691
f 331/331/331 329/329/329 693/693/693
f 330/330/330 329/329/329 331/331/331
f 698/698/698 329/329/329 330/330/330
f 1614/1614/1614 329/329/329 698/698/698
f 699/699/699 1614/1614/1614 698/698/698
f 1615/1615/1615 1614/1614/1614 699/699/699
f 1605/1605/1605 1615/1615/1615 699/699/699
f 342/342/342 1615/1615/1615 1605/1605/1605
f 1605/1605/1605 340/340/340 342/342/342
f 342/342/342 340/340/340 350/350/350
f 1101/1101/1101 1100/1100/1100 1459/1459/1459
f 1099/1099/1099 1101/1101/1101 1459/1459/1459
f 1458/1458/1458 1099/1099/1099 1459/1459/1459
f 1460/1460/1460 1458/1458/1458 1459/1459/1459
f 1556/1556/1556 1460/1460/1460 1459/1459/1459
f 1462/1462/1462 1460/1460/1460 1556/1556/1556
f 1461/1461/1461 1462/1462/1462 1556/1556/1556
f 1585/1585/1585 1461/1461/1461 1556/1556/1556
f 1587/1587/1587 1585/1585/1585 1556/1556/1556
f 1465/1465/1465 1587/1587/1587 1556/1556/1556
f 1467/1467/1467 1465/1465/1465 1556/1556/1556
f 1466/1466/1466 1465/1465/1465 1467/1467/1467
f 1586/1586/1586 1466/1466/1466 1467/1467/1467
f 1586/1586/1586 352/352/352 1466/1466/1466
f 355/355/355 352/352/352 1586/1586/1586
f 352/352/352 355/355/355 1602/1602/1602
f 1602/1602/1602 355/355/355 1598/1598/1598
f 1599/1599/1599 1601/1601/1601 1576/1576/1576
f 1600/1600/1600 1601/1601/1601 1599/1599/1599
f 1603/1603/1603 1600/1600/1600 1599/1599/1599
f 1123/1123/1123 680/680/680 1125/1125/1125
f 1125/1125/1125 1124/1124/1124 1123/1123/1123
f 1123/1123/1123 1124/1124/1124 1121/1121/1121
f 1123/1123/1123 1121/1121/1121 358/358/358
f 1121/1121/1121 357/357/357 358/358/358
f 1623/1623/1623 357/357/357 1121/1121/1121
f 1623/1623/1623 359/359/359 357/357/357
f 357/357/357 359/359/359 678/678/678
f 1125/1125/1125 1625/1625/1625 1124/1124/1124
f 1124/1124/1124 1625/1625/1625 1130/1130/1130
f 1124/1124/1124 1130/1130/1130 363/363/363
f 1623/1623/1623 1124/1124/1124 363/363/363
f 1121/1121/1121 1124/1124/1124 1623/1623/1623
f 1130/1130/1130 1625/1625/1625 1129/1129/1129
f 1130/1130/1130 1129/1129/1129 1122/1122/1122
f 1122/1122/1122 1120/1120/1120 1130/1130/1130
f 1130/1130/1130 1120/1120/1120 1439/1439/1439
f 363/363/363 1130/1130/1130 1439/1439/1439
f 1439/1439/1439 362/362/362 363/363/363
f 363/363/363 362/362/362 360/360/360
f 363/363/363 360/360/360 1623/1623/1623
f 1623/1623/1623 360/360/360 359/359/359
f 1439/1439/1439 1120/1120/1120 1622/1622/1622
f 1439/1439/1439 1622/1622/1622 362/362/362
f 362/362/362 1622/1622/1622 361/361/361
f 928/928/928 158/158/158 356/356/356
f 927/927/927 158/158/158 928/928/928
f 927/927/927 157/157/157 158/158/158
f 852/852/852 157/157/157 927/927/927
f 852/852/852 120/120/120 157/157/157
f 159/159/159 120/120/120 852/852/852
f 120/120/120 159/159/159 1624/1624/1624
f 1624/1624/1624 159/159/159 79/79/79
f 927/927/927 928/928/928 929/929/929
f 929/929/929 851/851/851 927/927/927
f 927/927/927 851/851/851 852/852/852
f 851/851/851 159/159/159 852/852/852
f 121/121/121 159/159/159 851/851/851
f 81/81/81 159/159/159 121/121/121
f 79/79/79 159/159/159 81/81/81
f 929/929/929 928/928/928 890/890/890
f 929/929/929 890/890/890 891/891/891
f 849/849/849 929/929/929 891/891/891
f 851/851/851 929/929/929 849/849/849
f 849/849/849 121/121/121 851/851/851
f 122/122/122 121/121/121 849/849/849
f 82/82/82 121/121/121 122/122/122
f 81/81/81 121/121/121 82/82/82
f 891/891/891 890/890/890 892/892/892
