# Exported by s4extract — object_Food_PlateFork_Multi_lod00_g01
o object_Food_PlateFork_Multi_lod00_g01
v -0.032258 0.086154 0.088443
v -0.043519 0.086734 0.069704
v -0.046510 0.093753 -0.047243
v 0.069948 0.063112 0.058962
v 0.058107 0.077456 -0.058229
v 0.054659 0.063112 -0.057802
v 0.011841 0.086154 0.068056
v 0.033784 0.086123 -0.067171
v 0.062105 0.086734 0.000610
v 0.055086 0.086947 0.073489
v 0.033784 0.086123 -0.067171
v 0.031861 0.088595 0.004486
v 0.033784 0.086123 -0.067171
v 0.046419 0.077486 0.002625
v 0.054659 0.077456 0.073397
v 0.055086 0.086947 0.073489
v 0.071322 0.086032 0.074190
v 0.049593 0.086276 -0.073977
v 0.049593 0.086276 -0.073977
v 0.033937 0.076601 -0.066988
v 0.062105 0.086734 0.000610
v 0.046419 0.077486 0.002625
v 0.073763 0.077456 0.061068
v -0.002380 0.063112 -0.050325
v 0.071322 0.086032 0.074190
v 0.051973 0.077578 -0.060366
v 0.033937 0.076601 -0.066988
v 0.054659 0.077456 0.073397
v -0.106174 0.045564 0.060976
v -0.048219 0.045564 0.060671
v -0.043306 0.045564 -0.049684
v -0.106326 0.037965 0.061220
v -0.104953 0.042299 -0.051607
v -0.106326 0.037965 0.061220
v 0.046419 0.077486 0.002625
v 0.078707 0.085818 0.053316
v 0.062838 0.086856 -0.056612
v 0.068972 0.077273 0.060762
v -0.002380 0.063112 -0.050325
v 0.058107 0.093844 -0.058229
v 0.058107 0.077456 -0.058229
v -0.005829 0.077456 -0.049867
v 0.062105 0.086734 0.000610
v 0.055086 0.086947 0.073489
v 0.031861 0.088595 0.004486
v 0.031861 0.088595 0.004486
v 0.062838 0.086856 -0.056612
v -0.005829 0.077456 -0.049867
v 0.017426 0.086550 -0.058107
v 0.070833 0.086306 0.059053
v 0.057955 0.093753 -0.050874
v 0.011933 0.093753 0.067782
v 0.011841 0.086154 0.068056
v -0.003327 0.090518 -0.043764
v 0.070833 0.086306 0.059053
v 0.057955 0.093753 -0.050874
v 0.059481 0.087436 -0.053224
v 0.057955 0.093753 -0.050874
v 0.069246 0.093753 0.059023
v 0.011841 0.086154 0.068056
v 0.070833 0.086306 0.059053
v 0.059481 0.087436 -0.053224
v 0.078707 0.085818 0.053316
v 0.071322 0.086032 0.074190
v 0.011933 0.093753 0.067782
v -0.003327 0.090518 -0.043764
v -0.003510 0.080264 -0.044008
v 0.017426 0.086550 -0.058107
v 0.017548 0.093753 -0.053652
v -0.003510 0.080264 -0.044008
v 0.078707 0.085818 0.053316
v 0.055086 0.086947 0.073489
v 0.033784 0.086123 -0.067171
v 0.049593 0.086276 -0.073977
v 0.011841 0.086154 0.068056
v 0.062838 0.086856 -0.056612
v 0.069948 0.063112 0.058962
v 0.054659 0.063112 -0.057802
v -0.043306 0.045564 -0.049684
v -0.046632 0.038118 0.060945
v -0.041444 0.039247 -0.051759
v 0.011628 0.104587 0.069216
v -0.005829 0.093844 -0.049867
v 0.011628 0.104587 0.069216
v 0.073763 0.093844 0.061068
v 0.009796 0.093844 0.069460
v -0.005829 0.093844 -0.049867
v 0.071932 0.104587 0.061312
v 0.073763 0.093844 0.061068
v 0.041780 0.114139 0.065249
v 0.058107 0.093844 -0.058229
v 0.071932 0.104587 0.061312
v -0.064821 0.037904 -0.069308
v -0.037599 0.038667 -0.054628
v -0.106326 0.037965 0.061220
v 0.027406 0.114139 -0.044465
v -0.073611 0.033937 0.069216
v -0.105075 0.032075 -0.051851
v -0.048189 0.038087 -0.073763
v 0.056398 0.104587 -0.057039
v -0.082339 0.038362 -0.062777
v -0.105075 0.032075 -0.051851
v -0.082339 0.038362 -0.062777
v 0.009796 0.093844 0.069460
v -0.003876 0.104587 -0.049135
v 0.056398 0.104587 -0.057039
v 0.058107 0.093844 -0.058229
v 0.009796 0.093844 0.069460
v -0.005829 0.093844 -0.049867
v -0.106174 0.045564 0.060976
v -0.104953 0.042299 -0.051607
v -0.082858 0.045564 -0.058321
v 0.041780 0.114139 0.065249
v 0.071932 0.104587 0.061312
v 0.073763 0.093844 0.061068
v 0.011628 0.104587 0.069216
v 0.021058 0.077334 0.081515
v 0.021485 0.086825 0.081576
v 0.045106 0.085696 0.061434
v 0.029176 0.086337 0.006684
v 0.007172 0.077364 0.011444
v 0.021485 0.086825 0.081576
v 0.007172 0.077364 0.011444
v 0.073763 0.077456 0.061068
v -0.005829 0.077456 -0.049867
v 0.058107 0.077456 -0.058229
v 0.037721 0.085910 0.082278
v 0.009796 0.077456 0.069460
v 0.009796 0.077456 0.069460
v -0.003754 0.087405 0.013398
v 0.021485 0.086825 0.081576
v 0.012909 0.063112 0.066439
v 0.073763 0.077456 0.061068
v 0.045106 0.085696 0.061434
v 0.029237 0.086734 -0.048494
v 0.015961 0.086154 -0.065859
v 0.000183 0.086001 -0.059053
v 0.029176 0.086337 0.006684
v 0.029176 0.086337 0.006684
v 0.000183 0.086001 -0.059053
v 0.029237 0.086734 -0.048494
v 0.037721 0.085910 0.082278
v -0.003754 0.087405 0.013398
v 0.045106 0.085696 0.061434
v 0.021485 0.086825 0.081576
v -0.007843 0.033937 -0.051027
v 0.025117 0.037965 -0.044191
v 0.027894 0.032075 0.068850
v -0.042970 0.037629 -0.036988
v -0.033326 0.037843 -0.056917
v 0.025117 0.037965 -0.044191
v -0.017243 0.038759 -0.054415
v -0.001831 0.040407 0.016724
v -0.011719 0.037904 0.087741
v -0.028199 0.038087 0.092746
v -0.028199 0.038087 0.092746
v -0.033326 0.037843 -0.056917
v -0.003754 0.087405 0.013398
v 0.000183 0.086001 -0.059053
v 0.007172 0.077364 0.011444
v 0.035340 0.077151 0.068850
v 0.007172 0.077364 0.011444
v 0.000336 0.076479 -0.058870
v 0.015961 0.086154 -0.065859
v 0.000183 0.086001 -0.059053
v 0.029237 0.086734 -0.048494
v 0.037721 0.085910 0.082278
v 0.021058 0.077334 0.081515
v -0.017243 0.038759 -0.054415
v -0.011719 0.037904 0.087741
v -0.033326 0.037843 -0.056917
v -0.016846 0.029267 -0.054292
v 0.018372 0.077456 -0.052248
v 0.000336 0.076479 -0.058870
v 0.017426 0.086550 -0.058107
v 0.015961 0.086154 -0.065859
v -0.073611 0.033937 0.069216
v -0.073183 0.045564 0.065432
v -0.106326 0.037965 0.061220
v -0.064333 0.038759 0.072909
v -0.048372 0.037843 0.075991
v -0.038026 0.037629 0.056429
v 0.045351 0.082125 0.071169
v 0.092776 0.038118 0.059084
v 0.069246 0.093753 0.059023
v 0.059481 0.087436 -0.053224
v -0.033937 0.045564 0.068850
v 0.027772 0.042299 0.068636
v -0.035707 0.039247 0.071017
v 0.005524 0.038362 0.080569
v -0.017243 0.038759 -0.054415
v -0.011872 0.028413 0.087527
v -0.016846 0.029267 -0.054292
v -0.016541 0.029298 0.016999
v -0.011872 0.028413 0.087527
v -0.032441 0.029084 -0.043306
v -0.042970 0.037629 -0.036988
v -0.016541 0.029298 0.016999
v -0.039430 0.038667 0.074007
v -0.016541 0.029298 0.016999
v -0.032350 0.038514 0.017243
v -0.037172 0.029237 -0.044160
v -0.034913 0.029237 0.076174
v -0.031434 0.014893 0.076113
v -0.033631 0.014893 -0.041627
v -0.032350 0.038514 0.017243
v -0.001831 0.040407 0.016724
v -0.032350 0.038514 0.017243
v -0.042970 0.037629 -0.036988
v -0.029054 0.029389 0.078951
v -0.069796 0.063112 0.076113
v -0.070711 0.086734 0.017243
v -0.072024 0.063112 -0.041627
v -0.075564 0.077456 -0.044160
v -0.001831 0.040407 0.016724
v -0.043306 0.114139 -0.044740
v -0.039430 0.038667 0.074007
v -0.039430 0.038667 0.074007
v -0.011719 0.037904 0.087741
v -0.011719 0.037904 0.087741
v -0.035707 0.039247 0.071017
v -0.034516 0.038118 -0.041810
v -0.032929 0.045564 -0.041597
v -0.028199 0.038087 0.092746
v 0.025117 0.037965 -0.044191
v 0.024995 0.045564 -0.043947
v -0.106540 0.029237 -0.058016
v -0.106540 0.029237 -0.058016
v -0.103061 0.014893 -0.057955
v -0.034516 0.038118 -0.041810
v -0.033937 0.045564 0.068850
v -0.033937 0.045564 0.068850
v 0.005524 0.038362 0.080569
v -0.034516 0.038118 -0.041810
v -0.035707 0.039247 0.071017
v 0.024995 0.045564 -0.043947
v -0.103061 0.014893 -0.057955
v -0.042055 0.029237 -0.056948
v -0.076296 0.065920 0.062838
v 0.027772 0.042299 0.068636
v -0.042055 0.045656 -0.056948
v -0.080203 0.038148 0.003052
v -0.045534 0.014893 -0.057009
v 0.025117 0.037965 -0.044191
v -0.045900 0.056398 0.063356
v -0.044038 0.045656 0.063387
v -0.043916 0.056398 -0.056001
v 0.027894 0.032075 0.068850
v 0.005921 0.045564 0.076113
v 0.005524 0.038362 0.080569
v -0.017243 0.038759 -0.054415
v -0.106693 0.056398 0.062349
v -0.044038 0.045656 0.063387
v -0.108554 0.045656 0.062319
v 0.029572 0.029237 0.074953
v 0.029572 0.029237 0.074953
v 0.026093 0.014893 0.075014
v -0.034913 0.029237 0.076174
v 0.023438 0.029176 0.012574
v -0.008667 0.037507 -0.041322
v 0.023438 0.029176 0.012574
v 0.026093 0.014893 0.075014
v 0.001068 0.038148 0.014863
v -0.034913 0.045656 0.076174
v -0.031434 0.014893 0.076113
v -0.037172 0.045656 -0.044160
v 0.025483 0.056398 -0.045320
v 0.025483 0.056398 -0.045320
v 0.027314 0.045656 -0.045351
v 0.027314 0.045656 -0.045351
v -0.035340 0.056398 -0.044191
v -0.035340 0.056398 -0.044191
v 0.029572 0.045656 0.074953
v -0.037172 0.045656 -0.044160
v -0.033082 0.056398 0.075167
v 0.027711 0.056398 0.074038
v 0.029572 0.045656 0.074953
v -0.034913 0.045656 0.076174
v 0.027711 0.056398 0.074038
v 0.029572 0.045656 0.074953
v -0.033082 0.056398 0.075167
v -0.004944 0.065920 -0.044740
v -0.002869 0.065920 0.065920
v -0.037172 0.045656 -0.044160
v 0.027314 0.045656 -0.045351
v -0.034913 0.045656 0.076174
v 0.001068 0.038148 0.014863
v -0.003876 0.104587 -0.049135
v 0.032411 0.039216 -0.004242
v 0.039277 0.038636 0.068148
v 0.038881 0.029145 0.067995
v 0.022553 0.037782 0.083407
v 0.022431 0.028291 0.083224
v 0.006104 0.037965 0.088443
v -0.033631 0.014893 -0.041627
v 0.023865 0.014893 -0.042726
v -0.037172 0.029237 -0.044160
v -0.034913 0.029237 0.076174
v 0.027314 0.029237 -0.045351
v -0.037172 0.029237 -0.044160
v 0.029572 0.029237 0.074953
v 0.027314 0.029237 -0.045351
v 0.017060 0.038636 -0.058718
v 0.000977 0.037721 -0.061220
v -0.008667 0.037507 -0.041322
v -0.005127 0.038545 0.069704
v 0.006104 0.037965 0.088443
v 0.001068 0.038148 0.014863
v 0.017060 0.038636 -0.058718
v 0.017060 0.038636 -0.058718
v 0.034547 0.039216 0.011841
v 0.022553 0.037782 0.083407
v 0.017060 0.038636 -0.058718
v 0.022431 0.028291 0.083224
v -0.008667 0.037507 -0.041322
v -0.106693 0.056398 0.062349
v -0.106693 0.056398 0.062349
v -0.045900 0.056398 0.063356
v -0.106540 0.045656 -0.058016
v -0.108554 0.045656 0.062319
v -0.104709 0.056398 -0.057009
v -0.005127 0.038545 0.069704
v 0.022553 0.037782 0.083407
v 0.034547 0.039216 0.011841
v 0.034547 0.039216 0.011841
v 0.095065 0.045656 0.061769
v 0.043519 0.029176 -0.003327
v 0.046693 0.029237 -0.065889
v 0.107181 0.014893 -0.057985
v 0.073428 0.029267 0.068789
v 0.073824 0.038759 0.068972
v 0.069124 0.040407 -0.003662
v 0.000977 0.037721 -0.061220
v 0.017457 0.029145 -0.058596
v 0.023438 0.029176 0.012574
v 0.001862 0.028962 -0.047609
v 0.083712 0.029298 -0.001740
v 0.089419 0.037904 -0.072420
v 0.089419 0.037904 -0.072420
v 0.000977 0.037721 -0.061220
v 0.005249 0.029267 0.074648
v -0.005127 0.038545 0.069704
v 0.006104 0.037965 0.088443
v -0.032929 0.045564 -0.041597
v -0.034516 0.038118 -0.041810
v -0.007843 0.033937 -0.051027
v -0.008148 0.045564 -0.047243
v 0.050142 0.014893 -0.065432
v 0.099368 0.038514 0.000336
v 0.063082 0.065920 0.057588
v 0.017457 0.029145 -0.058596
v 0.093234 0.056398 0.061525
v 0.031098 0.045656 0.053438
v 0.108707 0.056398 -0.056825
v 0.110660 0.045656 -0.057527
v 0.069124 0.040407 -0.003662
v 0.073824 0.038759 0.068972
v 0.089358 0.037843 0.073824
v 0.101840 0.037629 0.055574
v 0.023438 0.029176 0.012574
v 0.022553 0.037782 0.083407
v 0.073824 0.038759 0.068972
v 0.089541 0.028413 -0.072207
v 0.065981 0.038148 -0.002258
v 0.092776 0.038118 0.059084
v 0.110660 0.039247 -0.052339
v 0.108585 0.045564 -0.050478
v 0.090518 0.029084 0.060244
v 0.114811 0.038667 -0.054750
v 0.083712 0.029298 -0.001740
v 0.089541 0.028413 -0.072207
v 0.073428 0.029267 0.068789
v 0.083712 0.029298 -0.001740
v 0.089358 0.037843 0.073824
v 0.106449 0.038087 -0.074953
v 0.114811 0.038667 -0.054750
v 0.089419 0.037904 -0.072420
v 0.069124 0.040407 -0.003662
v 0.099368 0.038514 0.000336
v -0.042055 0.045656 -0.056948
v -0.104709 0.056398 -0.057009
v -0.106540 0.045656 -0.058016
v -0.045900 0.056398 0.063356
v -0.074465 0.065920 -0.047823
v -0.043916 0.056398 -0.056001
v 0.106449 0.038087 -0.074953
v -0.042055 0.045656 -0.056948
v -0.106540 0.045656 -0.058016
v -0.076296 0.065920 0.062838
v 0.105258 0.029389 -0.061159
v 0.099368 0.038514 0.000336
v 0.089419 0.037904 -0.072420
v 0.095065 0.029237 0.061769
v 0.106449 0.038087 -0.074953
v 0.114811 0.038667 -0.054750
v -0.102634 0.029176 0.004547
v -0.044038 0.045656 0.063387
v -0.108554 0.045656 0.062319
v -0.080203 0.038148 0.003052
v -0.072451 0.037507 0.059542
v -0.102634 0.029176 0.004547
v 0.092776 0.038118 0.059084
v 0.108585 0.045564 -0.050478
v 0.110660 0.039247 -0.052339
v 0.110660 0.039247 -0.052339
v 0.071291 0.038362 -0.067873
v 0.033448 0.037965 0.052614
v 0.108585 0.045564 -0.050478
v 0.092776 0.038118 0.059084
v 0.101840 0.037629 0.055574
v 0.047548 0.042299 -0.059359
v 0.033448 0.037965 0.052614
v 0.047456 0.032075 -0.059633
v 0.089358 0.037843 0.073824
v 0.033601 0.045564 0.052370
v 0.091220 0.045564 0.058626
v 0.091220 0.045564 0.058626
v 0.073824 0.038759 0.068972
v 0.047456 0.032075 -0.059633
v 0.033448 0.037965 0.052614
v 0.070254 0.045564 -0.063540
v 0.065035 0.033937 0.064241
v 0.071291 0.038362 -0.067873
v 0.071291 0.038362 -0.067873
v 0.033448 0.037965 0.052614
v 0.033601 0.045564 0.052370
v 0.047548 0.042299 -0.059359
v 0.065889 0.045564 0.060518
v 0.091952 0.014893 0.058779
v 0.110660 0.029237 -0.057527
v 0.065035 0.033937 0.064241
v 0.046693 0.029237 -0.065889
v 0.095065 0.045656 0.061769
v -0.066561 0.086276 0.092746
v -0.050233 0.076601 0.087527
v -0.066561 0.086276 0.092746
v -0.050111 0.086123 0.087741
v 0.107181 0.014893 -0.057985
v 0.091952 0.014893 0.058779
v 0.095065 0.029237 0.061769
v 0.095065 0.029237 0.061769
v 0.046693 0.029237 -0.065889
v 0.110660 0.029237 -0.057527
v 0.095065 0.045656 0.061769
v 0.093234 0.056398 0.061525
v 0.032929 0.056398 0.053652
v 0.046693 0.045656 -0.065889
v 0.032929 0.056398 0.053652
v 0.048402 0.056398 -0.064699
v 0.031098 0.045656 0.053438
v 0.032929 0.056398 0.053652
v 0.110660 0.045656 -0.057527
v 0.048402 0.056398 -0.064699
v 0.046693 0.045656 -0.065889
v 0.050142 0.014893 -0.065432
v 0.067293 0.037507 0.054750
v 0.054872 0.037782 -0.073214
v 0.110660 0.029237 -0.057527
v 0.108707 0.056398 -0.056825
v 0.093234 0.056398 0.061525
v 0.063082 0.065920 0.057588
v 0.077425 0.065920 -0.052156
v -0.105014 0.014893 0.059786
v -0.044038 0.029237 0.063387
v -0.047487 0.014893 0.060762
v -0.044038 0.029237 0.063387
v -0.108554 0.029237 0.062319
v -0.108554 0.029237 0.062319
v 0.046693 0.045656 -0.065889
v 0.110660 0.045656 -0.057527
v 0.043519 0.029176 -0.003327
v 0.031098 0.045656 0.053438
v 0.025483 0.056398 -0.045320
v -0.071688 0.086032 -0.056917
v -0.035340 0.056398 -0.044191
v -0.004944 0.065920 -0.044740
v 0.054964 0.028291 -0.073000
v 0.031098 0.029237 0.053438
v 0.067293 0.037507 0.054750
v 0.034883 0.014893 0.051332
v 0.054781 0.037721 0.073000
v 0.080233 0.038545 -0.055544
v 0.054872 0.037782 -0.073214
v 0.039277 0.038636 0.068148
v 0.065981 0.038148 -0.002258
v 0.032411 0.039216 -0.004242
v 0.080233 0.038545 -0.055544
v 0.065981 0.038148 -0.002258
v 0.080233 0.038545 -0.055544
v 0.071902 0.037965 -0.075747
v 0.070681 0.029267 -0.061983
v 0.032411 0.039216 -0.004242
v 0.039277 0.038636 0.068148
v 0.054781 0.037721 0.073000
v 0.067293 0.037507 0.054750
v 0.071902 0.037965 -0.075747
v 0.043519 0.029176 -0.003327
v 0.039277 0.038636 0.068148
v 0.054872 0.037782 -0.073214
v 0.054872 0.037782 -0.073214
v 0.054964 0.028291 -0.073000
v 0.043519 0.029176 -0.003327
v 0.031098 0.029237 0.053438
v 0.071902 0.037965 -0.075747
v 0.038881 0.029145 0.067995
v 0.054781 0.037721 0.073000
v 0.055940 0.028962 0.059420
v -0.055605 0.086947 -0.054415
v -0.046632 0.038118 0.060945
v -0.072451 0.037507 0.059542
v -0.042055 0.029237 -0.056948
v -0.106540 0.029237 -0.058016
v -0.054903 0.077486 0.016999
v -0.050111 0.086123 0.087741
v -0.040223 0.088595 0.016724
v -0.071688 0.086032 -0.056917
v -0.055605 0.086947 -0.054415
v -0.055605 0.086947 -0.054415
v -0.067415 0.077578 0.078951
v -0.054903 0.077486 0.016999
v -0.081332 0.085818 -0.036988
v -0.070833 0.077273 -0.043306
v -0.072054 0.038545 -0.051515
v -0.098758 0.038636 0.076022
v -0.082797 0.037721 0.079104
v -0.080203 0.038148 0.003052
v -0.082614 0.037965 -0.070650
v -0.099246 0.037782 -0.066225
v -0.055208 0.077456 -0.054292
v -0.099246 0.037782 -0.066225
v -0.113742 0.039216 0.004883
v -0.072054 0.038545 -0.051515
v -0.055208 0.077456 -0.054292
v -0.054903 0.077486 0.016999
v -0.050233 0.076601 0.087527
v -0.070711 0.086734 0.017243
v -0.077822 0.086856 0.074007
v -0.098758 0.038636 0.076022
v -0.072451 0.037507 0.059542
v -0.113742 0.039216 0.004883
v -0.073305 0.077456 0.076174
v -0.013245 0.086154 -0.044191
v -0.081332 0.085818 -0.036988
v -0.013367 0.093753 -0.043947
v -0.032838 0.086550 0.080569
v -0.032472 0.093753 0.076113
v -0.010468 0.080264 0.068850
v -0.081332 0.085818 -0.036988
v -0.050111 0.086123 0.087741
v -0.070711 0.086734 0.017243
v -0.040223 0.088595 0.016724
v -0.071291 0.093753 -0.041597
v -0.072909 0.086306 -0.041810
v -0.032838 0.086550 0.080569
v -0.072298 0.093753 0.068850
v -0.072909 0.086306 -0.041810
v -0.072298 0.093753 0.068850
v -0.072298 0.093753 0.068850
v -0.013367 0.093753 -0.043947
v -0.077822 0.086856 0.074007
v -0.040223 0.088595 0.016724
v -0.074068 0.087436 0.071017
v -0.013245 0.086154 -0.044191
v -0.013245 0.086154 -0.044191
v -0.010620 0.090518 0.068636
v -0.077822 0.086856 0.074007
v -0.074068 0.087436 0.071017
v -0.013245 0.086154 -0.044191
v -0.072909 0.086306 -0.041810
v -0.010468 0.080264 0.068850
v -0.066561 0.086276 0.092746
v -0.050111 0.086123 0.087741
v -0.010620 0.090518 0.068636
v -0.071688 0.086032 -0.056917
v -0.033113 0.077456 0.074648
v 0.101840 0.037629 0.055574
v -0.014924 0.077364 0.012574
v -0.015809 0.086001 0.083407
v -0.015809 0.086001 0.083407
v -0.010651 0.104587 0.074038
v -0.073305 0.093844 0.076174
v -0.041231 0.114139 0.065920
v -0.071474 0.104587 0.075167
v -0.073305 0.093844 0.076174
v -0.011048 0.093844 -0.045351
v -0.075564 0.093844 -0.044160
v -0.055605 0.086947 -0.054415
v -0.008789 0.077456 0.074953
v -0.012299 0.063112 0.075014
v -0.069796 0.063112 0.076113
v -0.008789 0.077456 0.074953
v -0.073305 0.077456 0.076174
v -0.012299 0.063112 0.075014
v -0.046205 0.082125 -0.051027
v -0.071474 0.104587 0.075167
v -0.073305 0.093844 0.076174
v -0.008789 0.093844 0.074953
v -0.037294 0.086337 0.014863
v -0.011048 0.093844 -0.045351
v -0.008789 0.093844 0.074953
v -0.010651 0.104587 0.074038
v -0.075564 0.093844 -0.044160
v -0.011048 0.093844 -0.045351
v -0.075564 0.093844 -0.044160
v -0.073702 0.104587 -0.044191
v -0.099155 0.029145 0.075900
v -0.082797 0.037721 0.079104
v -0.099124 0.028291 -0.066012
v -0.113742 0.039216 0.004883
v -0.098758 0.038636 0.076022
v -0.098758 0.038636 0.076022
v -0.012909 0.104587 -0.045320
v -0.012909 0.104587 -0.045320
v -0.012909 0.104587 -0.045320
v -0.073702 0.104587 -0.044191
v -0.048189 0.038087 -0.073763
v -0.064699 0.028413 -0.069124
v -0.048189 0.038087 -0.073763
v -0.008789 0.093844 0.074953
v -0.014924 0.077364 0.012574
v -0.073702 0.104587 -0.044191
v -0.043306 0.114139 -0.044740
v -0.003815 0.087405 0.011841
v -0.037294 0.086337 0.014863
v -0.032258 0.086154 0.088443
v -0.014924 0.077364 0.012574
v -0.037294 0.086337 0.014863
v -0.072024 0.063112 -0.041627
v -0.047060 0.085696 -0.041322
v -0.014496 0.063112 -0.042726
v -0.011048 0.077456 -0.045351
v -0.011048 0.077456 -0.045351
v -0.075564 0.077456 -0.044160
v -0.073305 0.077456 0.076174
v -0.047060 0.085696 -0.041322
v -0.008789 0.077456 0.074953
v -0.037385 0.085910 -0.061220
v -0.043519 0.086734 0.069704
v -0.015809 0.086001 0.083407
v -0.021332 0.086825 -0.058718
v -0.075564 0.077456 -0.044160
v -0.015809 0.086001 0.083407
v -0.043519 0.086734 0.069704
v -0.003815 0.087405 0.011841
v -0.021332 0.086825 -0.058718
v -0.015931 0.076479 0.083224
v -0.047060 0.085696 -0.041322
v -0.064699 0.028413 -0.069124
v -0.037385 0.085910 -0.061220
v -0.021332 0.086825 -0.058718
v -0.021332 0.086825 -0.058718
v -0.064730 0.029267 0.072787
v -0.102634 0.029176 0.004547
v -0.099246 0.037782 -0.066225
v -0.102634 0.029176 0.004547
v -0.082614 0.037965 -0.070650
v -0.099124 0.028291 -0.066012
v -0.099246 0.037782 -0.066225
v -0.032838 0.086550 0.080569
v -0.046205 0.082125 -0.051027
v -0.064730 0.029267 0.072787
v -0.064333 0.038759 0.072909
v -0.048372 0.037843 0.075991
v -0.064333 0.038759 0.072909
v -0.014924 0.077364 0.012574
v -0.003815 0.087405 0.011841
v -0.082797 0.037721 0.079104
v -0.099155 0.029145 0.075900
v -0.083163 0.028962 0.065462
v -0.082614 0.037965 -0.070650
v -0.072054 0.038545 -0.051515
v -0.082247 0.029267 -0.056825
v 0.045351 0.082125 0.071169
v 0.070833 0.086306 0.059053
v 0.045228 0.093753 0.067385
v -0.072909 0.086306 -0.041810
v -0.074068 0.087436 0.071017
v -0.071291 0.093753 -0.041597
v -0.020905 0.077334 -0.058596
v -0.015931 0.076479 0.083224
v -0.036531 0.077151 -0.047609
v -0.020905 0.077334 -0.058596
v -0.032258 0.086154 0.088443
v -0.037385 0.085910 -0.061220
v -0.064333 0.038759 0.072909
v -0.077212 0.040407 0.001282
v -0.062532 0.029298 0.001556
v -0.064821 0.037904 -0.069308
v -0.062532 0.029298 0.001556
v -0.038026 0.037629 0.056429
v -0.047823 0.029389 -0.059938
v -0.064821 0.037904 -0.069308
v -0.048372 0.037843 0.075991
v -0.048738 0.029084 0.062349
v -0.047487 0.014893 0.060762
v -0.042055 0.029237 -0.056948
v -0.045534 0.014893 -0.057009
v -0.044038 0.029237 0.063387
v -0.046724 0.038514 0.001862
v -0.046632 0.038118 0.060945
v -0.077212 0.040407 0.001282
v -0.038026 0.037629 0.056429
v -0.062532 0.029298 0.001556
v -0.037599 0.038667 -0.054628
v -0.046724 0.038514 0.001862
v -0.064821 0.037904 -0.069308
v -0.077212 0.040407 0.001282
v -0.046724 0.038514 0.001862
v -0.041444 0.039247 -0.051759
v -0.046632 0.038118 0.060945
v -0.041444 0.039247 -0.051759
v -0.082339 0.038362 -0.062777
v -0.037599 0.038667 -0.054628
v -0.048219 0.045564 0.060671
v -0.043306 0.045564 -0.049684
v -0.070437 0.043123 -0.056856
v 0.040040 0.067965 0.064119
v 0.075442 0.054537 0.068300
v 0.028077 0.044801 -0.059389
v 0.028077 0.044801 -0.059389
v 0.090732 0.057680 -0.051027
v 0.071505 0.064699 0.068056
v 0.012787 0.041658 0.059938
v 0.075442 0.054537 0.068300
v 0.012421 0.052553 0.060183
v -0.070437 0.043123 -0.056856
v -0.071444 0.044435 0.056001
v -0.068667 0.050386 0.053835
v -0.030885 0.036927 0.065523
v -0.067660 0.050233 -0.056612
v -0.011597 0.033387 -0.059236
v -0.008301 0.037263 0.053591
v -0.010498 0.040895 -0.058992
v 0.071505 0.064699 0.068056
v 0.028077 0.044801 -0.059389
v 0.090732 0.057680 -0.051027
v 0.012787 0.041658 0.059938
v -0.011597 0.033387 -0.059236
v -0.047975 0.039277 0.072695
v -0.069308 0.042665 -0.071932
v -0.054415 0.031556 -0.069308
v 0.090732 0.057680 -0.051027
v 0.075442 0.054537 0.068300
v 0.071505 0.064699 0.068056
v 0.012421 0.052553 0.060183
v -0.010834 0.024445 -0.060396
v -0.074496 0.034822 -0.059175
v -0.008606 0.024079 0.059938
v 0.027558 0.055666 -0.058199
v 0.012787 0.041658 0.059938
v 0.040040 0.067965 0.064119
v -0.074496 0.034822 -0.059175
v -0.016541 0.010834 -0.057741
v -0.073305 0.020081 -0.056673
v -0.006317 0.086856 0.077364
v 0.007691 0.085849 0.085604
v 0.024049 0.086520 0.070711
v 0.086642 0.067812 -0.050325
v 0.027558 0.055666 -0.058199
v 0.012421 0.052553 0.060183
v 0.054079 0.070864 -0.045625
v 0.086642 0.067812 -0.050325
v -0.054109 0.031526 0.001953
v -0.054415 0.031556 -0.069308
v -0.053285 0.040986 -0.069430
v -0.073305 0.020081 -0.056673
v -0.066439 0.033631 0.063936
v -0.072268 0.034455 0.061129
v -0.014649 0.114414 0.064974
v -0.014679 0.024964 -0.002441
v -0.020569 0.025910 -0.073641
v -0.008301 0.051515 -0.060366
v 0.078768 0.038484 0.068300
v 0.094028 0.041627 -0.051027
v 0.078585 0.023804 0.065279
v 0.093509 0.026887 -0.051485
v 0.028260 0.028016 0.003204
v 0.028260 0.028016 0.003204
v 0.048463 0.041322 0.004273
v -0.071444 0.044435 0.056001
v -0.008209 0.040620 -0.060396
v -0.006073 0.051149 0.058992
v -0.019471 0.035340 -0.073733
v -0.041871 0.086459 0.052156
v 0.057314 0.093081 -0.032136
v -0.005982 0.040254 0.059938
v -0.068667 0.050386 0.053835
v -0.068667 0.050386 0.053835
v -0.070437 0.043123 -0.056856
v -0.070437 0.043123 -0.056856
v -0.011597 0.033387 -0.059236
v -0.047975 0.039277 0.072695
v -0.067660 0.050233 -0.056612
v -0.071139 0.019745 0.061068
v -0.074496 0.034822 -0.059175
v -0.054109 0.031526 0.001953
v -0.078860 0.044008 -0.052034
v -0.068209 0.043184 0.002197
v -0.049654 0.029908 0.072512
v -0.064211 0.042085 0.077731
v -0.075198 0.044465 0.058992
v -0.069857 0.033876 -0.058321
v -0.075198 0.044465 0.058992
v -0.075198 0.044465 0.058992
v -0.047975 0.039277 0.072695
v -0.049654 0.029908 0.072512
v -0.064211 0.042085 0.077731
v -0.053285 0.040986 -0.069430
v -0.037812 0.040132 0.001709
v -0.009827 0.027131 0.053835
v -0.054109 0.031526 0.001953
v -0.047975 0.039277 0.072695
v -0.037812 0.040132 0.001709
v -0.068209 0.043184 0.002197
v -0.069308 0.042665 -0.071932
v -0.078860 0.044008 -0.052034
v -0.053285 0.040986 -0.069430
v -0.064211 0.042085 0.077731
v -0.037812 0.040132 0.001709
v -0.068209 0.043184 0.002197
v -0.041871 0.086459 0.052156
v 0.022584 0.092593 -0.056307
v -0.041780 0.094089 0.052278
v -0.009827 0.027131 0.053835
v -0.030885 0.036927 0.065523
v -0.008301 0.037263 0.053591
v 0.028260 0.028016 0.003204
v 0.023743 0.027070 0.074496
v 0.022217 0.036439 0.074679
v 0.056032 0.043519 0.075472
v 0.051088 0.044191 0.002838
v 0.057558 0.034150 0.075289
v -0.069308 0.042665 -0.071932
v -0.053285 0.040986 -0.069430
v -0.078860 0.044008 -0.052034
v -0.044771 0.034730 -0.066073
v -0.010498 0.040895 -0.058992
v -0.011597 0.033387 -0.059236
v -0.043214 0.046236 -0.062258
v 0.062349 0.044618 -0.049043
v 0.054292 0.042360 -0.069246
v 0.071505 0.045839 -0.065920
v 0.094028 0.041627 -0.051027
v 0.031373 0.028748 -0.059389
v 0.078768 0.038484 0.068300
v -0.029359 0.043977 0.061098
v 0.054872 0.033570 -0.055483
v 0.056032 0.043519 0.075472
v 0.049898 0.040986 0.061251
v 0.039674 0.029450 -0.066500
v 0.071413 0.045747 0.080325
v 0.053621 0.042634 -0.061373
v 0.016633 0.034608 0.059114
v 0.031556 0.031648 -0.053102
v -0.035463 0.037049 -0.076235
v -0.010834 0.024445 -0.060396
v -0.045015 0.038362 -0.056337
v -0.072268 0.034455 0.061129
v 0.096194 0.051698 -0.048219
v 0.071505 0.045839 -0.065920
v 0.081088 0.048433 0.006867
v 0.083712 0.048036 0.062075
v 0.081088 0.048433 0.006867
v 0.083712 0.048036 0.062075
v 0.056032 0.043519 0.075472
v 0.051088 0.044191 0.002838
v 0.096194 0.051698 -0.048219
v 0.088137 0.049440 -0.068422
v 0.071505 0.045839 -0.065920
v 0.051088 0.044191 0.002838
v 0.056032 0.043519 0.075472
v 0.016633 0.034608 0.059114
v 0.071413 0.045747 0.080325
v 0.015259 0.042085 0.058870
v 0.088137 0.049440 -0.068422
v 0.088717 0.057192 -0.043947
v 0.071718 0.053682 0.065126
v 0.092013 0.051424 -0.045839
v 0.074740 0.046693 0.065584
v 0.037599 0.038667 0.079531
v 0.037660 0.038759 -0.066713
v 0.039674 0.029450 -0.066500
v 0.088717 0.057192 -0.043947
v 0.029572 0.041688 -0.052858
v 0.074740 0.046693 0.065584
v 0.016633 0.034608 0.059114
v 0.016633 0.034608 0.059114
v 0.015259 0.042085 0.058870
v 0.031556 0.031648 -0.053102
v 0.053621 0.042634 -0.061373
v 0.092013 0.051424 -0.045839
v 0.023743 0.027070 0.074496
v 0.029572 0.041688 -0.052858
v 0.051180 0.049471 -0.057039
v 0.074740 0.046693 0.065584
v 0.088717 0.057192 -0.043947
v 0.053621 0.042634 -0.061373
v 0.048372 0.037019 0.070742
v 0.092013 0.051424 -0.045839
v 0.048372 0.037019 0.070742
v 0.067629 0.036225 0.004761
v 0.071505 0.045839 -0.065920
v 0.073489 0.036531 -0.065706
v 0.040498 0.030305 0.065920
v 0.071718 0.053682 0.065126
v 0.046907 0.048585 0.067049
v 0.074740 0.046693 0.065584
v 0.054292 0.042360 -0.069246
v 0.012879 0.094241 0.071596
v 0.014405 0.086795 0.072054
v 0.054750 0.099307 -0.030519
v 0.054750 0.099307 -0.030519
v 0.014405 0.086795 0.072054
v 0.057314 0.093081 -0.032136
v 0.037660 0.038759 -0.066713
v 0.028260 0.028016 0.003204
v 0.015381 0.035615 0.002289
v 0.022217 0.036439 0.074679
v 0.049898 0.040986 0.061251
v 0.048463 0.041322 0.004273
v 0.048463 0.041322 0.004273
v 0.037599 0.038667 0.079531
v 0.022217 0.036439 0.074679
v 0.049898 0.040986 0.061251
v 0.037599 0.038667 0.079531
v 0.054292 0.042360 -0.069246
v 0.037660 0.038759 -0.066713
v 0.015381 0.035615 0.002289
v 0.015381 0.035615 0.002289
v 0.062349 0.044618 -0.049043
v 0.037660 0.038759 -0.066713
v 0.062349 0.044618 -0.049043
v 0.022217 0.036439 0.074679
v 0.016114 0.025605 0.059938
v -0.035463 0.037049 -0.076235
v -0.019471 0.035340 -0.073733
v -0.002106 0.033082 -0.003174
v 0.037660 0.015381 -0.058931
v 0.031373 0.028748 -0.059389
v 0.081088 0.048433 0.006867
v 0.078585 0.023804 0.065279
v 0.096194 0.051698 -0.048219
v 0.016114 0.025605 0.059938
v 0.031373 0.028748 -0.059389
v 0.022706 0.012299 0.057833
v 0.078768 0.038484 0.068300
v 0.037660 0.015381 -0.058931
v 0.015870 0.094211 0.075533
v 0.093509 0.026887 -0.051485
v 0.094028 0.041627 -0.051027
v 0.057558 0.034150 0.075289
v 0.067629 0.036225 0.004761
v 0.067629 0.036225 0.004761
v 0.083712 0.048036 0.062075
v -0.044771 0.034730 -0.066073
v -0.014374 0.010468 0.059999
v 0.073489 0.036531 -0.065706
v -0.008606 0.024079 0.059938
v 0.071413 0.045747 0.080325
v 0.088687 0.040651 -0.054659
v 0.074343 0.037385 0.066744
v 0.088137 0.049440 -0.068422
v -0.071444 0.044435 0.056001
v -0.030885 0.036927 0.065523
v 0.055666 0.069002 -0.039430
v 0.016175 0.077822 0.074831
v -0.008606 0.024079 0.059938
v 0.014069 0.063631 0.070589
v -0.002411 0.085757 -0.054018
v -0.041871 0.086459 0.052156
v -0.002564 0.095981 -0.053316
v -0.002564 0.095981 -0.053316
v -0.041871 0.086459 0.052156
v -0.041780 0.094089 0.052278
v 0.055666 0.069002 -0.039430
v 0.001862 0.068911 -0.059786
v 0.058687 0.083346 -0.037599
v -0.001679 0.083224 -0.060427
v 0.001862 0.068911 -0.059786
v 0.058687 0.083346 -0.037599
v -0.001679 0.083224 -0.060427
v 0.014069 0.063631 0.070589
v -0.039735 0.063509 0.050264
v 0.016175 0.077822 0.074831
v 0.034272 0.089908 0.016480
v 0.058687 0.083346 -0.037599
v -0.044160 0.077731 0.052034
v 0.016175 0.077822 0.074831
v -0.044160 0.077731 0.052034
v -0.001679 0.083224 -0.060427
v -0.025758 0.085482 0.076876
v -0.009400 0.086184 0.061983
v -0.039766 0.086489 0.068636
v -0.039918 0.077029 0.067965
v -0.019105 0.080294 -0.000305
v -0.039766 0.086489 0.068636
v 0.019654 0.080660 0.010468
v -0.029847 0.090274 -0.003296
v 0.005707 0.091739 0.005707
v 0.054231 0.083590 -0.042360
v 0.007813 0.092166 -0.065310
v 0.028443 0.092318 -0.042268
v 0.024964 0.092563 -0.063845
v 0.041261 0.092502 -0.056581
v -0.006317 0.086856 0.077364
v 0.041475 0.083010 -0.056734
v 0.058412 0.092929 -0.055116
v 0.041475 0.083010 -0.056734
v 0.024049 0.086520 0.070711
v 0.061892 0.092654 -0.033540
v 0.019654 0.080660 0.010468
v 0.022584 0.092593 -0.056307
v 0.020447 0.099582 -0.052034
v -0.002411 0.085757 -0.054018
v 0.007691 0.085849 0.085604
v -0.006470 0.077364 0.076693
v 0.012085 0.077700 0.072298
v -0.068300 0.061312 -0.059206
v -0.036775 0.065828 -0.059786
v 0.054750 0.099307 -0.030519
v -0.066103 0.060945 0.060152
v 0.014405 0.086795 0.072054
v -0.008301 0.051515 -0.060366
v 0.019654 0.080660 0.010468
v 0.041261 0.092502 -0.056581
v 0.007691 0.085849 0.085604
v 0.058412 0.092929 -0.055116
v 0.034272 0.089908 0.016480
v 0.002350 0.089389 0.006287
v -0.036775 0.065828 -0.059786
v -0.068300 0.061312 -0.059206
v -0.034730 0.065493 0.050874
v -0.008209 0.040620 -0.060396
v -0.069643 0.050630 0.061129
v -0.005982 0.040254 0.059938
v -0.006317 0.086856 0.077364
v -0.006317 0.086856 0.077364
v -0.006470 0.077364 0.076693
v 0.034272 0.089908 0.016480
v 0.005707 0.091739 0.005707
v 0.028443 0.092318 -0.042268
v 0.024049 0.086520 0.070711
v -0.029847 0.090274 -0.003296
v -0.009400 0.086184 0.061983
v 0.002350 0.089389 0.006287
v 0.007813 0.092166 -0.065310
v 0.058382 0.099704 -0.036897
v -0.039766 0.086489 0.068636
v -0.001953 0.099612 -0.059725
v 0.007813 0.092166 -0.065310
v 0.008026 0.082644 -0.065462
v 0.007813 0.092166 -0.065310
v 0.024964 0.092563 -0.063845
v -0.029847 0.090274 -0.003296
v -0.071871 0.050996 -0.059175
v -0.066103 0.060945 0.060152
v -0.069643 0.050630 0.061129
v -0.030366 0.036439 0.073397
v -0.035463 0.037049 -0.076235
v -0.068300 0.061312 -0.059206
v -0.008209 0.040620 -0.060396
v -0.071871 0.050996 -0.059175
v 0.055666 0.069002 -0.039430
v 0.001862 0.068911 -0.059786
v -0.071871 0.050996 -0.059175
v 0.012879 0.094241 0.071596
v 0.014069 0.063631 0.070589
v -0.039735 0.063509 0.050264
v 0.058382 0.099704 -0.036897
v 0.013977 0.104953 0.075350
v -0.044465 0.094089 0.052736
v -0.001953 0.099612 -0.059725
v 0.056124 0.110416 -0.036225
v -0.001953 0.099612 -0.059725
v 0.058382 0.099704 -0.036897
v -0.042909 0.104831 0.053835
v -0.000763 0.110294 -0.057711
v -0.000763 0.110294 -0.057711
v -0.044465 0.094089 0.052736
v -0.014649 0.114414 0.064974
v -0.014679 0.024964 -0.002441
v -0.021332 0.077334 0.063570
v -0.039918 0.077029 0.067965
v -0.071139 0.019745 0.061068
v 0.024445 0.119480 -0.038453
v -0.042909 0.104831 0.053835
v 0.013977 0.104953 0.075350
v -0.044465 0.094089 0.052736
v -0.042909 0.104831 0.053835
v 0.015870 0.094211 0.075533
v 0.002350 0.089389 0.006287
v -0.025758 0.085482 0.076876
v -0.019105 0.080294 -0.000305
v -0.019105 0.080294 -0.000305
v 0.056124 0.110416 -0.036225
v 0.013977 0.104953 0.075350
v 0.015870 0.094211 0.075533
v 0.008026 0.082644 -0.065462
v -0.072268 0.034455 0.061129
v -0.009400 0.086184 0.061983
v -0.014374 0.010468 0.059999
v -0.025758 0.085482 0.076876
v -0.019471 0.035340 -0.073733
v -0.013703 0.082186 0.070528
v 0.014405 0.086795 0.072054
v -0.012238 0.093966 0.067629
v 0.057314 0.093081 -0.032136
v -0.013703 0.082186 0.070528
v 0.022584 0.092593 -0.056307
v 0.061892 0.092654 -0.033540
v -0.039766 0.086489 0.068636
v -0.019105 0.080294 -0.000305
v 0.041261 0.092502 -0.056581
v 0.020783 0.083254 -0.051088
v 0.005707 0.091739 0.005707
v 0.028443 0.092318 -0.042268
v -0.002106 0.033082 -0.003174
v -0.002106 0.033082 -0.003174
v -0.045015 0.038362 -0.056337
v -0.035310 0.037416 -0.000183
v -0.015809 0.024262 0.068178
v -0.030366 0.036439 0.073397
v -0.045015 0.038362 -0.056337
v -0.032624 0.027985 0.059603
v 0.061892 0.092654 -0.033540
v 0.041261 0.092502 -0.056581
v 0.024964 0.092563 -0.063845
v 0.058412 0.092929 -0.055116
v -0.041383 0.038850 0.054659
v -0.035310 0.037416 -0.000183
v -0.008301 0.051515 -0.060366
v -0.014679 0.024964 -0.002441
v -0.006073 0.051149 0.058992
v -0.069643 0.050630 0.061129
v -0.005982 0.040254 0.059938
v -0.020569 0.025910 -0.073641
v -0.014161 0.033631 0.068392
v -0.014161 0.033631 0.068392
v -0.015809 0.024262 0.068178
v -0.035310 0.037416 -0.000183
v -0.036012 0.028230 -0.062654
v -0.014161 0.033631 0.068392
v -0.041383 0.038850 0.054659
v -0.014161 0.033631 0.068392
v -0.030366 0.036439 0.073397
v -0.041383 0.038850 0.054659
v -0.014679 0.024964 -0.002441
v -0.019471 0.035340 -0.073733
vt 0.147782 0.984500
vt 0.021051 0.946068
vt 0.756835 0.559415
vt 0.841494 0.492744
vt 0.662955 0.175826
vt 0.841494 0.175826
vt 0.567164 0.565360
vt 0.329324 0.974217
vt 0.440797 0.781118
vt 0.230712 0.610708
vt 0.230712 0.946068
vt 0.230712 0.781573
vt 0.230712 0.946068
vt 0.150178 0.787791
vt 0.193584 0.610708
vt 0.230712 0.610708
vt 0.147782 0.576038
vt 0.147782 0.984500
vt 0.147782 0.984500
vt 0.193584 0.946068
vt 0.440797 0.781118
vt 0.150178 0.787791
vt 0.662955 0.492744
vt 0.841494 0.492744
vt 0.147782 0.576038
vt 0.106802 0.946068
vt 0.193584 0.946068
vt 0.193584 0.610708
vt 0.595222 0.582347
vt 0.883566 0.584136
vt 0.892211 0.928111
vt 0.567164 0.565360
vt 0.582816 0.931448
vt 0.567164 0.565360
vt 0.150178 0.787791
vt 0.021051 0.610708
vt 0.021051 0.946068
vt 0.106802 0.610708
vt 0.841494 0.006083
vt 0.641024 0.511702
vt 0.662955 0.175826
vt 0.662955 0.492744
vt 0.021051 0.781573
vt 0.345734 0.586745
vt 0.264381 0.781239
vt 0.264381 0.781239
vt 0.488025 0.935391
vt 0.662955 0.006083
vt 0.693652 0.986805
vt 0.593189 0.575765
vt 0.892211 0.928111
vt 0.595222 0.582347
vt 0.567164 0.565360
vt 0.582816 0.931448
vt 0.917175 0.570669
vt 0.892211 0.928111
vt 0.923332 0.943884
vt 0.892211 0.928111
vt 0.883566 0.584136
vt 0.906680 0.583014
vt 0.917175 0.570669
vt 0.923332 0.943884
vt 0.496397 0.632881
vt 0.438401 0.579132
vt 0.595222 0.582347
vt 0.582816 0.931448
vt 0.879835 0.937423
vt 0.693652 0.986805
vt 0.697231 0.961508
vt 0.543140 0.950254
vt 0.496397 0.632881
vt 0.345734 0.586745
vt 0.329324 0.974217
vt 0.425024 0.987018
vt 0.567164 0.565360
vt 0.488025 0.935391
vt 0.841494 0.006083
vt 0.841494 0.175826
vt 0.892211 0.928111
vt 0.917175 0.570669
vt 0.923332 0.943884
vt 0.102889 0.088588
vt 0.030272 0.510701
vt 0.102889 0.088588
vt 0.562887 0.008965
vt 0.107864 0.009238
vt 0.030272 0.510701
vt 0.569136 0.088012
vt 0.651489 0.092865
vt 0.335572 0.080641
vt 0.661742 0.013272
vt 0.569136 0.088012
vt 0.329324 0.974217
vt 0.488025 0.935391
vt 0.906680 0.583014
vt 0.336058 0.433867
vt 0.736846 0.553531
vt 0.879835 0.937423
vt 0.425024 0.987018
vt 0.572563 0.476212
vt 0.693652 0.986805
vt 0.543140 0.950254
vt 0.753377 0.968363
vt 0.020717 0.093017
vt 0.098612 0.475150
vt 0.572563 0.476212
vt 0.641024 0.511702
vt 0.774125 0.170791
vt 0.661742 0.170791
vt 0.595222 0.582347
vt 0.582816 0.931448
vt 0.697231 0.961508
vt 0.335572 0.080641
vt 0.549965 0.046911
vt 0.774125 0.013272
vt 0.120967 0.047184
vt 0.193584 0.610708
vt 0.230712 0.610708
vt 0.021051 0.610708
vt 0.021051 0.809783
vt 0.150178 0.787791
vt 0.345734 0.586745
vt 0.150178 0.787791
vt 0.776370 0.175826
vt 0.662955 0.006083
vt 0.662955 0.175826
vt 0.438401 0.579132
vt 0.776370 0.006083
vt 0.662955 0.175826
vt 0.264381 0.781239
vt 0.345734 0.586745
vt 0.841494 0.175826
vt 0.662955 0.006083
vt 0.496397 0.632881
vt 0.488056 0.935391
vt 0.425024 0.987018
vt 0.329324 0.974217
vt 0.467854 0.798408
vt 0.467854 0.798408
vt 0.329324 0.974217
vt 0.488056 0.935391
vt 0.147782 0.576038
vt 0.264381 0.781239
vt 0.496397 0.632881
vt 0.230712 0.610708
vt 0.736846 0.553531
vt 0.906680 0.583014
vt 0.879835 0.937423
vt 0.496397 0.632881
vt 0.438401 0.579132
vt 0.567164 0.565360
vt 0.230712 0.610708
vt 0.230712 0.781573
vt 0.230712 0.946068
vt 0.147782 0.984500
vt 0.147782 0.984500
vt 0.147782 0.576038
vt 0.230712 0.781573
vt 0.230712 0.946068
vt 0.150178 0.787791
vt 0.106802 0.610708
vt 0.150178 0.787791
vt 0.193584 0.946068
vt 0.147782 0.984500
vt 0.230712 0.946068
vt 0.021051 0.946068
vt 0.147782 0.576038
vt 0.193584 0.610708
vt 0.230712 0.610708
vt 0.329324 0.974217
vt 0.147782 0.576038
vt 0.193584 0.610708
vt 0.106802 0.946068
vt 0.193584 0.946068
vt 0.753377 0.968363
vt 0.147782 0.984500
vt 0.757776 0.534178
vt 0.756835 0.559415
vt 0.567164 0.565360
vt 0.345734 0.586745
vt 0.438401 0.579132
vt 0.496397 0.632881
vt 0.736846 0.553531
vt 0.917175 0.570669
vt 0.883566 0.584136
vt 0.550359 0.922742
vt 0.892211 0.928111
vt 0.582816 0.931448
vt 0.923332 0.943884
vt 0.693652 0.986805
vt 0.345734 0.586745
vt 0.193584 0.946068
vt 0.193584 0.610708
vt 0.150178 0.787791
vt 0.193584 0.946068
vt 0.106802 0.610708
vt 0.021051 0.610708
vt 0.150178 0.787791
vt 0.021051 0.946068
vt 0.150178 0.787791
vt 0.021051 0.781573
vt 0.662955 0.492744
vt 0.662955 0.175826
vt 0.841494 0.175826
vt 0.841494 0.492744
vt 0.440797 0.781118
vt 0.264381 0.781239
vt 0.440797 0.781118
vt 0.496397 0.632881
vt 0.106802 0.946068
vt 0.841494 0.175826
vt 0.440797 0.781118
vt 0.841494 0.492744
vt 0.662955 0.492744
vt 0.264381 0.781239
vt 0.335572 0.080641
vt 0.488025 0.935391
vt 0.488025 0.935391
vt 0.230712 0.946068
vt 0.329324 0.974217
vt 0.550359 0.922742
vt 0.593189 0.575765
vt 0.883566 0.584136
vt 0.425024 0.987018
vt 0.567164 0.565360
vt 0.595222 0.582347
vt 0.662955 0.006083
vt 0.662955 0.492744
vt 0.841494 0.492744
vt 0.917175 0.570669
vt 0.892211 0.928111
vt 0.892211 0.928111
vt 0.753377 0.968363
vt 0.917175 0.570669
vt 0.923332 0.943884
vt 0.595222 0.582347
vt 0.841494 0.006083
vt 0.662955 0.175826
vt 0.335572 0.080641
vt 0.582816 0.931448
vt 0.641024 0.511702
vt 0.021051 0.809783
vt 0.841494 0.175826
vt 0.567164 0.565360
vt 0.569136 0.088012
vt 0.651489 0.092865
vt 0.572563 0.476212
vt 0.543140 0.950254
vt 0.697231 0.961508
vt 0.693652 0.986805
vt 0.345734 0.586745
vt 0.120967 0.047184
vt 0.562887 0.008965
vt 0.107864 0.009238
vt 0.662955 0.492744
vt 0.662955 0.006083
vt 0.841494 0.492744
vt 0.662955 0.175826
vt 0.150178 0.787791
vt 0.021051 0.610708
vt 0.150178 0.787791
vt 0.841494 0.006083
vt 0.021051 0.809783
vt 0.641024 0.511702
vt 0.841494 0.175826
vt 0.562887 0.008965
vt 0.102889 0.088588
vt 0.102889 0.088588
vt 0.020717 0.093017
vt 0.107864 0.009238
vt 0.569136 0.088012
vt 0.569136 0.088012
vt 0.030272 0.510701
vt 0.651489 0.092865
vt 0.572563 0.476212
vt 0.098612 0.475150
vt 0.030272 0.510701
vt 0.641024 0.511702
vt 0.098612 0.475150
vt 0.661742 0.170791
vt 0.572563 0.476212
vt 0.335572 0.080641
vt 0.336058 0.433867
vt 0.774125 0.013272
vt 0.774125 0.170791
vt 0.661742 0.013272
vt 0.467854 0.798408
vt 0.098612 0.475150
vt 0.230712 0.781573
vt 0.230712 0.610708
vt 0.193584 0.610708
vt 0.230712 0.946068
vt 0.193584 0.946068
vt 0.147782 0.984500
vt 0.841494 0.006083
vt 0.841494 0.175826
vt 0.662955 0.006083
vt 0.662955 0.175826
vt 0.662955 0.175826
vt 0.776370 0.175826
vt 0.662955 0.006083
vt 0.776370 0.006083
vt 0.345734 0.586745
vt 0.438401 0.579132
vt 0.496397 0.632881
vt 0.488056 0.935391
vt 0.425024 0.987018
vt 0.467854 0.798408
vt 0.230712 0.610708
vt 0.230712 0.610708
vt 0.230712 0.781573
vt 0.329324 0.974217
vt 0.345734 0.586745
vt 0.193584 0.946068
vt 0.496397 0.632881
vt 0.102889 0.088588
vt 0.102889 0.088588
vt 0.549965 0.046911
vt 0.030272 0.510701
vt 0.020717 0.093017
vt 0.098612 0.475150
vt 0.488056 0.935391
vt 0.329324 0.974217
vt 0.264381 0.781239
vt 0.264381 0.781239
vt 0.774125 0.013272
vt 0.150178 0.787791
vt 0.662955 0.492744
vt 0.841494 0.175826
vt 0.193584 0.610708
vt 0.230712 0.610708
vt 0.230712 0.781573
vt 0.147782 0.576038
vt 0.193584 0.610708
vt 0.150178 0.787791
vt 0.106802 0.610708
vt 0.150178 0.787791
vt 0.230712 0.946068
vt 0.230712 0.946068
vt 0.147782 0.576038
vt 0.106802 0.946068
vt 0.021051 0.946068
vt 0.147782 0.984500
vt 0.883566 0.584136
vt 0.917175 0.570669
vt 0.757776 0.534178
vt 0.756835 0.559415
vt 0.841494 0.492744
vt 0.440797 0.781118
vt 0.335572 0.080641
vt 0.193584 0.610708
vt 0.569136 0.088012
vt 0.107864 0.009238
vt 0.572563 0.476212
vt 0.641024 0.511702
vt 0.264381 0.781239
vt 0.345734 0.586745
vt 0.147782 0.576038
vt 0.496397 0.632881
vt 0.150178 0.787791
vt 0.230712 0.946068
vt 0.230712 0.610708
vt 0.193584 0.946068
vt 0.021051 0.809783
vt 0.593189 0.575765
vt 0.923332 0.943884
vt 0.892211 0.928111
vt 0.106802 0.610708
vt 0.021051 0.946068
vt 0.150178 0.787791
vt 0.193584 0.946068
vt 0.193584 0.610708
vt 0.150178 0.787791
vt 0.147782 0.576038
vt 0.147782 0.984500
vt 0.488025 0.935391
vt 0.329324 0.974217
vt 0.264381 0.781239
vt 0.440797 0.781118
vt 0.641024 0.511702
vt 0.098612 0.475150
vt 0.030272 0.510701
vt 0.569136 0.088012
vt 0.336058 0.433867
vt 0.572563 0.476212
vt 0.147782 0.984500
vt 0.661742 0.013272
vt 0.661742 0.170791
vt 0.335572 0.080641
vt 0.106802 0.946068
vt 0.021051 0.781573
vt 0.329324 0.974217
vt 0.662955 0.492744
vt 0.425024 0.987018
vt 0.488025 0.935391
vt 0.150178 0.787791
vt 0.774125 0.013272
vt 0.774125 0.170791
vt 0.467854 0.798408
vt 0.021051 0.610708
vt 0.150178 0.787791
vt 0.917175 0.570669
vt 0.892211 0.928111
vt 0.923332 0.943884
vt 0.550359 0.922742
vt 0.693652 0.986805
vt 0.567164 0.565360
vt 0.892211 0.928111
vt 0.917175 0.570669
vt 0.496397 0.632881
vt 0.582816 0.931448
vt 0.567164 0.565360
vt 0.543140 0.950254
vt 0.438401 0.579132
vt 0.595222 0.582347
vt 0.883566 0.584136
vt 0.883566 0.584136
vt 0.345734 0.586745
vt 0.879835 0.937423
vt 0.906680 0.583014
vt 0.697231 0.961508
vt 0.736846 0.553531
vt 0.693652 0.986805
vt 0.753377 0.968363
vt 0.567164 0.565360
vt 0.595222 0.582347
vt 0.582816 0.931448
vt 0.756835 0.559415
vt 0.841494 0.492744
vt 0.662955 0.175826
vt 0.757776 0.534178
vt 0.662955 0.006083
vt 0.651489 0.092865
vt 0.147782 0.984500
vt 0.193584 0.946068
vt 0.147782 0.984500
vt 0.230712 0.946068
vt 0.841494 0.175826
vt 0.841494 0.006083
vt 0.662955 0.006083
vt 0.776370 0.175826
vt 0.662955 0.006083
vt 0.662955 0.175826
vt 0.562887 0.008965
vt 0.549965 0.046911
vt 0.120967 0.047184
vt 0.030272 0.510701
vt 0.102889 0.088588
vt 0.098612 0.475150
vt 0.020717 0.093017
vt 0.102889 0.088588
vt 0.641024 0.511702
vt 0.098612 0.475150
vt 0.030272 0.510701
vt 0.841494 0.006083
vt 0.021051 0.610708
vt 0.329324 0.974217
vt 0.662955 0.175826
vt 0.572563 0.476212
vt 0.569136 0.088012
vt 0.335572 0.080641
vt 0.336058 0.433867
vt 0.841494 0.175826
vt 0.662955 0.006083
vt 0.841494 0.006083
vt 0.776370 0.175826
vt 0.776370 0.006083
vt 0.662955 0.175826
vt 0.661742 0.170791
vt 0.661742 0.013272
vt 0.150178 0.787791
vt 0.774125 0.170791
vt 0.120967 0.047184
vt 0.147782 0.576038
vt 0.549965 0.046911
vt 0.335572 0.080641
vt 0.193584 0.946068
vt 0.776370 0.006083
vt 0.496397 0.632881
vt 0.841494 0.175826
vt 0.438401 0.579132
vt 0.488056 0.935391
vt 0.329324 0.974217
vt 0.345734 0.586745
vt 0.467854 0.798408
vt 0.264381 0.781239
vt 0.488056 0.935391
vt 0.467854 0.798408
vt 0.021051 0.946068
vt 0.147782 0.984500
vt 0.106802 0.946068
vt 0.264381 0.781239
vt 0.345734 0.586745
vt 0.147782 0.576038
vt 0.496397 0.632881
vt 0.425024 0.987018
vt 0.150178 0.787791
vt 0.230712 0.610708
vt 0.230712 0.946068
vt 0.230712 0.946068
vt 0.193584 0.946068
vt 0.150178 0.787791
vt 0.662955 0.175826
vt 0.147782 0.984500
vt 0.193584 0.610708
vt 0.147782 0.576038
vt 0.106802 0.610708
vt 0.345734 0.586745
vt 0.917175 0.570669
vt 0.496397 0.632881
vt 0.662955 0.175826
vt 0.662955 0.006083
vt 0.150178 0.787791
vt 0.230712 0.946068
vt 0.230712 0.781573
vt 0.147782 0.576038
vt 0.230712 0.610708
vt 0.230712 0.610708
vt 0.106802 0.946068
vt 0.150178 0.787791
vt 0.021051 0.610708
vt 0.106802 0.610708
vt 0.488056 0.935391
vt 0.345734 0.586745
vt 0.438401 0.579132
vt 0.467854 0.798408
vt 0.425024 0.987018
vt 0.329324 0.974217
vt 0.193584 0.610708
vt 0.329324 0.974217
vt 0.264381 0.781239
vt 0.488056 0.935391
vt 0.193584 0.610708
vt 0.150178 0.787791
vt 0.193584 0.946068
vt 0.021051 0.781573
vt 0.021051 0.946068
vt 0.345734 0.586745
vt 0.496397 0.632881
vt 0.264381 0.781239
vt 0.662955 0.175826
vt 0.567164 0.565360
vt 0.496397 0.632881
vt 0.595222 0.582347
vt 0.693652 0.986805
vt 0.697231 0.961508
vt 0.543140 0.950254
vt 0.496397 0.632881
vt 0.329324 0.974217
vt 0.440797 0.781118
vt 0.264381 0.781239
vt 0.883566 0.584136
vt 0.593189 0.575765
vt 0.693652 0.986805
vt 0.892211 0.928111
vt 0.917175 0.570669
vt 0.892211 0.928111
vt 0.892211 0.928111
vt 0.595222 0.582347
vt 0.488025 0.935391
vt 0.264381 0.781239
vt 0.923332 0.943884
vt 0.567164 0.565360
vt 0.567164 0.565360
vt 0.582816 0.931448
vt 0.488025 0.935391
vt 0.923332 0.943884
vt 0.906680 0.583014
vt 0.917175 0.570669
vt 0.879835 0.937423
vt 0.425024 0.987018
vt 0.329324 0.974217
vt 0.582816 0.931448
vt 0.438401 0.579132
vt 0.106802 0.946068
vt 0.021051 0.610708
vt 0.150178 0.787791
vt 0.230712 0.946068
vt 0.230712 0.946068
vt 0.098612 0.475150
vt 0.641024 0.511702
vt 0.336058 0.433867
vt 0.572563 0.476212
vt 0.661742 0.013272
vt 0.774125 0.170791
vt 0.774125 0.013272
vt 0.345734 0.586745
vt 0.662955 0.492744
vt 0.841494 0.492744
vt 0.841494 0.175826
vt 0.662955 0.006083
vt 0.662955 0.175826
vt 0.841494 0.006083
vt 0.757776 0.534178
vt 0.572563 0.476212
vt 0.641024 0.511702
vt 0.661742 0.170791
vt 0.021051 0.809783
vt 0.020717 0.093017
vt 0.030272 0.510701
vt 0.098612 0.475150
vt 0.651489 0.092865
vt 0.107864 0.009238
vt 0.562887 0.008965
vt 0.569136 0.088012
vt 0.193584 0.610708
vt 0.147782 0.576038
vt 0.193584 0.946068
vt 0.230712 0.781573
vt 0.230712 0.610708
vt 0.230712 0.610708
vt 0.120967 0.047184
vt 0.102889 0.088588
vt 0.102889 0.088588
vt 0.549965 0.046911
vt 0.147782 0.984500
vt 0.193584 0.946068
vt 0.147782 0.984500
vt 0.030272 0.510701
vt 0.150178 0.787791
vt 0.569136 0.088012
vt 0.335572 0.080641
vt 0.264381 0.781239
vt 0.467854 0.798408
vt 0.425024 0.987018
vt 0.150178 0.787791
vt 0.467854 0.798408
vt 0.841494 0.006083
vt 0.021051 0.610708
vt 0.841494 0.175826
vt 0.662955 0.175826
vt 0.776370 0.006083
vt 0.776370 0.175826
vt 0.662955 0.175826
vt 0.496397 0.632881
vt 0.662955 0.006083
vt 0.438401 0.579132
vt 0.488056 0.935391
vt 0.329324 0.974217
vt 0.345734 0.586745
vt 0.662955 0.006083
vt 0.329324 0.974217
vt 0.488056 0.935391
vt 0.264381 0.781239
vt 0.345734 0.586745
vt 0.193584 0.946068
vt 0.496397 0.632881
vt 0.193584 0.946068
vt 0.147782 0.576038
vt 0.230712 0.610708
vt 0.230712 0.610708
vt 0.193584 0.610708
vt 0.150178 0.787791
vt 0.230712 0.946068
vt 0.150178 0.787791
vt 0.147782 0.984500
vt 0.193584 0.946068
vt 0.230712 0.946068
vt 0.753377 0.968363
vt 0.736846 0.553531
vt 0.193584 0.610708
vt 0.345734 0.586745
vt 0.147782 0.576038
vt 0.230712 0.610708
vt 0.150178 0.787791
vt 0.230712 0.781573
vt 0.147782 0.576038
vt 0.193584 0.610708
vt 0.106802 0.610708
vt 0.147782 0.984500
vt 0.021051 0.946068
vt 0.106802 0.946068
vt 0.757776 0.534178
vt 0.917175 0.570669
vt 0.756835 0.559415
vt 0.917175 0.570669
vt 0.550359 0.922742
vt 0.883566 0.584136
vt 0.193584 0.610708
vt 0.193584 0.946068
vt 0.106802 0.610708
vt 0.193584 0.610708
vt 0.147782 0.984500
vt 0.147782 0.576038
vt 0.230712 0.610708
vt 0.230712 0.781573
vt 0.150178 0.787791
vt 0.230712 0.946068
vt 0.150178 0.787791
vt 0.021051 0.610708
vt 0.106802 0.946068
vt 0.230712 0.946068
vt 0.147782 0.576038
vt 0.106802 0.610708
vt 0.841494 0.492744
vt 0.662955 0.175826
vt 0.841494 0.175826
vt 0.662955 0.492744
vt 0.021051 0.781573
vt 0.917175 0.570669
vt 0.264381 0.781239
vt 0.496397 0.632881
vt 0.150178 0.787791
vt 0.021051 0.946068
vt 0.440797 0.781118
vt 0.329324 0.974217
vt 0.264381 0.781239
vt 0.440797 0.781118
vt 0.923332 0.943884
vt 0.593189 0.575765
vt 0.550359 0.922742
vt 0.693652 0.986805
vt 0.488025 0.935391
vt 0.883566 0.584136
vt 0.892211 0.928111
vt 0.917175 0.570669
vt 0.335572 0.080641
vt 0.774125 0.013272
vt 0.030272 0.510701
vt 0.030272 0.510701
vt 0.641024 0.511702
vt 0.549965 0.046911
vt 0.107864 0.009238
vt 0.562887 0.008965
vt 0.120967 0.047184
vt 0.593189 0.575765
vt 0.923332 0.943884
vt 0.892211 0.928111
vt 0.693652 0.986805
vt 0.883566 0.584136
vt 0.567164 0.565360
vt 0.582816 0.931448
vt 0.595222 0.582347
vt 0.569136 0.088012
vt 0.661742 0.170791
vt 0.661742 0.013272
vt 0.774125 0.170791
vt 0.567164 0.565360
vt 0.230712 0.946068
vt 0.147782 0.576038
vt 0.193584 0.610708
vt 0.641024 0.511702
vt 0.651489 0.092865
vt 0.569136 0.088012
vt 0.102889 0.088588
vt 0.662955 0.175826
vt 0.776370 0.175826
vt 0.662955 0.006083
vt 0.098612 0.475150
vt 0.020717 0.093017
vt 0.335572 0.080641
vt 0.662955 0.006083
vt 0.841494 0.175826
vt 0.841494 0.006083
vt 0.345734 0.586745
vt 0.438401 0.579132
vt 0.496397 0.632881
vt 0.572563 0.476212
vt 0.098612 0.475150
vt 0.102889 0.088588
vt 0.336058 0.433867
vt 0.572563 0.476212
vt 0.150178 0.787791
vt 0.193584 0.610708
vt 0.230712 0.610708
vt 0.841494 0.492744
vt 0.106802 0.946068
vt 0.662955 0.175826
vt 0.335572 0.080641
vt 0.150178 0.787791
vt 0.193584 0.610708
vt 0.102889 0.088588
vt 0.662955 0.006083
vt 0.662955 0.175826
vt 0.841494 0.006083
vt 0.841494 0.175826
vt 0.150178 0.787791
vt 0.150178 0.787791
vt 0.021051 0.809783
vt 0.923332 0.943884
vt 0.020717 0.093017
vt 0.098612 0.475150
vt 0.230712 0.610708
vt 0.567164 0.565360
vt 0.923332 0.943884
vt 0.030272 0.510701
vt 0.892211 0.928111
vt 0.892211 0.928111
vt 0.917175 0.570669
vt 0.917175 0.570669
vt 0.906680 0.583014
vt 0.230712 0.946068
vt 0.883566 0.584136
vt 0.841494 0.175826
vt 0.662955 0.492744
vt 0.150178 0.787791
vt 0.021051 0.610708
vt 0.021051 0.781573
vt 0.193584 0.946068
vt 0.147782 0.984500
vt 0.021051 0.946068
vt 0.106802 0.610708
vt 0.488025 0.935391
vt 0.488025 0.935391
vt 0.329324 0.974217
vt 0.193584 0.946068
vt 0.147782 0.984500
vt 0.230712 0.610708
vt 0.230712 0.781573
vt 0.879835 0.937423
vt 0.150178 0.787791
vt 0.329324 0.974217
vt 0.264381 0.781239
vt 0.440797 0.781118
vt 0.147782 0.576038
vt 0.496397 0.632881
vt 0.345734 0.586745
vt 0.425024 0.987018
vt 0.264381 0.781239
vt 0.440797 0.781118
vt 0.906680 0.583014
vt 0.693652 0.986805
vt 0.595222 0.582347
vt 0.543140 0.950254
vt 0.693652 0.986805
vt 0.582816 0.931448
vt 0.150178 0.787791
vt 0.193584 0.610708
vt 0.230712 0.610708
vt 0.230712 0.610708
vt 0.230712 0.781573
vt 0.193584 0.610708
vt 0.438401 0.579132
vt 0.345734 0.586745
vt 0.496397 0.632881
vt 0.757776 0.534178
vt 0.595222 0.582347
vt 0.567164 0.565360
vt 0.756835 0.559415
vt 0.021051 0.946068
vt 0.147782 0.984500
vt 0.230712 0.946068
vt 0.662955 0.175826
vt 0.662955 0.006083
vt 0.776370 0.175826
vt 0.697231 0.961508
vt 0.106802 0.946068
vt 0.230712 0.610708
vt 0.021051 0.610708
vt 0.193584 0.946068
vt 0.147782 0.576038
vt 0.693652 0.986805
vt 0.906680 0.583014
vt 0.879835 0.937423
vt 0.438401 0.579132
vt 0.776370 0.006083
vt 0.496397 0.632881
vt 0.662955 0.175826
vt 0.488025 0.935391
vt 0.329324 0.974217
vt 0.440797 0.781118
vt 0.496397 0.632881
vt 0.440797 0.781118
vt 0.496397 0.632881
vt 0.345734 0.586745
vt 0.264381 0.781239
vt 0.488025 0.935391
vt 0.425024 0.987018
vt 0.329324 0.974217
vt 0.264381 0.781239
vt 0.345734 0.586745
vt 0.567164 0.565360
vt 0.438401 0.579132
vt 0.595222 0.582347
vt 0.147782 0.984500
vt 0.892211 0.928111
vt 0.883566 0.584136
vt 0.923332 0.943884
vt 0.917175 0.570669
vt 0.147782 0.576038
vt 0.230712 0.946068
vt 0.193584 0.946068
vt 0.892211 0.928111
vt 0.582816 0.931448
vt 0.917175 0.570669
vt 0.567164 0.565360
vt 0.567164 0.565360
vt 0.595222 0.582347
vt 0.543140 0.950254
vt 0.693652 0.986805
vt 0.923332 0.943884
vt 0.193584 0.610708
vt 0.582816 0.931448
vt 0.697231 0.961508
vt 0.593189 0.575765
vt 0.892211 0.928111
vt 0.753377 0.968363
vt 0.736846 0.553531
vt 0.550359 0.922742
vt 0.757776 0.534178
vt 0.150178 0.787791
vt 0.230712 0.946068
vt 0.193584 0.946068
vt 0.106802 0.610708
vt 0.883566 0.584136
vt 0.756835 0.559415
vt 0.917175 0.570669
vt 0.147782 0.984500
vt 0.883566 0.584136
vt 0.917175 0.570669
vt 0.892211 0.928111
vt 0.892211 0.928111
vt 0.917175 0.570669
vt 0.923332 0.943884
vt 0.230712 0.946068
vt 0.150178 0.787791
vt 0.230712 0.781573
vt 0.230712 0.610708
vt 0.496397 0.632881
vt 0.467854 0.798408
vt 0.467854 0.798408
vt 0.147782 0.576038
vt 0.345734 0.586745
vt 0.496397 0.632881
vt 0.438401 0.579132
vt 0.425024 0.987018
vt 0.329324 0.974217
vt 0.264381 0.781239
vt 0.264381 0.781239
vt 0.488056 0.935391
vt 0.329324 0.974217
vt 0.488056 0.935391
vt 0.345734 0.586745
vt 0.776370 0.006083
vt 0.147782 0.576038
vt 0.345734 0.586745
vt 0.230712 0.781573
vt 0.841494 0.006083
vt 0.662955 0.006083
vt 0.021051 0.781573
vt 0.841494 0.492744
vt 0.021051 0.946068
vt 0.662955 0.175826
vt 0.662955 0.492744
vt 0.841494 0.175826
vt 0.662955 0.492744
vt 0.841494 0.492744
vt 0.774125 0.013272
vt 0.841494 0.175826
vt 0.662955 0.175826
vt 0.193584 0.610708
vt 0.150178 0.787791
vt 0.150178 0.787791
vt 0.021051 0.610708
vt 0.736846 0.553531
vt 0.841494 0.492744
vt 0.193584 0.946068
vt 0.662955 0.492744
vt 0.147782 0.576038
vt 0.106802 0.946068
vt 0.106802 0.610708
vt 0.147782 0.984500
vt 0.550359 0.922742
vt 0.753377 0.968363
vt 0.841494 0.175826
vt 0.662955 0.492744
vt 0.662955 0.006083
vt 0.841494 0.492744
vt 0.543140 0.950254
vt 0.567164 0.565360
vt 0.582816 0.931448
vt 0.582816 0.931448
vt 0.567164 0.565360
vt 0.595222 0.582347
vt 0.841494 0.175826
vt 0.841494 0.492744
vt 0.662955 0.175826
vt 0.662955 0.492744
vt 0.841494 0.006083
vt 0.662955 0.175826
vt 0.662955 0.006083
vt 0.841494 0.006083
vt 0.841494 0.175826
vt 0.662955 0.006083
vt 0.440797 0.781118
vt 0.662955 0.175826
vt 0.776370 0.006083
vt 0.776370 0.175826
vt 0.662955 0.175826
vt 0.662955 0.006083
vt 0.438401 0.579132
vt 0.496397 0.632881
vt 0.345734 0.586745
vt 0.193584 0.610708
vt 0.150178 0.787791
vt 0.230712 0.610708
vt 0.150178 0.787791
vt 0.264381 0.781239
vt 0.230712 0.781573
vt 0.106802 0.946068
vt 0.329324 0.974217
vt 0.488056 0.935391
vt 0.425024 0.987018
vt 0.230712 0.946068
vt 0.230712 0.610708
vt 0.193584 0.946068
vt 0.147782 0.984500
vt 0.193584 0.946068
vt 0.021051 0.610708
vt 0.021051 0.946068
vt 0.150178 0.787791
vt 0.693652 0.986805
vt 0.697231 0.961508
vt 0.879835 0.937423
vt 0.147782 0.576038
vt 0.193584 0.610708
vt 0.106802 0.610708
vt 0.549965 0.046911
vt 0.335572 0.080641
vt 0.892211 0.928111
vt 0.572563 0.476212
vt 0.593189 0.575765
vt 0.120967 0.047184
vt 0.150178 0.787791
vt 0.230712 0.946068
vt 0.147782 0.576038
vt 0.147782 0.984500
vt 0.021051 0.781573
vt 0.467854 0.798408
vt 0.335572 0.080641
vt 0.569136 0.088012
vt 0.336058 0.433867
vt 0.774125 0.170791
vt 0.661742 0.013272
vt 0.661742 0.170791
vt 0.230712 0.610708
vt 0.345734 0.586745
vt 0.193584 0.610708
vt 0.440797 0.781118
vt 0.264381 0.781239
vt 0.488056 0.935391
vt 0.496397 0.632881
vt 0.264381 0.781239
vt 0.496397 0.632881
vt 0.467854 0.798408
vt 0.329324 0.974217
vt 0.641024 0.511702
vt 0.345734 0.586745
vt 0.661742 0.170791
vt 0.230712 0.946068
vt 0.193584 0.946068
vt 0.230712 0.946068
vt 0.147782 0.984500
vt 0.230712 0.781573
vt 0.651489 0.092865
vt 0.572563 0.476212
vt 0.641024 0.511702
vt 0.147782 0.984500
vt 0.147782 0.576038
vt 0.569136 0.088012
vt 0.107864 0.009238
vt 0.562887 0.008965
vt 0.841494 0.175826
vt 0.841494 0.006083
vt 0.774125 0.013272
vt 0.883566 0.584136
vt 0.841494 0.006083
vt 0.841494 0.175826
vt 0.661742 0.013272
vt 0.569136 0.088012
vt 0.774125 0.170791
vt 0.030272 0.510701
vt 0.572563 0.476212
vt 0.030272 0.510701
vt 0.641024 0.511702
vt 0.102889 0.088588
vt 0.098612 0.475150
vt 0.098612 0.475150
vt 0.020717 0.093017
vt 0.335572 0.080641
vt 0.150178 0.787791
vt 0.106802 0.610708
vt 0.193584 0.610708
vt 0.841494 0.175826
vt 0.336058 0.433867
vt 0.102889 0.088588
vt 0.549965 0.046911
vt 0.107864 0.009238
vt 0.120967 0.047184
vt 0.562887 0.008965
vt 0.021051 0.809783
vt 0.147782 0.576038
vt 0.150178 0.787791
vt 0.150178 0.787791
vt 0.572563 0.476212
vt 0.569136 0.088012
vt 0.651489 0.092865
vt 0.193584 0.946068
vt 0.662955 0.175826
vt 0.021051 0.610708
vt 0.841494 0.006083
vt 0.147782 0.576038
vt 0.230712 0.610708
vt 0.757776 0.534178
vt 0.917175 0.570669
vt 0.756835 0.559415
vt 0.550359 0.922742
vt 0.736846 0.553531
vt 0.753377 0.968363
vt 0.488025 0.935391
vt 0.230712 0.610708
vt 0.150178 0.787791
vt 0.329324 0.974217
vt 0.106802 0.946068
vt 0.264381 0.781239
vt 0.021051 0.946068
vt 0.264381 0.781239
vt 0.264381 0.781239
vt 0.496397 0.632881
vt 0.467854 0.798408
vt 0.193584 0.946068
vt 0.147782 0.984500
vt 0.021051 0.610708
vt 0.106802 0.946068
vt 0.488025 0.935391
vt 0.329324 0.974217
vt 0.147782 0.984500
vt 0.425024 0.987018
vt 0.021051 0.946068
vt 0.021051 0.809783
vt 0.102889 0.088588
vt 0.150178 0.787791
vt 0.098612 0.475150
vt 0.641024 0.511702
vt 0.030272 0.510701
vt 0.193584 0.610708
vt 0.230712 0.946068
vt 0.230712 0.946068
vt 0.193584 0.946068
vt 0.467854 0.798408
vt 0.106802 0.610708
vt 0.329324 0.974217
vt 0.488056 0.935391
vt 0.329324 0.974217
vt 0.425024 0.987018
vt 0.488056 0.935391
vt 0.150178 0.787791
vt 0.345734 0.586745
vn -0.503076 -0.716653 0.483036
vn -0.676479 -0.735118 0.044466
vn 0.023981 0.996939 -0.074409
vn 0.963381 -0.236531 -0.126292
vn 0.963381 -0.236531 -0.126292
vn 0.963660 -0.235447 -0.126188
vn -0.990746 0.014479 0.134954
vn -0.012541 0.999315 -0.034810
vn 0.061810 0.998084 0.002920
vn -0.582632 -0.793193 0.177157
vn -0.605702 -0.795612 0.011195
vn -0.596201 -0.797199 0.094960
vn -0.998919 -0.016841 -0.043322
vn -0.989139 0.015672 0.146147
vn -0.945171 0.039421 0.324188
vn -0.945171 0.039421 0.324188
vn -0.043623 -0.007673 0.999019
vn 0.446617 -0.716456 -0.535933
vn -0.395108 -0.023992 -0.918321
vn -0.998919 -0.016841 -0.043322
vn 0.061190 0.998124 -0.001936
vn 0.433709 -0.898790 -0.063819
vn 0.963107 -0.237590 -0.126394
vn -0.963599 -0.235701 0.126180
vn 0.568991 -0.730785 0.377097
vn 0.361980 -0.927690 -0.091446
vn 0.093840 -0.989531 -0.109652
vn 0.070355 -0.993074 0.094094
vn -0.999741 0.019708 -0.011412
vn 0.012880 0.997634 0.067538
vn 0.016559 0.997450 -0.069420
vn -0.999857 0.012218 -0.011701
vn -0.999741 0.019708 -0.011412
vn -0.999741 0.019708 -0.011412
vn -0.416694 -0.906335 0.070169
vn 0.548897 -0.823966 -0.140685
vn 0.590024 -0.806887 -0.028370
vn 0.327558 -0.944830 -0.001166
vn -0.129820 0.001055 -0.991537
vn 0.977124 0.169659 -0.128234
vn -0.129820 0.001055 -0.991537
vn -0.963600 -0.235700 0.126180
vn 0.498539 -0.863157 -0.080119
vn 0.052898 0.998582 0.006045
vn 0.021041 0.999620 -0.017793
vn 0.056561 0.998396 0.002521
vn 0.021041 0.999620 -0.017793
vn -0.129683 0.000466 -0.991555
vn 0.077542 0.454690 -0.887268
vn 0.150211 -0.988335 -0.025128
vn 0.006210 0.997453 -0.071055
vn -0.990698 0.016817 0.135039
vn -0.990698 0.016817 0.135039
vn -0.990698 0.016817 0.135039
vn 0.959140 0.266754 -0.094300
vn 0.959140 0.266754 -0.094300
vn 0.959140 0.266754 -0.094300
vn 0.973218 0.206997 -0.099997
vn 0.973218 0.206997 -0.099997
vn -0.125407 -0.989689 0.069197
vn 0.973218 0.206997 -0.099997
vn 0.099600 0.367952 -0.924495
vn 0.055887 0.998391 0.009555
vn 0.055887 0.998391 0.009555
vn 0.000464 0.999242 0.038936
vn -0.257778 0.965648 -0.032772
vn 0.041178 -0.999151 -0.001319
vn -0.523180 0.230072 -0.820579
vn -0.057804 0.997339 -0.044434
vn -0.998846 0.018888 -0.044157
vn 0.056561 0.998396 0.002521
vn 0.055887 0.998391 0.009555
vn -0.018082 0.999645 -0.019588
vn -0.018082 0.999645 -0.019588
vn -0.027318 0.206440 0.978078
vn -0.018082 0.999645 -0.019588
vn 0.127916 -0.177278 0.975813
vn -0.129974 0.001715 -0.991516
vn 0.962238 0.268125 0.046981
vn 0.962238 0.268125 0.046981
vn 0.962238 0.268125 0.046981
vn -0.977186 0.169475 0.128007
vn -0.977280 0.168962 0.127971
vn -0.297132 0.954043 0.038926
vn 0.130026 -0.000000 0.991511
vn 0.130087 0.000360 0.991502
vn -0.129147 0.090808 -0.987459
vn 0.977153 0.169475 -0.128255
vn 0.977139 0.169568 -0.128244
vn 0.000000 1.000000 0.000000
vn 0.000000 -1.000000 0.000000
vn 0.297271 0.953997 -0.038984
vn -0.016651 0.999639 -0.021077
vn -0.016651 0.999639 -0.021077
vn -0.134104 -0.989701 0.050071
vn -0.005198 0.999200 -0.039655
vn 0.059891 -0.998145 -0.010923
vn 0.040941 -0.999150 0.004723
vn -0.016651 0.999639 -0.021077
vn 0.977139 0.169568 -0.128244
vn -0.398406 0.230373 -0.887807
vn -0.981677 0.016255 -0.189857
vn 0.111966 -0.992879 -0.040691
vn -0.977233 0.169217 0.127989
vn -0.285875 0.886111 -0.364805
vn 0.213862 0.928886 -0.302380
vn -0.129324 0.089842 -0.987524
vn 0.000000 -1.000000 0.000000
vn 0.000000 -1.000000 0.000000
vn -0.005175 0.999252 0.038318
vn -0.250359 0.965607 -0.070172
vn -0.051195 0.997315 -0.052370
vn 0.129961 0.001584 0.991518
vn 0.129961 0.000543 0.991519
vn 0.000000 -1.000000 0.000000
vn 0.130007 0.000477 0.991513
vn -0.919245 0.038861 0.391763
vn -0.919245 0.038861 0.391763
vn 0.623829 -0.777962 -0.074915
vn 0.457266 -0.886752 -0.067671
vn -0.011232 -0.999935 0.001790
vn 0.041809 0.999101 -0.006980
vn 0.277689 -0.959988 -0.036208
vn 0.000000 1.000000 0.000000
vn 0.000000 1.000000 0.000000
vn 0.000000 1.000000 0.000000
vn 0.055887 0.998391 0.009569
vn 0.000000 1.000000 0.000000
vn -0.778429 -0.286577 0.558499
vn 0.005894 0.999953 -0.007706
vn 0.055887 0.998391 0.009569
vn -0.788824 -0.285710 0.544175
vn 0.127969 -0.177522 0.975761
vn 0.055887 0.998391 0.009569
vn -0.018098 0.999645 -0.019544
vn -0.018098 0.999645 -0.019544
vn -0.018098 0.999645 -0.019544
vn 0.032856 0.999458 0.002139
vn 0.033891 0.999399 0.007223
vn -0.017809 0.999635 -0.020337
vn 0.005894 0.999953 -0.007706
vn -0.043444 -0.004469 0.999046
vn 0.037566 0.999291 -0.002658
vn 0.037566 0.999291 -0.002658
vn -0.636109 -0.736768 0.229214
vn -0.059469 -0.998145 0.013027
vn 0.132332 -0.989688 -0.054820
vn -0.041070 -0.999151 -0.003273
vn -0.054404 0.998397 -0.015624
vn -0.054404 0.998397 -0.015624
vn 0.135976 0.206060 -0.969046
vn 0.597595 -0.794067 -0.111071
vn 0.602071 -0.797945 -0.028192
vn 0.602370 -0.796264 0.055812
vn 0.290231 -0.026197 0.956598
vn -0.503496 -0.716433 0.482923
vn -0.523471 -0.731597 -0.436743
vn -0.662719 -0.741508 0.104731
vn -0.678674 -0.734090 -0.022654
vn -0.662719 -0.741508 0.104731
vn 0.328226 -0.943039 -0.054261
vn -0.989174 0.014535 0.146022
vn -0.993202 -0.018128 -0.114987
vn -0.395752 -0.023997 -0.918044
vn -0.993202 -0.018128 -0.114987
vn 0.668329 -0.734140 -0.119891
vn 0.568596 -0.731487 0.376332
vn 0.067671 -0.993578 0.090678
vn 0.975408 0.037980 -0.217110
vn 0.009412 0.999288 0.036524
vn 0.154093 -0.006267 -0.988036
vn 0.975408 0.037980 -0.217110
vn 0.362241 -0.930985 -0.045265
vn 0.091182 -0.990570 -0.102260
vn 0.104762 -0.992884 -0.056616
vn 0.446668 -0.715923 -0.536603
vn 0.003585 0.309360 0.950938
vn -0.026846 0.996937 0.073461
vn -0.169891 0.206995 0.963478
vn 0.053873 0.998393 0.017588
vn 0.053873 0.998393 0.017588
vn 0.053873 0.998393 0.017588
vn 0.057639 -0.998146 -0.019561
vn 0.111755 0.216697 0.969821
vn 0.022606 0.997634 0.064931
vn 0.071084 -0.996874 -0.034481
vn -0.014103 0.997452 0.069927
vn 0.999566 0.016834 -0.024169
vn -0.202361 0.367984 0.907545
vn -0.175983 0.455639 0.872596
vn -0.051884 0.998582 -0.011893
vn 0.987837 -0.019354 0.154282
vn -0.059674 -0.993069 -0.101255
vn 0.999288 0.013719 -0.035156
vn -0.105451 -0.989525 0.098590
vn -0.325769 -0.944792 -0.035247
vn -0.560318 -0.824581 0.078164
vn 0.421461 -0.906542 -0.023488
vn -0.589114 -0.807201 -0.037037
vn -0.437655 -0.899016 0.015106
vn -0.503239 -0.863810 0.024126
vn -0.971450 -0.236543 0.018232
vn -0.971546 -0.236152 0.018183
vn -0.971644 -0.235753 0.018133
vn -0.971546 -0.236152 0.018183
vn -0.061951 0.998071 -0.004156
vn -0.056333 0.998376 -0.008474
vn -0.062054 0.998018 -0.010423
vn -0.056333 0.998376 -0.008474
vn -0.370033 -0.927635 0.050687
vn -0.971164 -0.237703 0.018376
vn -0.061030 0.998124 -0.004899
vn -0.971309 -0.237117 0.018303
vn -0.971450 -0.236543 0.018232
vn -0.022867 0.999621 0.015347
vn -0.018571 0.001597 -0.999826
vn 0.017345 0.999639 0.020538
vn -0.022867 0.999621 0.015347
vn 0.987837 -0.019354 0.154282
vn 0.017345 0.999639 0.020538
vn -0.074504 -0.996872 0.026365
vn -0.152059 -0.988337 0.008287
vn -0.977945 0.208670 -0.008917
vn 0.017345 0.999639 0.020538
vn 0.999566 0.016834 -0.024169
vn 0.999566 0.016834 -0.024169
vn 0.016562 -0.000238 -0.999863
vn -0.971540 -0.236322 -0.016190
vn -0.971679 -0.235753 -0.016119
vn -0.977945 0.208670 -0.008917
vn -0.977945 0.208670 -0.008917
vn -0.963971 0.265698 -0.012828
vn -0.110441 -0.992881 0.044606
vn -0.963971 0.265698 -0.012828
vn -0.963971 0.265698 -0.012828
vn 0.003826 0.999252 -0.038471
vn 0.016506 0.000000 -0.999864
vn 0.016506 0.000000 -0.999864
vn -0.016564 0.001602 0.999862
vn 0.252593 0.965630 0.061288
vn 0.985424 0.169339 0.016245
vn 0.462770 -0.886478 -0.000040
vn 0.016443 0.000266 -0.999865
vn 0.999647 0.011435 -0.023964
vn 0.985174 0.170773 0.016373
vn 0.985300 0.170053 0.016309
vn 0.985300 0.170053 0.016309
vn 0.987788 0.015035 0.155079
vn 0.052951 0.997318 0.050536
vn 0.428689 0.227522 0.874334
vn -0.054404 0.998397 -0.015624
vn -0.016560 0.000482 0.999863
vn -0.016559 -0.000000 0.999863
vn -0.016554 0.000028 0.999863
vn 0.971502 -0.236322 -0.018309
vn 0.018927 -0.000336 0.999821
vn 0.971639 -0.235752 -0.018385
vn 0.019006 0.000000 0.999819
vn 0.011370 -0.999935 -0.000527
vn -0.628314 -0.777943 0.005125
vn -0.280250 -0.959914 0.005091
vn 0.019006 0.000000 0.999819
vn -0.462275 -0.886585 0.016377
vn -0.985325 0.169687 0.018492
vn 0.019095 0.000377 0.999818
vn -0.018506 -0.000000 -0.999829
vn 0.298600 0.954362 -0.005586
vn 0.985606 0.168053 -0.018397
vn 0.985508 0.168624 -0.018448
vn -0.018454 -0.000305 -0.999830
vn -0.985602 0.168053 0.018649
vn -0.298918 0.954262 0.005632
vn 0.985410 0.169190 -0.018498
vn -0.985463 0.168873 0.018570
vn -0.985463 0.168873 0.018570
vn 0.985508 0.168624 -0.018448
vn 0.018853 0.088148 0.995929
vn 0.018680 0.089143 0.995844
vn 0.242803 0.886383 0.394171
vn 0.000000 -1.000000 0.000000
vn -0.245530 0.929163 0.276355
vn 0.000000 1.000000 0.000000
vn 0.000740 0.999205 0.039854
vn 0.000000 -1.000000 0.000000
vn 0.000000 -1.000000 0.000000
vn 0.000000 -1.000000 0.000000
vn -0.032410 0.999458 -0.005785
vn -0.977233 0.169217 0.127989
vn -0.665809 -0.742928 -0.068961
vn -0.989157 0.039071 0.141567
vn -0.989157 0.039071 0.141567
vn 0.974313 -0.016864 0.224564
vn 0.974313 -0.016864 0.224564
vn 0.292416 -0.022205 0.956033
vn -0.018798 -0.178372 -0.983784
vn 0.844411 -0.285977 -0.452976
vn -0.018465 -0.176977 -0.984042
vn 0.000000 1.000000 0.000000
vn 0.835775 -0.286634 -0.468317
vn 0.000000 1.000000 0.000000
vn 0.000000 1.000000 0.000000
vn 0.000000 1.000000 0.000000
vn -0.054400 0.998397 -0.015647
vn -0.054400 0.998397 -0.015647
vn -0.054400 0.998397 -0.015647
vn 0.017404 0.999638 0.020502
vn 0.017404 0.999638 0.020502
vn -0.032874 0.999400 -0.010944
vn 0.957197 0.036318 -0.287150
vn 0.656556 -0.737830 -0.156656
vn 0.669130 -0.742526 -0.030327
vn 0.017404 0.999638 0.020502
vn -0.042313 0.999102 0.002276
vn -0.101953 -0.990576 0.091463
vn -0.037620 0.999291 -0.001545
vn -0.985174 0.170773 -0.016373
vn -0.298891 0.954274 -0.004957
vn -0.016564 0.000737 0.999863
vn -0.985390 0.169511 -0.016494
vn -0.985283 0.170139 -0.016434
vn -0.985283 0.170139 -0.016434
vn -0.006266 0.999954 0.007307
vn 0.016284 0.999608 0.022764
vn -0.037620 0.999291 -0.001545
vn -0.006266 0.999954 0.007307
vn 0.000000 -1.000000 0.000000
vn 0.277981 -0.959895 0.036443
vn -0.963626 -0.235722 -0.125934
vn 0.963197 -0.237636 0.125623
vn -0.996738 0.040315 0.069914
vn -0.607480 -0.794050 0.021291
vn -0.599576 -0.797966 -0.061308
vn 0.154093 -0.006267 -0.988036
vn 0.957197 0.036318 -0.287150
vn 0.999286 0.013878 -0.035136
vn -0.332427 -0.942969 0.017386
vn -0.993435 0.014858 -0.113430
vn -0.954189 -0.018993 -0.298600
vn -0.587379 -0.796328 -0.144389
vn -0.523108 -0.731774 -0.436881
vn -0.365218 -0.930910 0.004672
vn -0.677588 -0.734091 0.044545
vn -0.503496 -0.716433 0.482923
vn -0.015277 0.997632 -0.067052
vn -0.254885 0.214744 -0.942825
vn -0.037154 0.308385 -0.950536
vn 0.024231 0.996939 -0.074333
vn -0.963632 -0.235701 -0.125932
vn 0.060687 0.998069 0.013275
vn -0.129468 -0.000000 0.991584
vn -0.057137 -0.993578 -0.097663
vn 0.977218 0.169475 0.127759
vn -0.129157 0.002296 0.991622
vn 0.977231 0.169404 0.127754
vn 0.977244 0.169334 0.127749
vn 0.054473 0.998375 0.016722
vn 0.049549 0.998582 0.019451
vn -0.298482 -0.005936 0.954397
vn 0.054473 0.998375 0.016722
vn 0.669130 -0.742526 -0.030327
vn 0.670870 -0.735112 0.097698
vn -0.996738 0.040315 0.069914
vn -0.954189 -0.018993 -0.298600
vn 0.459389 -0.886699 0.052213
vn 0.151619 -0.988335 0.014319
vn 0.334468 0.365812 -0.868512
vn 0.024281 0.997451 -0.067100
vn 0.316763 -0.944850 0.083181
vn 0.577091 -0.807233 0.123862
vn -0.420244 -0.906564 -0.039204
vn 0.119007 -0.989515 -0.081834
vn 0.043872 -0.993071 0.109024
vn 0.435086 -0.899004 0.049913
vn 0.452558 -0.731297 0.510291
vn 0.569160 -0.716780 -0.402843
vn 0.024880 0.999621 -0.011788
vn -0.014146 0.999639 -0.022836
vn 0.024880 0.999621 -0.011788
vn 0.059855 0.998016 0.019544
vn 0.016495 0.090547 -0.995756
vn -0.228828 0.886304 -0.402619
vn 0.016494 0.090541 -0.995756
vn 0.298812 0.954299 0.004956
vn 0.000660 0.999206 -0.039847
vn 0.254919 0.929287 -0.267286
vn -0.146830 -0.024146 -0.988867
vn 0.000000 -1.000000 0.000000
vn 0.000000 -1.000000 0.000000
vn 0.000000 1.000000 0.000000
vn 0.373307 -0.927697 0.004559
vn 0.501643 -0.863579 0.050854
vn -0.003913 0.999288 -0.037525
vn 0.963697 -0.235411 0.125978
vn -0.014146 0.999639 -0.022836
vn -0.014146 0.999639 -0.022836
vn 0.280256 -0.959913 0.004778
vn 0.000000 -1.000000 0.000000
vn 0.000000 -1.000000 0.000000
vn 0.032208 0.999457 0.006919
vn 0.629275 -0.776994 0.017099
vn -0.011367 -0.999935 0.000127
vn 0.951179 0.266679 0.155371
vn 0.951179 0.266679 0.155371
vn 0.951179 0.266679 0.155371
vn 0.077579 -0.996873 -0.015046
vn 0.303215 0.453790 -0.837935
vn -0.992150 0.012229 -0.124458
vn 0.965291 0.211207 0.153637
vn 0.965291 0.211207 0.153637
vn 0.051494 0.998396 0.023532
vn -0.992116 0.015928 -0.124311
vn -0.992116 0.015928 -0.124311
vn -0.953933 0.016591 -0.299560
vn 0.051494 0.998396 0.023532
vn -0.992116 0.015928 -0.124311
vn 0.005120 0.997635 0.068545
vn 0.965291 0.211207 0.153637
vn 0.051494 0.998396 0.023532
vn 0.040145 -0.999150 0.009319
vn -0.138956 -0.989694 0.034592
vn -0.044941 0.997314 -0.057837
vn 0.060746 -0.998145 -0.004081
vn -0.294652 0.229326 -0.927680
vn 0.115868 -0.992876 -0.027769
vn -0.277281 0.208077 0.937987
vn -0.009459 0.999253 0.037483
vn -0.240804 0.965613 -0.098009
vn -0.034975 0.996938 0.069932
vn 0.963450 -0.236512 0.125803
vn 0.963450 -0.236512 0.125803
vn -0.103851 0.310222 0.944975
vn 0.129622 -0.000481 -0.991563
vn 0.977231 0.169404 0.127754
vn -0.503076 -0.716653 0.483036
vn 0.987951 -0.016119 0.153924
vn 0.290785 -0.025187 0.956457
vn 0.987951 -0.016119 0.153924
vn 0.129453 0.000247 -0.991586
vn -0.127367 -0.175893 0.976135
vn -0.127238 -0.176385 0.976063
vn 0.000000 1.000000 0.000000
vn 0.000000 1.000000 0.000000
vn 0.000000 1.000000 0.000000
vn -0.129308 0.001409 0.991604
vn -0.129468 0.000248 0.991584
vn -0.129356 0.000985 0.991598
vn -0.977201 0.169614 -0.127711
vn -0.296322 0.954302 -0.038735
vn -0.977239 0.169369 -0.127739
vn -0.977239 0.169369 -0.127739
vn -0.977278 0.169122 -0.127767
vn 0.129040 0.088450 -0.987687
vn -0.181845 0.886181 -0.426163
vn 0.129109 0.088886 -0.987639
vn 0.129542 -0.000138 -0.991574
vn 0.621921 -0.778104 0.088139
vn -0.012705 0.999609 -0.024926
vn 0.129542 -0.000138 -0.991574
vn 0.283575 0.929228 -0.236896
vn 0.296285 0.954314 0.038730
vn 0.000000 1.000000 0.000000
vn 0.005160 0.999205 -0.039520
vn -0.859894 -0.285983 0.422843
vn -0.016487 -0.176977 0.984077
vn -0.016708 -0.176077 0.984235
vn 0.000000 1.000000 0.000000
vn 0.000000 1.000000 0.000000
vn -0.851531 -0.287584 0.438395
vn 0.000000 -1.000000 0.000000
vn 0.000000 -1.000000 0.000000
vn -0.011318 -0.999935 -0.001164
vn 0.000000 -1.000000 0.000000
vn -0.018523 0.000473 -0.999828
vn 0.154093 -0.006267 -0.988036
vn -0.018562 0.000910 -0.999827
vn -0.018562 0.001573 -0.999826
vn 0.114395 -0.990571 -0.075388
vn 0.000000 1.000000 0.000000
vn 0.051555 0.998390 0.023660
vn -0.902351 -0.285266 0.323088
vn 0.051555 0.998390 0.023660
vn -0.014149 0.999639 -0.022856
vn -0.014149 0.999639 -0.022856
vn 0.051555 0.998390 0.023660
vn 0.030871 0.999400 0.015698
vn 0.007280 0.999954 -0.006301
vn 0.007280 0.999954 -0.006301
vn 0.031179 0.999458 0.010518
vn 0.675833 -0.734903 0.056279
vn 0.569077 -0.716979 -0.402607
vn 0.361740 -0.930967 0.049449
vn 0.036968 0.999291 0.007091
vn 0.042182 0.999102 0.004002
vn -0.298855 -0.002850 0.954294
vn 0.036968 0.999291 0.007091
vn -0.014149 0.999639 -0.022856
vn -0.665809 -0.742928 -0.068961
vn -0.672037 -0.738256 0.057834
vn -0.648606 -0.735473 -0.195932
vn -0.930201 -0.017225 -0.366645
vn -0.930201 -0.017225 -0.366645
vn -0.993455 0.014979 -0.113237
vn -0.895995 -0.286232 0.339506
vn -0.146837 -0.023674 -0.988877
vn 0.042128 -0.993577 0.105021
vn 0.453000 -0.731090 0.510195
vn 0.331278 -0.942987 0.032103
vn -0.051897 0.998581 -0.011912
vn 0.221225 0.215832 0.951040
vn 0.053873 0.998393 0.017588
vn 0.000000 1.000000 0.000000
vn 0.000000 1.000000 0.000000
vn 0.999264 0.015292 -0.035184
vn 0.603155 -0.795635 0.056285
vn 0.602875 -0.797347 -0.027919
vn -0.523754 -0.730951 -0.437484
vn 0.598392 -0.793477 -0.111000
vn 0.975408 0.037980 -0.217110
vn -0.369703 -0.927763 0.050753
vn -0.438027 -0.898835 0.015112
vn -0.561323 -0.823846 0.078700
vn -0.325769 -0.944792 -0.035247
vn -0.016624 0.999639 -0.021118
vn 0.053873 0.998393 0.017588
vn 0.053873 0.998393 0.017588
vn 0.032490 0.999399 0.012118
vn -0.016624 0.999639 -0.021118
vn -0.016624 0.999639 -0.021118
vn 0.975408 0.037980 -0.217110
vn -0.015437 0.999609 -0.023311
vn 0.006526 0.999954 -0.007080
vn 0.006526 0.999954 -0.007080
vn -0.059573 -0.993073 -0.101278
vn 0.421927 -0.906331 -0.023288
vn -0.105451 -0.989525 0.098590
vn -0.504485 -0.863086 0.024020
vn -0.589126 -0.807179 -0.037317
vn 0.042393 0.999101 -0.000786
vn 0.037567 0.999290 0.002866
vn 0.037567 0.999290 0.002866
vn -0.971309 -0.237117 0.018303
vn 0.135976 0.206060 -0.969046
vn -0.054404 0.998397 -0.015624
vn 0.003853 0.999242 -0.038740
vn 0.428647 0.228557 0.874085
vn 0.052485 0.997340 0.050587
vn 0.987742 0.017929 0.155063
vn -0.055932 0.998396 -0.008815
vn 0.008582 0.999316 0.035980
vn -0.061111 0.998083 -0.009802
vn -0.055932 0.998396 -0.008815
vn -0.977121 0.212499 -0.008910
vn -0.151874 -0.988365 0.008331
vn -0.176082 0.455327 0.872738
vn -0.014110 0.997452 0.069934
vn -0.977121 0.212499 -0.008910
vn -0.977121 0.212499 -0.008910
vn -0.963951 0.265782 -0.012568
vn 0.999573 0.016825 -0.023903
vn -0.022878 0.999621 0.015340
vn -0.022878 0.999621 0.015340
vn -0.202361 0.367984 0.907545
vn 0.999573 0.016825 -0.023903
vn 0.999613 0.014379 -0.023809
vn 0.999573 0.016825 -0.023903
vn 0.015797 0.999645 0.021440
vn -0.963951 0.265782 -0.012568
vn 0.132332 -0.989688 -0.054820
vn -0.963951 0.265782 -0.012568
vn -0.041070 -0.999151 -0.003273
vn 0.015797 0.999645 0.021440
vn 0.015797 0.999645 0.021440
vn 0.252455 0.965668 0.061253
vn -0.054404 0.998397 -0.015624
vn -0.365017 -0.930989 0.004668
vn 0.566262 -0.824206 0.005616
vn 0.999266 0.015465 -0.035057
vn 0.974316 -0.016810 0.224559
vn 0.670860 -0.735079 0.098010
vn 0.243469 0.886045 0.394521
vn 0.018671 0.089143 0.995844
vn 0.000742 0.999201 0.039962
vn -0.246060 0.928963 0.276554
vn 0.000000 -1.000000 0.000000
vn 0.000000 -1.000000 0.000000
vn 0.000000 -1.000000 0.000000
vn -0.054404 0.998397 -0.015624
vn 0.971270 -0.237287 -0.018180
vn 0.971169 -0.237703 -0.018124
vn 0.019105 0.000420 0.999817
vn 0.018918 -0.000374 0.999821
vn 0.019006 0.000000 0.999819
vn 0.019006 0.000000 0.999819
vn -0.037135 0.308386 -0.950536
vn -0.985232 0.170227 0.018440
vn -0.985325 0.169687 0.018492
vn 0.000000 -1.000000 0.000000
vn -0.462085 -0.886684 0.016429
vn 0.985273 0.169978 -0.018569
vn 0.985410 0.169190 -0.018498
vn 0.985273 0.169978 -0.018569
vn -0.985232 0.170227 0.018440
vn -0.018445 -0.000356 -0.999830
vn -0.018506 -0.000000 -0.999829
vn -0.985139 0.170772 0.018388
vn -0.966762 0.037158 0.252964
vn -0.189871 -0.004691 0.981798
vn 0.105110 -0.990577 -0.087798
vn -0.670412 -0.741958 0.006759
vn -0.662314 -0.737237 0.133500
vn -0.966762 0.037158 0.252964
vn -0.018526 0.000481 -0.999828
vn 0.299613 0.954044 -0.005645
vn 0.985134 0.170772 -0.018640
vn -0.018571 0.000952 -0.999827
vn 0.519817 -0.716804 -0.464739
vn 0.108832 -0.989535 -0.094747
vn -0.258478 -0.021957 -0.965768
vn 0.018844 0.088146 0.995929
vn -0.280245 -0.959915 0.005158
vn -0.299659 0.954030 0.005606
vn 0.000000 1.000000 0.000000
vn -0.006708 0.999953 0.007000
vn -0.032875 0.999399 -0.010962
vn 0.015830 0.999645 0.021420
vn 0.011349 -0.999935 -0.000525
vn -0.032408 0.999458 -0.005767
vn -0.018788 -0.178369 -0.983784
vn -0.628314 -0.777943 0.005125
vn 0.844143 -0.286822 -0.452941
vn 0.835682 -0.286641 -0.468479
vn 0.000000 1.000000 0.000000
vn 0.000000 1.000000 0.000000
vn 0.000000 1.000000 0.000000
vn -0.054484 0.998390 -0.015771
vn 0.000000 1.000000 0.000000
vn -0.054484 0.998390 -0.015771
vn 0.015830 0.999645 0.021420
vn 0.015830 0.999645 0.021420
vn -0.054484 0.998390 -0.015771
vn -0.018455 -0.176977 -0.984042
vn 0.015446 0.999634 0.022198
vn -0.006708 0.999953 0.007000
vn -0.037614 0.999291 -0.001528
vn -0.042302 0.999102 0.002292
vn -0.101953 -0.990576 0.091463
vn -0.037614 0.999291 -0.001528
vn -0.981865 -0.016273 -0.188883
vn 0.154351 -0.005759 -0.987999
vn 0.957183 0.039400 -0.286789
vn 0.656517 -0.737807 -0.156930
vn 0.056074 -0.993064 0.103337
vn -0.999905 0.013747 -0.000126
vn -0.667604 -0.734571 -0.121282
vn -0.670412 -0.741958 0.006759
vn -0.256773 -0.025049 -0.966147
vn -0.965645 -0.018254 -0.259221
vn -0.965645 -0.018254 -0.259221
vn -0.110441 -0.992881 0.044606
vn -0.059454 -0.998146 0.013035
vn -0.982451 0.038720 0.182458
vn 0.051459 0.998581 0.013723
vn -0.189871 -0.004691 0.981798
vn -0.602064 -0.793359 0.090000
vn 0.669131 -0.742526 -0.030312
vn 0.669131 -0.742526 -0.030312
vn 0.508021 -0.730944 0.455671
vn 0.053634 -0.993580 0.099607
vn 0.332954 -0.942926 -0.005672
vn 0.520247 -0.716577 -0.464608
vn 0.678760 -0.734078 -0.020380
vn 0.365122 -0.930922 0.008309
vn 0.142770 0.307666 0.940722
vn 0.357946 0.213856 0.908922
vn -0.015561 0.996942 0.076581
vn -0.254692 0.215131 -0.942789
vn -0.074470 -0.996874 0.026373
vn -0.015276 0.997633 -0.067048
vn 0.957183 0.039400 -0.286789
vn 0.974316 -0.016810 0.224559
vn -0.332236 -0.943036 0.017379
vn -0.057046 -0.993581 -0.097691
vn 0.292455 -0.022134 0.956023
vn -0.522957 -0.731341 -0.437785
vn -0.982451 0.038720 0.182458
vn -0.603510 -0.797326 0.006863
vn -0.999887 0.015065 -0.000126
vn -0.981865 -0.016273 -0.188883
vn -0.422328 -0.906403 0.008559
vn 0.563240 -0.824218 -0.058520
vn 0.371166 -0.927806 -0.037585
vn -0.600721 -0.795719 -0.077235
vn 0.508021 -0.730944 0.455671
vn 0.324465 -0.944743 0.046731
vn 0.971588 -0.236132 0.016064
vn 0.971588 -0.236132 0.016064
vn 0.971679 -0.235753 0.016115
vn 0.971499 -0.236503 0.016015
vn 0.503743 -0.863832 -0.006133
vn 0.976783 0.209771 0.043491
vn 0.056039 0.998374 0.010458
vn 0.056039 0.998374 0.010458
vn 0.437836 -0.899055 0.000421
vn 0.586950 -0.807550 0.057902
vn 0.061822 0.998067 0.006334
vn -0.008134 0.999288 -0.036854
vn 0.023399 0.999621 -0.014523
vn 0.061698 0.998015 0.012662
vn 0.234793 0.365126 -0.900863
vn 0.152283 -0.988333 -0.002892
vn 0.075367 -0.996874 -0.023718
vn 0.206633 0.454849 -0.866265
vn 0.023399 0.999621 -0.014523
vn 0.976783 0.209771 0.043491
vn 0.976783 0.209771 0.043491
vn -0.216218 0.255774 -0.942247
vn -0.126778 -0.026101 0.991588
vn 0.201344 -0.979521 -0.000004
vn 0.108505 0.113375 -0.987610
vn -0.991229 -0.033324 -0.127887
vn 0.108529 0.112825 -0.987670
vn -0.126859 -0.025703 0.991588
vn -0.126893 -0.026485 0.991563
vn -0.126912 -0.025934 0.991575
vn -0.126872 -0.025984 0.991579
vn -0.308089 -0.951321 0.008313
vn -0.139833 0.395735 0.907656
vn 0.146774 0.986689 0.070019
vn -0.100609 0.476226 0.873548
vn 0.145925 0.987017 -0.067101
vn 0.989288 -0.143995 -0.023953
vn 0.989288 -0.143995 -0.023953
vn 0.989288 -0.143995 -0.023953
vn 0.098573 0.994373 0.038813
vn 0.201344 -0.979521 -0.000004
vn 0.201344 -0.979521 -0.000004
vn 0.201344 -0.979521 -0.000004
vn 0.988486 -0.149440 -0.023743
vn 0.972018 -0.177155 0.154262
vn -0.633953 -0.637779 -0.437425
vn -0.218002 -0.970656 -0.101497
vn 0.922753 0.363582 0.127813
vn 0.923283 0.362267 0.127716
vn 0.923816 0.360940 0.127618
vn -0.991362 -0.030465 -0.127565
vn 0.778536 -0.417784 -0.468337
vn 0.160869 0.986976 0.000025
vn 0.160869 0.986976 0.000025
vn -0.991296 -0.031900 -0.127727
vn -0.991296 -0.031900 -0.127727
vn -0.201382 0.979513 0.000116
vn -0.046663 -0.171583 -0.984064
vn 0.787331 -0.418380 -0.452845
vn -0.046349 -0.170834 -0.984209
vn 0.027478 0.996796 0.075118
vn 0.027478 0.996796 0.075118
vn 0.027478 0.996796 0.075118
vn 0.091204 0.967192 -0.237112
vn -0.356927 0.831266 -0.426145
vn -0.482834 0.874857 -0.038695
vn -0.196149 0.979776 -0.039556
vn 0.923283 0.362267 0.127716
vn 0.988530 -0.146883 -0.035122
vn 0.968866 -0.118825 -0.217210
vn 0.968866 -0.118825 -0.217210
vn -0.996865 -0.077003 0.018177
vn -0.514606 -0.855928 0.050671
vn -0.996865 -0.077003 0.018177
vn -0.353332 -0.044233 0.934452
vn 0.988824 -0.144923 -0.034981
vn 0.951310 -0.113614 -0.286532
vn 0.448944 0.893542 -0.005612
vn -0.089172 -0.199210 0.975891
vn 0.126918 0.026045 -0.991571
vn -0.088912 -0.199733 0.975808
vn 0.126786 0.026332 -0.991581
vn 0.465270 -0.884418 0.036439
vn 0.189057 -0.981966 -0.001053
vn 0.628890 -0.775738 0.052237
vn -0.907909 0.418967 -0.012974
vn 0.999799 0.007622 -0.018562
vn 0.999799 0.007622 -0.018562
vn 0.951310 -0.113614 -0.286532
vn -0.488655 0.161853 0.857333
vn 0.517536 0.408445 -0.751883
vn 0.999806 0.006796 -0.018490
vn -0.907909 0.418967 -0.012974
vn -0.931336 0.364050 -0.008995
vn -0.907909 0.418967 -0.012974
vn -0.931336 0.364050 -0.008995
vn -0.029114 -0.998075 -0.054768
vn 0.466894 -0.882524 0.056219
vn -0.931336 0.364050 -0.008995
vn -0.996897 -0.076601 0.018128
vn -0.996834 -0.077396 0.018224
vn -0.577079 -0.816548 0.015150
vn -0.686493 -0.722870 0.078654
vn -0.636791 -0.770657 0.024182
vn -0.263264 -0.959668 0.098633
vn -0.612315 -0.626197 0.482645
vn -0.711756 -0.701438 -0.037260
vn -0.473308 -0.880188 -0.035341
vn 0.138128 0.990297 0.015229
vn 0.176790 0.984017 0.021350
vn 0.176790 0.984017 0.021350
vn 0.972018 -0.177155 0.154262
vn 0.284502 -0.069656 0.956142
vn 0.462774 -0.879472 -0.111219
vn 0.466462 -0.884096 -0.028060
vn -0.201489 -0.979485 -0.003356
vn 0.270610 -0.962405 -0.023372
vn 0.169515 0.984865 0.036124
vn 0.105153 0.994419 -0.008597
vn 0.099732 0.994962 -0.010183
vn 0.151087 -0.030881 -0.988038
vn 0.105153 0.994419 -0.008597
vn 0.109363 0.993931 -0.011848
vn 0.176790 0.984017 0.021350
vn 0.138128 0.990297 0.015229
vn 0.099827 0.994995 -0.004488
vn -0.124480 -0.991427 -0.039709
vn -0.078239 0.267177 -0.960466
vn -0.035710 0.996419 0.076646
vn 0.977414 -0.143462 0.155178
vn 0.459644 0.155957 0.874302
vn 0.404628 0.912428 0.061248
vn -0.976007 -0.185914 -0.113339
vn -0.976541 -0.161822 0.142062
vn -0.976541 -0.161822 0.142062
vn -0.984380 -0.161684 0.069672
vn -0.427226 -0.902047 -0.061550
vn -0.984380 -0.161684 0.069672
vn 0.106635 0.994171 -0.015900
vn 0.106635 0.994171 -0.015900
vn 0.106635 0.994171 -0.015900
vn 0.013378 0.313058 -0.949640
vn 0.164751 0.985577 -0.038670
vn 0.167125 0.183466 -0.968715
vn 0.184245 0.980070 -0.074278
vn 0.811366 -0.581839 0.056118
vn 0.702693 -0.585859 -0.403722
vn -0.415561 -0.897946 -0.144918
vn -0.201350 0.979519 0.000055
vn -0.201350 0.979519 0.000055
vn -0.201350 0.979519 0.000055
vn 0.212353 0.975882 0.050598
vn 0.542331 -0.838713 0.049382
vn -0.435780 -0.899800 0.021345
vn 0.766598 -0.636037 0.088229
vn 0.311563 -0.947215 -0.075580
vn -0.291478 -0.066123 0.954289
vn -0.334969 0.163852 -0.927873
vn 0.063053 -0.997407 0.034697
vn 0.241069 -0.970463 0.009357
vn 0.108350 0.994021 -0.013542
vn 0.160869 0.986976 0.000025
vn 0.108350 0.994021 -0.013542
vn 0.160869 0.986976 0.000025
vn -0.177106 0.984122 -0.011756
vn -0.205224 0.977996 -0.037498
vn -0.142560 0.989593 0.019567
vn -0.150309 0.988379 0.022666
vn -0.141821 0.989795 0.013855
vn -0.147411 0.988929 0.016990
vn -0.151829 0.988215 0.019469
vn -0.147411 0.988929 0.016990
vn -0.214919 0.976351 -0.023431
vn -0.214919 0.976351 -0.023431
vn -0.214919 0.976351 -0.023431
vn -0.177106 0.984122 -0.011756
vn -0.150309 0.988379 0.022666
vn -0.313791 0.147151 0.938020
vn -0.150309 0.988379 0.022666
vn -0.210340 0.976910 0.037465
vn -0.137560 -0.052017 -0.989127
vn 0.903289 0.400570 0.153665
vn 0.903289 0.400570 0.153665
vn 0.878794 0.451193 0.155391
vn 0.903289 0.400570 0.153665
vn 0.590881 -0.625165 0.509930
vn -0.907544 -0.204801 -0.366635
vn -0.907544 -0.204801 -0.366635
vn 0.878794 0.451193 0.155391
vn -0.430359 0.897323 -0.097988
vn 0.878794 0.451193 0.155391
vn -0.973971 -0.189398 -0.124531
vn -0.975193 -0.183175 -0.124279
vn -0.975193 -0.183175 -0.124279
vn -0.937331 -0.177902 -0.299603
vn 0.205367 0.506983 -0.837133
vn 0.252716 0.428913 -0.867276
vn 0.240202 -0.964998 0.105271
vn -0.975193 -0.183175 -0.124279
vn -0.245000 0.967807 -0.057657
vn 0.346817 -0.937829 0.013951
vn -0.177096 0.981916 -0.066923
vn 0.313800 -0.949080 -0.027872
vn 0.260577 -0.965444 -0.004187
vn 0.276411 -0.960918 -0.015258
vn -0.163760 0.281150 0.945588
vn -0.976571 -0.183012 -0.113206
vn -0.932088 -0.205488 -0.298307
vn -0.932088 -0.205488 -0.298307
vn 0.514236 -0.857045 0.032173
vn -0.195616 0.978264 0.068802
vn -0.235008 0.969470 0.069989
vn 0.066912 0.233180 0.970129
vn -0.139163 -0.052809 -0.988860
vn 0.901326 0.208053 0.379903
vn 0.901326 0.208053 0.379903
vn 0.901326 0.208053 0.379903
vn 0.885654 0.265754 0.380778
vn 0.885654 0.265754 0.380778
vn 0.885654 0.265754 0.380778
vn -0.487907 -0.850543 -0.196275
vn -0.503316 -0.861335 -0.069100
vn -0.503316 -0.861335 -0.069100
vn -0.510378 -0.857994 0.057964
vn -0.165151 0.986245 0.006836
vn -0.170929 0.985147 0.016384
vn -0.170578 0.985292 0.010099
vn -0.291478 -0.066123 0.954289
vn -0.160262 0.987067 0.003899
vn -0.150714 0.988286 0.023993
vn -0.150714 0.988286 0.023993
vn -0.214958 0.976343 -0.023415
vn -0.214113 0.976498 -0.024646
vn -0.165151 0.986245 0.006836
vn -0.194402 0.980905 -0.005837
vn -0.214958 0.976343 -0.023415
vn -0.214958 0.976343 -0.023415
vn -0.194402 0.980905 -0.005837
vn -0.150714 0.988286 0.023993
vn -0.201350 0.979519 0.000055
vn 0.151704 -0.027267 -0.988050
vn 0.119115 0.992877 0.002464
vn 0.540909 -0.840534 -0.030317
vn 0.126918 0.026045 -0.991571
vn 0.127036 0.025790 -0.991563
vn 0.666603 -0.743684 0.050747
vn 0.991318 -0.038519 0.125718
vn 0.728495 -0.673728 0.124042
vn -0.820339 -0.460146 0.339573
vn -0.896380 -0.425026 -0.125921
vn -0.826355 -0.461494 0.322741
vn 0.991323 -0.038250 0.125760
vn -0.896032 -0.425736 -0.125995
vn 0.017905 -0.998956 -0.042039
vn 0.991313 -0.038794 0.125675
vn 0.991318 -0.038519 0.125718
vn 0.241526 -0.964208 0.109404
vn 0.607676 -0.792613 0.049948
vn -0.229796 -0.972440 -0.039436
vn 0.721369 -0.692530 0.005455
vn -0.219143 -0.975607 0.012934
vn 0.920558 -0.390183 -0.018155
vn 0.315940 -0.945217 -0.082138
vn 0.920676 -0.389903 -0.018194
vn 0.590086 -0.624412 0.511769
vn 0.553046 -0.833139 0.004544
vn 0.499907 -0.862036 0.083589
vn 0.702316 -0.586925 -0.402829
vn -0.233492 -0.972004 0.026256
vn -0.268658 -0.962211 0.044415
vn 0.353432 0.044837 -0.934385
vn 0.912894 -0.235192 0.333630
vn 0.018169 -0.003216 0.999830
vn 0.912918 -0.235048 0.333666
vn -0.860001 0.022166 -0.509811
vn -0.937287 0.009932 -0.348416
vn -0.229025 0.967181 -0.110041
vn -0.937404 0.016814 -0.347839
vn -0.937404 0.016814 -0.347839
vn -0.937404 0.016814 -0.347839
vn 0.912943 -0.234901 0.333703
vn -0.904244 -0.239481 -0.353542
vn 0.912918 -0.235048 0.333666
vn -0.904530 -0.238507 -0.353467
vn 0.353344 0.045206 -0.934401
vn 0.353344 0.045206 -0.934401
vn 0.353266 0.045535 -0.934414
vn -0.344159 -0.221661 0.912371
vn -0.946833 -0.307517 0.094559
vn -0.344310 -0.221178 0.912432
vn 0.035792 0.996579 0.074487
vn -0.018005 0.998944 0.042271
vn -0.017461 0.998957 0.042200
vn -0.017733 0.998950 0.042236
vn -0.944738 -0.307954 0.112402
vn -0.017733 0.998950 0.042236
vn 0.026746 0.996722 0.076353
vn 0.026746 0.996722 0.076353
vn 0.026746 0.996722 0.076353
vn -0.995929 0.022262 -0.087346
vn -0.941194 0.010839 -0.337692
vn -0.995929 0.022262 -0.087346
vn -0.941234 0.012327 -0.337530
vn 0.016301 0.998217 0.057428
vn -0.555580 -0.798727 -0.231012
vn 0.378671 -0.924130 0.050913
vn -0.024424 0.999585 0.015249
vn -0.024424 0.999585 0.015249
vn -0.024424 0.999585 0.015249
vn -0.859934 -0.011152 -0.510283
vn -0.582371 -0.798560 -0.152140
vn -0.859934 -0.011152 -0.510283
vn 0.084643 0.017922 -0.996250
vn 0.151343 -0.983942 -0.094621
vn 0.563840 -0.819746 0.100499
vn 0.547856 -0.807374 0.219091
vn 0.428147 -0.896926 0.110517
vn 0.478837 0.493830 -0.725842
vn -0.048171 0.998536 -0.024599
vn 0.055275 -0.998192 -0.023606
vn 0.336579 -0.749453 0.570118
vn 0.035674 -0.996583 0.074494
vn 0.305903 -0.945216 0.113973
vn -0.018785 0.003306 -0.999818
vn -0.018827 0.003051 -0.999818
vn 0.021029 0.999622 -0.017736
vn -0.092924 0.956446 0.276726
vn 0.161422 -0.986861 0.006932
vn -0.018769 0.003068 -0.999819
vn -0.384389 -0.906809 -0.173041
vn -0.524568 -0.793260 -0.309139
vn -0.509125 -0.052586 0.859085
vn 0.658873 -0.693409 -0.291669
vn 0.492077 -0.861097 0.127955
vn 0.008198 0.997876 0.064617
vn 0.161142 0.986931 0.000016
vn -0.141764 0.989884 0.005635
vn 0.161725 0.986027 0.039940
vn -0.160869 -0.986976 -0.000025
vn -0.160869 -0.986976 -0.000025
vn -0.160869 -0.986976 -0.000025
vn -0.986905 0.027115 -0.159007
vn 0.026896 0.997009 0.072453
vn -0.986905 0.027115 -0.159007
vn 0.037735 0.996876 0.069384
vn 0.031686 0.996966 0.071097
vn -0.009629 0.999230 0.038025
vn 0.031686 0.996966 0.071097
vn -0.009629 0.999230 0.038025
vn 0.016301 0.998217 0.057428
vn 0.009734 0.998182 0.059483
vn -0.024702 0.999575 0.015498
vn 0.918725 0.171393 0.355764
vn 0.022209 0.998207 0.055577
vn 0.017568 -0.998945 -0.042425
vn -0.820835 -0.009264 -0.571090
vn -0.820835 -0.009264 -0.571090
vn -0.574444 -0.729582 -0.371111
vn 0.084676 0.017865 -0.996248
vn -0.620136 -0.742999 -0.251763
vn -0.944979 0.326611 0.018447
vn -0.944979 0.326611 0.018447
vn -0.945147 0.326121 0.018495
vn 0.282997 -0.071586 0.956446
vn -0.634643 -0.636142 -0.438806
vn -0.944809 0.327104 0.018397
vn -0.018741 0.002643 -0.999821
vn -0.018745 0.003075 -0.999820
vn 0.017911 -0.998952 -0.042131
vn 0.017717 -0.998946 -0.042336
vn -0.160869 -0.986976 -0.000025
vn -0.028253 0.993521 0.110084
vn 0.018104 -0.998957 -0.041925
vn 0.017911 -0.998952 -0.042131
vn 0.017736 -0.998950 -0.042232
vn 0.262510 0.953835 0.145901
vn 0.017736 -0.998950 -0.042232
vn 0.350416 0.135705 -0.926711
vn 0.313930 0.940977 -0.126536
vn -0.924884 0.167437 -0.341400
vn 0.350208 0.133863 -0.927057
vn -0.924725 0.168868 -0.341127
vn -0.095530 0.902910 -0.419080
vn -0.924805 0.168150 -0.341264
vn -0.924805 0.168150 -0.341264
vn -0.018067 0.998950 0.042101
vn 0.540909 -0.840534 -0.030317
vn 0.331817 -0.940926 0.067488
vn 0.032889 -0.997015 0.069855
vn 0.018366 -0.002739 0.999828
vn -0.003945 0.999981 0.004786
vn -0.297085 0.952594 -0.065615
vn -0.353313 -0.045330 0.934406
vn -0.353028 -0.044431 0.934557
vn -0.353210 -0.045006 0.934461
vn -0.353158 -0.045339 0.934464
vn 0.451619 -0.884256 0.118877
vn -0.509129 -0.052755 0.859072
vn 0.279674 -0.958298 0.058722
vn 0.005501 -0.998922 -0.046103
vn 0.919083 0.169708 0.355649
vn 0.919441 0.168007 0.355531
vn 0.919083 0.169708 0.355649
vn 0.146779 -0.985209 -0.088427
vn 0.018262 -0.002991 0.999829
vn 0.600834 -0.774881 0.196361
vn 0.018262 -0.002991 0.999829
vn 0.336564 -0.749060 0.570644
vn 0.529216 -0.833848 -0.156933
vn -0.322941 0.263850 0.908896
vn -0.116625 0.170468 0.978437
vn -0.067730 0.992475 0.102013
vn 0.096525 -0.994575 -0.038778
vn 0.077971 -0.996443 -0.031955
vn 0.136788 -0.989707 -0.042071
vn 0.009109 0.999298 0.036352
vn -0.655286 -0.744197 -0.129507
vn -0.620136 -0.742999 -0.251763
vn -0.012870 0.999905 0.004902
vn 0.357740 -0.929265 0.092134
vn 0.009109 0.999298 0.036352
vn 0.658492 -0.730929 0.179254
vn 0.123765 0.992311 -0.001346
vn 0.154972 0.987896 0.006721
vn 0.123765 0.992311 -0.001346
vn 0.128370 0.991657 -0.011721
vn -0.259646 -0.961335 0.091752
vn -0.612377 -0.625441 0.483547
vn -0.746067 -0.665854 0.004703
vn -0.510520 -0.859852 0.004893
vn -0.026348 0.999509 0.016972
vn -0.026348 0.999509 0.016972
vn 0.658802 -0.693986 -0.290454
vn -0.026348 0.999509 0.016972
vn -0.787591 -0.614570 0.044763
vn -0.599262 -0.800386 0.016317
vn 0.999791 0.008454 -0.018635
vn -0.430906 -0.902382 0.005117
vn 0.382715 0.835509 0.394276
vn 0.032773 0.084943 0.995847
vn 0.032753 0.086736 0.995693
vn -0.215853 -0.971465 -0.098306
vn 0.958827 -0.173775 0.224618
vn 0.543818 -0.833462 0.098000
vn 0.958827 -0.173775 0.224618
vn 0.128921 0.991639 -0.005574
vn -0.479863 -0.877180 0.016965
vn 0.177355 0.983894 0.022322
vn 0.154972 0.987896 0.006721
vn 0.177359 0.983893 0.022314
vn 0.177359 0.983893 0.022314
vn 0.177359 0.983893 0.022314
vn -0.149092 -0.988823 -0.000805
vn 0.108350 0.994021 -0.013542
f 54/54/54 53/53/53 52/52/52
f 56/56/56 55/55/55 57/57/57
f 59/59/59 61/61/61 58/58/58
f 72/72/72 64/64/64 63/63/63
f 74/74/74 73/73/73 76/76/76
f 131/131/131 127/127/127 134/134/134
f 136/136/136 137/137/137 135/135/135
f 224/224/224 220/220/220 217/217/217
f 188/188/188 225/225/225 226/226/226
f 232/232/232 234/234/234 235/235/235
f 223/223/223 230/230/230 231/231/231
f 251/251/251 150/150/150 149/149/149
f 303/303/303 304/304/304 305/305/305
f 307/307/307 312/312/312 306/306/306
f 394/394/394 377/377/377 395/395/395
f 403/403/403 402/402/402 404/404/404
f 411/411/411 412/412/412 415/415/415
f 417/417/417 409/409/409 408/408/408
f 418/418/418 414/414/414 410/410/410
f 484/484/484 481/481/481 479/479/479
f 496/496/496 483/483/483 482/482/482
f 552/552/552 556/556/556 557/557/557
f 565/565/565 563/563/563 559/559/559
f 558/558/558 569/569/569 567/567/567
f 571/571/571 572/572/572 566/566/566
f 587/587/587 574/574/574 543/543/543
f 640/640/640 637/637/637 635/635/635
f 625/625/625 639/639/639 638/638/638
f 714/714/714 700/700/700 715/715/715
f 33/33/33 34/34/34 29/29/29
f 79/79/79 80/80/80 81/81/81
f 99/99/99 93/93/93 94/94/94
f 180/180/180 181/181/181 182/182/182
f 524/524/524 525/525/525 510/510/510
f 527/527/527 528/528/528 523/523/523
f 16/16/16 14/14/14 15/15/15
f 16/16/16 15/15/15 17/17/17
f 12/12/12 35/35/35 10/10/10
f 11/11/11 35/35/35 12/12/12
f 20/20/20 14/14/14 13/13/13
f 19/19/19 20/20/20 13/13/13
f 35/35/35 27/27/27 26/26/26
f 27/27/27 18/18/18 26/26/26
f 18/18/18 37/37/37 26/26/26
f 37/37/37 22/22/22 26/26/26
f 43/43/43 22/22/22 37/37/37
f 43/43/43 36/36/36 22/22/22
f 22/22/22 36/36/36 38/38/38
f 22/22/22 38/38/38 28/28/28
f 25/25/25 28/28/28 38/38/38
f 25/25/25 38/38/38 36/36/36
f 4/4/4 5/5/5 23/23/23
f 6/6/6 5/5/5 4/4/4
f 132/132/132 42/42/42 24/24/24
f 129/129/129 42/42/42 132/132/132
f 129/129/129 132/132/132 133/133/133
f 133/133/133 132/132/132 77/77/77
f 46/46/46 71/71/71 21/21/21
f 44/44/44 71/71/71 46/46/46
f 70/70/70 7/7/7 66/66/66
f 66/66/66 68/68/68 70/70/70
f 69/69/69 68/68/68 66/66/66
f 66/66/66 675/675/675 69/69/69
f 675/675/675 51/51/51 69/69/69
f 51/51/51 49/49/49 69/69/69
f 62/62/62 49/49/49 51/51/51
f 65/65/65 675/675/675 66/66/66
f 75/75/75 675/675/675 65/65/65
f 673/673/673 675/675/675 75/75/75
f 673/673/673 674/674/674 675/675/675
f 675/675/675 674/674/674 185/185/185
f 185/185/185 51/51/51 675/675/675
f 8/8/8 45/45/45 47/47/47
f 47/47/47 45/45/45 9/9/9
f 50/50/50 183/183/183 186/186/186
f 186/186/186 183/183/183 175/175/175
f 175/175/175 183/183/183 67/67/67
f 67/67/67 183/183/183 60/60/60
f 41/41/41 39/39/39 48/48/48
f 78/78/78 39/39/39 41/41/41
f 100/100/100 89/89/89 40/40/40
f 88/88/88 89/89/89 100/100/100
f 85/85/85 116/116/116 86/86/86
f 114/114/114 116/116/116 85/85/85
f 116/116/116 114/114/114 113/113/113
f 288/288/288 104/104/104 82/82/82
f 83/83/83 104/104/104 288/288/288
f 105/105/105 107/107/107 87/87/87
f 106/106/106 107/107/107 105/105/105
f 106/106/106 105/105/105 96/96/96
f 96/96/96 92/92/92 106/106/106
f 90/90/90 92/92/92 96/96/96
f 96/96/96 84/84/84 90/90/90
f 105/105/105 84/84/84 96/96/96
f 91/91/91 108/108/108 109/109/109
f 115/115/115 108/108/108 91/91/91
f 121/121/121 161/161/161 168/168/168
f 167/167/167 168/168/168 161/161/161
f 167/167/167 161/161/161 119/119/119
f 119/119/119 161/161/161 120/120/120
f 120/120/120 161/161/161 123/123/123
f 123/123/123 173/173/173 120/120/120
f 120/120/120 173/173/173 166/166/166
f 176/176/176 166/166/166 173/173/173
f 174/174/174 176/176/176 173/173/173
f 123/123/123 174/174/174 173/173/173
f 122/122/122 144/144/144 143/143/143
f 143/143/143 144/144/144 138/138/138
f 124/124/124 125/125/125 128/128/128
f 126/126/126 125/125/125 124/124/124
f 141/141/141 130/130/130 139/139/139
f 140/140/140 130/130/130 141/141/141
f 118/118/118 117/117/117 142/142/142
f 118/118/118 162/162/162 117/117/117
f 158/158/158 160/160/160 145/145/145
f 159/159/159 160/160/160 158/158/158
f 163/163/163 162/162/162 165/165/165
f 164/164/164 163/163/163 165/165/165
f 170/170/170 215/215/215 218/218/218
f 218/218/218 215/215/215 208/208/208
f 191/191/191 209/209/209 207/207/207
f 207/207/207 209/209/209 206/206/206
f 169/169/169 172/172/172 171/171/171
f 169/169/169 194/194/194 172/172/172
f 153/153/153 198/198/198 152/152/152
f 154/154/154 198/198/198 153/153/153
f 192/192/192 194/194/194 219/219/219
f 155/155/155 192/192/192 219/219/219
f 198/198/198 195/195/195 210/210/210
f 195/195/195 156/156/156 210/210/210
f 156/156/156 199/199/199 210/210/210
f 199/199/199 200/200/200 210/210/210
f 201/201/201 200/200/200 199/199/199
f 201/201/201 197/197/197 200/200/200
f 200/200/200 197/197/197 196/196/196
f 200/200/200 196/196/196 193/193/193
f 157/157/157 193/193/193 196/196/196
f 157/157/157 196/196/196 197/197/197
f 205/205/205 203/203/203 202/202/202
f 204/204/204 203/203/203 205/205/205
f 612/612/612 615/615/615 216/216/216
f 615/615/615 612/612/612 604/604/604
f 604/604/604 612/612/612 603/603/603
f 222/222/222 146/146/146 221/221/221
f 221/221/221 146/146/146 233/233/233
f 233/233/233 146/146/146 148/148/148
f 148/148/148 146/146/146 147/147/147
f 189/189/189 190/190/190 187/187/187
f 187/187/187 190/190/190 249/249/249
f 347/347/347 187/187/187 249/249/249
f 344/344/344 187/187/187 347/347/347
f 347/347/347 345/345/345 344/344/344
f 346/346/346 345/345/345 347/347/347
f 346/346/346 347/347/347 151/151/151
f 151/151/151 347/347/347 236/236/236
f 236/236/236 347/347/347 240/240/240
f 240/240/240 347/347/347 249/249/249
f 249/249/249 250/250/250 240/240/240
f 240/240/240 250/250/250 248/248/248
f 248/248/248 244/244/244 240/240/240
f 296/296/296 255/255/255 257/257/257
f 299/299/299 255/255/255 296/296/296
f 299/299/299 296/296/296 297/297/297
f 297/297/297 296/296/296 295/295/295
f 258/258/258 262/262/262 256/256/256
f 265/265/265 262/262/262 258/258/258
f 275/275/275 274/274/274 264/264/264
f 271/271/271 274/274/274 275/275/275
f 266/266/266 473/473/473 270/270/270
f 475/475/475 473/473/473 266/266/266
f 473/473/473 475/475/475 476/476/476
f 276/276/276 269/269/269 268/268/268
f 273/273/273 269/269/269 276/276/276
f 279/279/279 278/278/278 277/277/277
f 281/281/281 278/278/278 279/279/279
f 281/281/281 279/279/279 283/283/283
f 283/283/283 272/272/272 281/281/281
f 282/282/282 272/272/272 283/283/283
f 283/283/283 267/267/267 282/282/282
f 279/279/279 267/267/267 283/283/283
f 286/286/286 285/285/285 280/280/280
f 284/284/284 285/285/285 286/286/286
f 259/259/259 336/336/336 351/351/351
f 340/340/340 351/351/351 336/336/336
f 340/340/340 336/336/336 260/260/260
f 260/260/260 336/336/336 263/263/263
f 263/263/263 336/336/336 261/261/261
f 261/261/261 341/341/341 263/263/263
f 263/263/263 341/341/341 342/342/342
f 343/343/343 342/342/342 341/341/341
f 314/314/314 343/343/343 341/341/341
f 261/261/261 314/314/314 341/341/341
f 324/324/324 315/315/315 287/287/287
f 313/313/313 315/315/315 324/324/324
f 300/300/300 301/301/301 302/302/302
f 298/298/298 301/301/301 300/300/300
f 322/322/322 325/325/325 308/308/308
f 323/323/323 325/325/325 322/322/322
f 309/309/309 334/334/334 333/333/333
f 309/309/309 335/335/335 334/334/334
f 311/311/311 360/360/360 310/310/310
f 361/361/361 360/360/360 311/311/311
f 293/293/293 335/335/335 292/292/292
f 294/294/294 293/293/293 292/292/292
f 446/446/446 445/445/445 350/350/350
f 445/445/445 446/446/446 444/444/444
f 444/444/444 446/446/446 353/353/353
f 480/480/480 328/328/328 348/348/348
f 503/503/503 328/328/328 480/480/480
f 503/503/503 480/480/480 440/440/440
f 440/440/440 480/480/480 439/439/439
f 356/356/356 359/359/359 349/349/349
f 357/357/357 359/359/359 356/356/356
f 362/362/362 330/330/330 358/358/358
f 362/362/362 337/337/337 330/330/330
f 332/332/332 370/370/370 331/331/331
f 339/339/339 370/370/370 332/332/332
f 363/363/363 337/337/337 338/338/338
f 386/386/386 363/363/363 338/338/338
f 370/370/370 371/371/371 390/390/390
f 371/371/371 375/375/375 390/390/390
f 375/375/375 369/369/369 390/390/390
f 369/369/369 373/373/373 390/390/390
f 391/391/391 373/373/373 369/369/369
f 391/391/391 576/576/576 373/373/373
f 373/373/373 576/576/576 368/368/368
f 373/373/373 368/368/368 372/372/372
f 374/374/374 372/372/372 368/368/368
f 374/374/374 368/368/368 576/576/576
f 429/429/429 430/430/430 393/393/393
f 329/329/329 430/430/430 429/429/429
f 392/392/392 378/378/378 376/376/376
f 376/376/376 378/378/378 379/379/379
f 365/365/365 422/422/422 405/405/405
f 405/405/405 422/422/422 424/424/424
f 424/424/424 422/422/422 419/419/419
f 419/419/419 422/422/422 420/420/420
f 366/366/366 406/406/406 367/367/367
f 367/367/367 406/406/406 421/421/421
f 428/428/428 367/367/367 421/421/421
f 416/416/416 367/367/367 428/428/428
f 428/428/428 184/184/184 416/416/416
f 431/431/431 184/184/184 428/428/428
f 431/431/431 428/428/428 425/425/425
f 425/425/425 428/428/428 426/426/426
f 426/426/426 428/428/428 427/427/427
f 427/427/427 428/428/428 421/421/421
f 421/421/421 423/423/423 427/427/427
f 427/427/427 423/423/423 413/413/413
f 413/413/413 407/407/407 427/427/427
f 326/326/326 472/472/472 470/470/470
f 470/470/470 472/472/472 469/469/469
f 458/458/458 455/455/455 432/432/432
f 438/438/438 455/455/455 458/458/458
f 354/354/354 433/433/433 355/355/355
f 352/352/352 433/433/433 354/354/354
f 449/449/449 450/450/450 451/451/451
f 447/447/447 450/450/450 449/449/449
f 453/453/453 452/452/452 454/454/454
f 459/459/459 452/452/452 453/453/453
f 459/459/459 453/453/453 462/462/462
f 462/462/462 460/460/460 459/459/459
f 461/461/461 460/460/460 462/462/462
f 462/462/462 448/448/448 461/461/461
f 453/453/453 448/448/448 462/462/462
f 471/471/471 507/507/507 505/505/505
f 506/506/506 505/505/505 507/507/507
f 506/506/506 507/507/507 456/456/456
f 456/456/456 507/507/507 364/364/364
f 364/364/364 507/507/507 327/327/327
f 327/327/327 491/491/491 364/364/364
f 364/364/364 491/491/491 489/489/489
f 490/490/490 489/489/489 491/491/491
f 477/477/477 490/490/490 491/491/491
f 327/327/327 477/477/477 491/491/491
f 457/457/457 486/486/486 487/487/487
f 487/487/487 486/486/486 485/485/485
f 441/441/441 442/442/442 478/478/478
f 443/443/443 442/442/442 441/441/441
f 492/492/492 495/495/495 488/488/488
f 493/493/493 495/495/495 492/492/492
f 290/290/290 291/291/291 494/494/494
f 290/290/290 502/502/502 291/291/291
f 289/289/289 497/497/497 498/498/498
f 499/499/499 497/497/497 289/289/289
f 501/501/501 502/502/502 500/500/500
f 504/504/504 501/501/501 500/500/500
f 508/508/508 548/548/548 551/551/551
f 551/551/551 548/548/548 212/212/212
f 518/518/518 529/529/529 474/474/474
f 518/518/518 513/513/513 529/529/529
f 515/515/515 534/534/534 517/517/517
f 514/514/514 534/534/534 515/515/515
f 435/435/435 513/513/513 437/437/437
f 436/436/436 435/435/435 437/437/437
f 534/534/534 535/535/535 519/519/519
f 535/535/535 434/434/434 519/519/519
f 434/434/434 537/537/537 519/519/519
f 537/537/537 520/520/520 519/519/519
f 536/536/536 520/520/520 537/537/537
f 536/536/536 521/521/521 520/520/520
f 520/520/520 521/521/521 522/522/522
f 520/520/520 522/522/522 533/533/533
f 516/516/516 533/533/533 522/522/522
f 516/516/516 522/522/522 521/521/521
f 213/213/213 541/541/541 214/214/214
f 211/211/211 541/541/541 213/213/213
f 549/549/549 561/561/561 560/560/560
f 560/560/560 561/561/561 550/550/550
f 553/553/553 660/660/660 677/677/677
f 677/677/677 660/660/660 659/659/659
f 659/659/659 660/660/660 570/570/570
f 570/570/570 660/660/660 568/568/568
f 562/562/562 554/554/554 555/555/555
f 555/555/555 554/554/554 546/546/546
f 3/3/3 555/555/555 546/546/546
f 678/678/678 555/555/555 3/3/3
f 3/3/3 676/676/676 678/678/678
f 594/594/594 676/676/676 3/3/3
f 594/594/594 3/3/3 542/542/542
f 542/542/542 3/3/3 544/544/544
f 544/544/544 3/3/3 573/573/573
f 573/573/573 3/3/3 546/546/546
f 546/546/546 545/545/545 573/573/573
f 573/573/573 545/545/545 547/547/547
f 547/547/547 564/564/564 573/573/573
f 630/630/630 588/588/588 589/589/589
f 631/631/631 588/588/588 630/630/630
f 631/631/631 630/630/630 641/641/641
f 641/641/641 630/630/630 628/628/628
f 592/592/592 593/593/593 591/591/591
f 590/590/590 593/593/593 592/592/592
f 595/595/595 602/602/602 596/596/596
f 605/605/605 602/602/602 595/595/595
f 601/601/601 599/599/599 614/614/614
f 600/600/600 599/599/599 601/601/601
f 580/580/580 581/581/581 619/619/619
f 583/583/583 581/581/581 580/580/580
f 583/583/583 580/580/580 582/582/582
f 582/582/582 621/621/621 583/583/583
f 622/622/622 621/621/621 582/582/582
f 582/582/582 613/613/613 622/622/622
f 580/580/580 613/613/613 582/582/582
f 584/584/584 585/585/585 597/597/597
f 586/586/586 585/585/585 584/584/584
f 626/626/626 681/681/681 682/682/682
f 684/684/684 682/682/682 681/681/681
f 684/684/684 681/681/681 629/629/629
f 629/629/629 681/681/681 598/598/598
f 598/598/598 681/681/681 620/620/620
f 620/620/620 575/575/575 598/598/598
f 598/598/598 575/575/575 2/2/2
f 1/1/1 2/2/2 575/575/575
f 646/646/646 1/1/1 575/575/575
f 620/620/620 646/646/646 575/575/575
f 644/644/644 647/647/647 627/627/627
f 645/645/645 647/647/647 644/644/644
f 633/633/633 636/636/636 632/632/632
f 634/634/634 636/636/636 633/633/633
f 643/643/643 623/623/623 624/624/624
f 642/642/642 623/623/623 643/643/643
f 650/650/650 679/679/679 649/649/649
f 650/650/650 577/577/577 679/679/679
f 666/666/666 665/665/665 651/651/651
f 579/579/579 665/665/665 666/666/666
f 680/680/680 577/577/577 578/578/578
f 683/683/683 680/680/680 578/578/578
f 662/662/662 702/702/702 701/701/701
f 701/701/701 702/702/702 705/705/705
f 685/685/685 661/661/661 663/663/663
f 685/685/685 687/687/687 661/661/661
f 686/686/686 689/689/689 664/664/664
f 692/692/692 689/689/689 686/686/686
f 648/648/648 687/687/687 688/688/688
f 618/618/618 648/648/648 688/688/688
f 689/689/689 617/617/617 691/691/691
f 617/617/617 616/616/616 691/691/691
f 616/616/616 704/704/704 691/691/691
f 704/704/704 703/703/703 691/691/691
f 699/699/699 703/703/703 704/704/704
f 699/699/699 690/690/690 703/703/703
f 703/703/703 690/690/690 694/694/694
f 703/703/703 694/694/694 652/652/652
f 693/693/693 652/652/652 694/694/694
f 693/693/693 694/694/694 690/690/690
f 695/695/695 696/696/696 698/698/698
f 697/697/697 696/696/696 695/695/695
f 706/706/706 707/707/707 713/713/713
f 713/713/713 707/707/707 708/708/708
f 710/710/710 97/97/97 711/711/711
f 711/711/711 97/97/97 103/103/103
f 103/103/103 97/97/97 98/98/98
f 98/98/98 97/97/97 95/95/95
f 709/709/709 712/712/712 31/31/31
f 31/31/31 712/712/712 112/112/112
f 178/178/178 31/31/31 112/112/112
f 30/30/30 31/31/31 178/178/178
f 178/178/178 509/509/509 30/30/30
f 177/177/177 509/509/509 178/178/178
f 177/177/177 178/178/178 179/179/179
f 179/179/179 178/178/178 110/110/110
f 110/110/110 178/178/178 111/111/111
f 111/111/111 178/178/178 112/112/112
f 112/112/112 101/101/101 111/111/111
f 111/111/111 101/101/101 102/102/102
f 102/102/102 32/32/32 111/111/111
f 463/463/463 228/228/228 229/229/229
f 468/468/468 228/228/228 463/463/463
f 468/468/468 463/463/463 464/464/464
f 464/464/464 463/463/463 465/465/465
f 238/238/238 237/237/237 227/227/227
f 243/243/243 237/237/237 238/238/238
f 252/252/252 318/318/318 239/239/239
f 318/318/318 252/252/252 253/253/253
f 253/253/253 252/252/252 254/254/254
f 247/247/247 246/246/246 241/241/241
f 245/245/245 246/246/246 247/247/247
f 321/321/321 320/320/320 316/316/316
f 319/319/319 320/320/320 321/321/321
f 381/381/381 380/380/380 382/382/382
f 385/385/385 380/380/380 381/381/381
f 385/385/385 381/381/381 384/384/384
f 384/384/384 383/383/383 385/385/385
f 389/389/389 383/383/383 384/384/384
f 384/384/384 317/317/317 389/389/389
f 381/381/381 317/317/317 384/384/384
f 387/387/387 398/398/398 388/388/388
f 397/397/397 398/398/398 387/387/387
f 401/401/401 669/669/669 668/668/668
f 667/667/667 668/668/668 669/669/669
f 667/667/667 669/669/669 400/400/400
f 400/400/400 669/669/669 242/242/242
f 242/242/242 669/669/669 396/396/396
f 396/396/396 672/672/672 242/242/242
f 242/242/242 672/672/672 671/671/671
f 670/670/670 671/671/671 672/672/672
f 608/608/608 670/670/670 672/672/672
f 396/396/396 608/608/608 672/672/672
f 540/540/540 539/539/539 399/399/399
f 538/538/538 539/539/539 540/540/540
f 466/466/466 512/512/512 467/467/467
f 511/511/511 512/512/512 466/466/466
f 532/532/532 531/531/531 526/526/526
f 530/530/530 531/531/531 532/532/532
f 611/611/611 606/606/606 607/607/607
f 611/611/611 653/653/653 606/606/606
f 609/609/609 655/655/655 610/610/610
f 654/654/654 655/655/655 609/609/609
f 657/657/657 653/653/653 658/658/658
f 656/656/656 657/657/657 658/658/658
f 732/732/732 731/731/731 733/733/733
f 787/787/787 789/789/789 780/780/780
f 793/793/793 790/790/790 788/788/788
f 818/818/818 805/805/805 804/804/804
f 834/834/834 833/833/833 835/835/835
f 868/868/868 869/869/869 867/867/867
f 871/871/871 873/873/873 862/862/862
f 877/877/877 879/879/879 876/876/876
f 883/883/883 885/885/885 878/878/878
f 893/893/893 887/887/887 888/888/888
f 926/926/926 931/931/931 930/930/930
f 933/933/933 925/925/925 924/924/924
f 993/993/993 991/991/991 992/992/992
f 1003/1003/1003 1001/1001/1001 1002/1002/1002
f 1128/1128/1128 1126/1126/1126 1125/1125/1125
f 1145/1145/1145 1144/1144/1144 1146/1146/1146
f 1148/1148/1148 855/855/855 857/857/857
f 755/755/755 756/756/756 757/757/757
f 909/909/909 910/910/910 911/911/911
f 912/912/912 913/913/913 914/914/914
f 972/972/972 973/973/973 974/974/974
f 1089/1089/1089 1087/1087/1087 769/769/769
f 1087/1087/1087 1089/1089/1089 1090/1090/1090
f 1090/1090/1090 1089/1089/1089 1088/1088/1088
f 736/736/736 737/737/737 735/735/735
f 718/718/718 737/737/737 736/736/736
f 725/725/725 722/722/722 717/717/717
f 722/722/722 725/725/725 724/724/724
f 724/724/724 725/725/725 723/723/723
f 726/726/726 955/955/955 963/963/963
f 963/963/963 955/955/955 964/964/964
f 964/964/964 955/955/955 810/810/810
f 810/810/810 955/955/955 791/791/791
f 727/727/727 729/729/729 728/728/728
f 728/728/728 729/729/729 846/846/846
f 839/839/839 728/728/728 846/846/846
f 730/730/730 728/728/728 839/839/839
f 839/839/839 716/716/716 730/730/730
f 836/836/836 716/716/716 839/839/839
f 836/836/836 839/839/839 838/838/838
f 838/838/838 839/839/839 837/837/837
f 837/837/837 839/839/839 826/826/826
f 826/826/826 839/839/839 846/846/846
f 846/846/846 825/825/825 826/826/826
f 826/826/826 825/825/825 824/824/824
f 824/824/824 738/738/738 826/826/826
f 759/759/759 721/721/721 719/719/719
f 758/758/758 721/721/721 759/759/759
f 758/758/758 759/759/759 761/761/761
f 761/761/761 734/734/734 758/758/758
f 751/751/751 734/734/734 761/761/761
f 761/761/761 760/760/760 751/751/751
f 759/759/759 760/760/760 761/761/761
f 720/720/720 750/750/750 749/749/749
f 749/749/749 750/750/750 745/745/745
f 744/744/744 743/743/743 762/762/762
f 762/762/762 743/743/743 742/742/742
f 778/778/778 904/904/904 892/892/892
f 880/880/880 892/892/892 904/904/904
f 880/880/880 904/904/904 849/849/849
f 849/849/849 904/904/904 779/779/779
f 779/779/779 904/904/904 777/777/777
f 777/777/777 847/847/847 779/779/779
f 779/779/779 847/847/847 840/840/840
f 841/841/841 840/840/840 847/847/847
f 850/850/850 841/841/841 847/847/847
f 777/777/777 850/850/850 847/847/847
f 792/792/792 811/811/811 809/809/809
f 809/809/809 811/811/811 808/808/808
f 794/794/794 768/768/768 766/766/766
f 766/766/766 768/768/768 795/795/795
f 811/811/811 799/799/799 767/767/767
f 799/799/799 800/800/800 767/767/767
f 800/800/800 801/801/801 767/767/767
f 801/801/801 796/796/796 767/767/767
f 798/798/798 796/796/796 801/801/801
f 798/798/798 797/797/797 796/796/796
f 796/796/796 797/797/797 802/802/802
f 796/796/796 802/802/802 741/741/741
f 740/740/740 741/741/741 802/802/802
f 740/740/740 802/802/802 797/797/797
f 807/807/807 806/806/806 739/739/739
f 806/806/806 763/763/763 739/739/739
f 765/765/765 763/763/763 764/764/764
f 765/765/765 764/764/764 815/815/815
f 817/817/817 816/816/816 813/813/813
f 813/813/813 816/816/816 820/820/820
f 812/812/812 819/819/819 803/803/803
f 803/803/803 819/819/819 814/814/814
f 842/842/842 953/953/953 831/831/831
f 831/831/831 953/953/953 848/848/848
f 830/830/830 901/901/901 832/832/832
f 830/830/830 832/832/832 851/851/851
f 865/865/865 864/864/864 866/866/866
f 866/866/866 864/864/864 863/863/863
f 860/860/860 870/870/870 859/859/859
f 859/859/859 870/870/870 861/861/861
f 875/875/875 903/903/903 902/902/902
f 903/903/903 901/901/901 902/902/902
f 854/854/854 898/898/898 853/853/853
f 897/897/897 898/898/898 854/854/854
f 899/899/899 898/898/898 897/897/897
f 895/895/895 898/898/898 899/899/899
f 889/889/889 886/886/886 884/884/884
f 884/884/884 852/852/852 889/889/889
f 894/894/894 852/852/852 884/884/884
f 884/884/884 906/906/906 894/894/894
f 906/906/906 896/896/896 894/894/894
f 896/896/896 890/890/890 894/894/894
f 891/891/891 890/890/890 896/896/896
f 874/874/874 906/906/906 884/884/884
f 872/872/872 906/906/906 874/874/874
f 900/900/900 906/906/906 872/872/872
f 900/900/900 907/907/907 906/906/906
f 906/906/906 907/907/907 905/905/905
f 905/905/905 896/896/896 906/906/906
f 908/908/908 882/882/882 881/881/881
f 882/882/882 827/827/827 881/881/881
f 915/915/915 916/916/916 917/917/917
f 917/917/917 916/916/916 918/918/918
f 829/829/829 827/827/827 828/828/828
f 829/829/829 828/828/828 922/922/922
f 923/923/923 919/919/919 928/928/928
f 928/928/928 919/919/919 921/921/921
f 927/927/927 929/929/929 932/932/932
f 932/932/932 929/929/929 920/920/920
f 843/843/843 844/844/844 845/845/845
f 845/845/845 844/844/844 934/934/934
f 773/773/773 945/945/945 775/775/775
f 943/943/943 945/945/945 773/773/773
f 943/943/943 944/944/944 945/945/945
f 945/945/945 944/944/944 947/947/947
f 776/776/776 938/938/938 774/774/774
f 774/774/774 938/938/938 939/939/939
f 949/949/949 950/950/950 941/941/941
f 941/941/941 950/950/950 946/946/946
f 953/953/953 957/957/957 960/960/960
f 957/957/957 962/962/962 960/960/960
f 962/962/962 942/942/942 960/960/960
f 942/942/942 952/952/952 960/960/960
f 940/940/940 952/952/952 942/942/942
f 940/940/940 954/954/954 952/952/952
f 952/952/952 954/954/954 961/961/961
f 952/952/952 961/961/961 951/951/951
f 959/959/959 951/951/951 961/961/961
f 959/959/959 961/961/961 954/954/954
f 753/753/753 958/958/958 956/956/956
f 746/746/746 958/958/958 753/753/753
f 746/746/746 753/753/753 752/752/752
f 752/752/752 753/753/753 754/754/754
f 1099/1099/1099 1101/1101/1101 967/967/967
f 1084/1084/1084 1101/1101/1101 1099/1099/1099
f 965/965/965 979/979/979 980/980/980
f 980/980/980 979/979/979 981/981/981
f 968/968/968 977/977/977 966/966/966
f 975/975/975 977/977/977 968/968/968
f 983/983/983 978/978/978 976/976/976
f 989/989/989 978/978/978 983/983/983
f 989/989/989 983/983/983 984/984/984
f 984/984/984 983/983/983 982/982/982
f 1110/1110/1110 1115/1115/1115 985/985/985
f 1113/1113/1113 1115/1115/1115 1110/1110/1110
f 988/988/988 990/990/990 987/987/987
f 986/986/986 990/990/990 988/988/988
f 1041/1041/1041 1043/1043/1043 1029/1029/1029
f 1046/1046/1046 1043/1043/1043 1041/1041/1041
f 1024/1024/1024 1008/1008/1008 1000/1000/1000
f 1008/1008/1008 1027/1027/1027 1000/1000/1000
f 1027/1027/1027 1010/1010/1010 1000/1000/1000
f 1010/1010/1010 1011/1011/1011 1000/1000/1000
f 1028/1028/1028 1011/1011/1011 1010/1010/1010
f 1028/1028/1028 1009/1009/1009 1011/1011/1011
f 1011/1011/1011 1009/1009/1009 1017/1017/1017
f 1011/1011/1011 1017/1017/1017 1016/1016/1016
f 1015/1015/1015 1016/1016/1016 1017/1017/1017
f 1015/1015/1015 1017/1017/1017 1009/1009/1009
f 1007/1007/1007 1006/1006/1006 1004/1004/1004
f 1006/1006/1006 997/997/997 1004/1004/1004
f 1025/1025/1025 1024/1024/1024 999/999/999
f 999/999/999 1024/1024/1024 1005/1005/1005
f 1036/1036/1036 997/997/997 1038/1038/1038
f 1036/1036/1036 1038/1038/1038 1026/1026/1026
f 1037/1037/1037 1042/1042/1042 1040/1040/1040
f 1040/1040/1040 1042/1042/1042 1039/1039/1039
f 998/998/998 1044/1044/1044 1045/1045/1045
f 1048/1048/1048 1044/1044/1044 998/998/998
f 1095/1095/1095 1097/1097/1097 1047/1047/1047
f 1096/1096/1096 1097/1097/1097 1095/1095/1095
f 948/948/948 1071/1071/1071 1069/1069/1069
f 1069/1069/1069 1071/1071/1071 1049/1049/1049
f 1077/1077/1077 1075/1075/1075 1072/1072/1072
f 1073/1073/1073 1075/1075/1075 1077/1077/1077
f 1073/1073/1073 1077/1077/1077 1085/1085/1085
f 1085/1085/1085 1070/1070/1070 1073/1073/1073
f 1080/1080/1080 1070/1070/1070 1085/1085/1085
f 1085/1085/1085 1086/1086/1086 1080/1080/1080
f 1077/1077/1077 1086/1086/1086 1085/1085/1085
f 1074/1074/1074 1079/1079/1079 1078/1078/1078
f 1078/1078/1078 1079/1079/1079 1076/1076/1076
f 996/996/996 994/994/994 1092/1092/1092
f 996/996/996 995/995/995 994/994/994
f 1094/1094/1094 1082/1082/1082 1083/1083/1083
f 1102/1102/1102 1083/1083/1083 1082/1082/1082
f 1102/1102/1102 1082/1082/1082 1100/1100/1100
f 1100/1100/1100 1082/1082/1082 1091/1091/1091
f 1091/1091/1091 1082/1082/1082 1093/1093/1093
f 1093/1093/1093 1114/1114/1114 1091/1091/1091
f 1091/1091/1091 1114/1114/1114 1116/1116/1116
f 1127/1127/1127 1116/1116/1116 1114/1114/1114
f 1098/1098/1098 1127/1127/1127 1114/1114/1114
f 1093/1093/1093 1098/1098/1098 1114/1114/1114
f 1053/1053/1053 1051/1051/1051 1050/1050/1050
f 1051/1051/1051 995/995/995 1050/1050/1050
f 1052/1052/1052 1112/1112/1112 1054/1054/1054
f 1054/1054/1054 1112/1112/1112 1111/1111/1111
f 1147/1147/1147 1141/1141/1141 1136/1136/1136
f 1059/1059/1059 1136/1136/1136 1141/1141/1141
f 1059/1059/1059 1141/1141/1141 1123/1123/1123
f 1123/1123/1123 1141/1141/1141 1130/1130/1130
f 1130/1130/1130 1141/1141/1141 1132/1132/1132
f 1132/1132/1132 1124/1124/1124 1130/1130/1130
f 1130/1130/1130 1124/1124/1124 1129/1129/1129
f 1122/1122/1122 1129/1129/1129 1124/1124/1124
f 1121/1121/1121 1122/1122/1122 1124/1124/1124
f 1132/1132/1132 1121/1121/1121 1124/1124/1124
f 782/782/782 781/781/781 1131/1131/1131
f 786/786/786 781/781/781 782/782/782
f 1056/1056/1056 1055/1055/1055 1057/1057/1057
f 1060/1060/1060 1055/1055/1055 1056/1056/1056
f 1062/1062/1062 1023/1023/1023 1061/1061/1061
f 1018/1018/1018 1023/1023/1023 1062/1062/1062
f 1023/1023/1023 1018/1018/1018 1019/1019/1019
f 1058/1058/1058 1139/1139/1139 1137/1137/1137
f 1139/1139/1139 770/770/770 1137/1137/1137
f 1138/1138/1138 1081/1081/1081 937/937/937
f 937/937/937 1081/1081/1081 1103/1103/1103
f 783/783/783 771/771/771 935/935/935
f 783/783/783 770/770/770 771/771/771
f 936/936/936 1119/1119/1119 1117/1117/1117
f 1117/1117/1117 1119/1119/1119 1140/1140/1140
f 1142/1142/1142 1118/1118/1118 1143/1143/1143
f 1143/1143/1143 1118/1118/1118 1120/1120/1120
f 858/858/858 748/748/748 747/747/747
f 747/747/747 748/748/748 856/856/856
f 785/785/785 1012/1012/1012 1020/1020/1020
f 1020/1020/1020 1012/1012/1012 1013/1013/1013
f 1106/1106/1106 1020/1020/1020 1013/1013/1013
f 1066/1066/1066 1020/1020/1020 1106/1106/1106
f 1106/1106/1106 1105/1105/1105 1066/1066/1066
f 1104/1104/1104 1105/1105/1105 1106/1106/1106
f 1104/1104/1104 1106/1106/1106 784/784/784
f 784/784/784 1106/1106/1106 823/823/823
f 823/823/823 1106/1106/1106 971/971/971
f 971/971/971 1106/1106/1106 1013/1013/1013
f 1013/1013/1013 822/822/822 971/971/971
f 971/971/971 822/822/822 969/969/969
f 969/969/969 970/970/970 971/971/971
f 1014/1014/1014 1108/1108/1108 821/821/821
f 1109/1109/1109 1108/1108/1108 1014/1014/1014
f 1107/1107/1107 1108/1108/1108 1109/1109/1109
f 1022/1022/1022 1108/1108/1108 1107/1107/1107
f 1034/1034/1034 1033/1033/1033 1035/1035/1035
f 1065/1065/1065 1033/1033/1033 1034/1034/1034
f 1063/1063/1063 1068/1068/1068 1064/1064/1064
f 1067/1067/1067 1068/1068/1068 1063/1063/1063
f 1133/1133/1133 1134/1134/1134 1135/1135/1135
f 1021/1021/1021 1134/1134/1134 1133/1133/1133
f 1021/1021/1021 1133/1133/1133 1032/1032/1032
f 1032/1032/1032 1031/1031/1031 1021/1021/1021
f 1030/1030/1030 1031/1031/1031 1032/1032/1032
f 1032/1032/1032 772/772/772 1030/1030/1030
f 1133/1133/1133 772/772/772 1032/1032/1032
