# Exported by s4extract — object_sitLoveseatQA2x1_01_lod00_g02
o object_sitLoveseatQA2x1_01_lod00_g02
v 0.043399 0.818531 -0.394006
v 0.043399 0.818531 -0.394006
v 0.052616 0.840383 -0.394006
v 0.000000 0.763230 -0.250687
v 0.042117 0.804309 -0.394006
v 0.000000 0.763230 -0.250687
v -0.549167 0.120796 -0.387170
v 0.767381 0.580541 -0.222426
v 0.595312 0.590734 -0.226454
v 0.077702 0.845633 -0.395105
v 0.039126 0.804615 -0.250687
v 0.029665 0.781176 -0.250687
v 0.052616 0.840383 -0.394006
v 0.052616 0.840383 -0.394006
v 0.077825 0.845755 -0.268205
v 0.031496 0.780870 -0.394006
v 0.020997 0.863761 -0.251175
v 0.023256 0.863456 -0.267411
v 0.047427 0.840872 -0.251175
v 0.020997 0.863761 -0.251175
v 0.039065 0.818837 -0.250687
v 0.033266 0.847525 -0.251175
v 0.047427 0.840872 -0.251175
v 0.033266 0.847525 -0.251175
v 0.036929 0.847220 -0.267411
v 0.047427 0.840872 -0.251175
v 0.052677 0.840566 -0.267411
v 0.052677 0.840566 -0.267411
v 0.039065 0.818837 -0.250687
v -0.042117 0.804309 -0.394006
v -0.031496 0.780870 -0.394006
v 0.052677 0.840566 -0.267411
v -0.052616 0.840383 -0.394006
v -0.043399 0.818531 -0.394006
v -0.052616 0.840383 -0.394006
v -0.043399 0.818531 -0.394006
v -0.029665 0.781176 -0.250687
v -0.031496 0.780870 -0.394006
v -0.042117 0.804309 -0.394006
v -0.039126 0.804615 -0.250687
v -0.039126 0.804615 -0.250687
v -0.039065 0.818837 -0.250687
v -0.047427 0.840872 -0.251175
v -0.029665 0.781176 -0.250687
v -0.033266 0.847525 -0.251175
v -0.047427 0.840872 -0.251175
v -0.039065 0.818837 -0.250687
v -0.052677 0.840566 -0.267411
v -0.020997 0.863761 -0.251175
v -0.033266 0.847525 -0.251175
v -0.020997 0.863761 -0.251175
v -0.023256 0.863456 -0.267411
v -0.036929 0.847220 -0.267411
v -0.047427 0.840872 -0.251175
v 0.012025 1.020448 -0.394006
v -0.052677 0.840566 -0.267411
v -0.026247 1.011048 -0.394006
v 0.026247 1.011048 -0.394006
v -0.036806 0.847037 -0.394006
v 0.047793 0.956479 -0.394006
v 0.036806 0.847037 -0.394006
v 0.070439 0.915461 -0.394555
v 0.047793 0.956479 -0.394006
v 0.055484 1.011597 -0.394006
v -0.070439 0.915461 -0.394555
v -0.047793 0.956479 -0.394006
v -0.047793 0.956479 -0.394006
v -0.055484 1.011597 -0.394006
v -0.029848 0.997070 -0.394006
v 0.012147 1.020753 -0.250626
v 0.029848 0.997070 -0.394006
v 0.029848 0.997070 -0.394006
v 0.024965 1.011353 -0.250687
v 0.028200 0.997375 -0.250687
v 0.026247 1.011048 -0.394006
v 0.029848 0.997070 -0.394006
v 0.000000 0.976744 -0.394006
v 0.000000 0.976744 -0.394006
v 0.028200 0.997375 -0.250687
v -0.050784 0.898492 -0.394555
v -0.017396 0.917475 -0.394006
v 0.050784 0.898492 -0.394555
v 0.017396 0.917475 -0.394006
v 0.000000 0.847525 -0.394006
v -0.019838 0.873100 -0.394006
v -0.017396 0.917475 -0.394006
v 0.000000 0.847525 -0.394006
v 0.017396 0.917475 -0.394006
v 0.019838 0.873100 -0.394006
v -0.018617 1.051456 -0.394006
v 0.018617 1.051456 -0.394006
v 0.012025 1.020448 -0.394006
v 0.000000 1.020448 -0.394006
v 0.070439 0.915461 -0.394555
v 0.050784 0.898492 -0.394555
v 0.050967 0.898492 -0.267961
v 0.070561 0.915339 -0.267961
v 0.000000 1.078191 -0.394006
v -0.012025 1.020448 -0.394006
v 0.000000 1.020448 -0.394006
v 0.000000 1.078191 -0.394006
v 0.018617 1.051456 -0.394006
v -0.012147 1.020753 -0.250626
v -0.012025 1.020448 -0.394006
v 0.012025 1.020448 -0.394006
v 0.018068 1.051761 -0.250626
v 0.012147 1.020753 -0.250626
v -0.012147 1.020753 -0.250626
v -0.012025 1.020448 -0.394006
v -0.018068 1.051761 -0.250626
v -0.018617 1.051456 -0.394006
v -0.024965 1.011353 -0.250687
v -0.028200 0.997375 -0.250687
v -0.029848 0.997070 -0.394006
v -0.026247 1.011048 -0.394006
v 0.024965 1.011353 -0.250687
v -0.029848 0.997070 -0.394006
v 0.012147 1.020753 -0.250626
v -0.028200 0.997375 -0.250687
v 0.018617 1.051456 -0.394006
v 0.018068 1.051761 -0.250626
v 0.000000 1.078191 -0.394006
v 0.000000 1.078496 -0.250626
v 0.000000 1.078496 -0.250626
v 0.000000 1.078496 -0.250626
v -0.018068 1.051761 -0.250626
v 0.018068 1.051761 -0.250626
v -0.018617 1.051456 -0.394006
v -0.018068 1.051761 -0.250626
v -0.052616 0.840383 -0.394006
v -0.077702 0.845633 -0.395105
v -0.019838 0.873100 -0.394006
v -0.052616 0.840383 -0.394006
v -0.050784 0.898492 -0.394555
v -0.046084 0.879021 -0.267961
v -0.568333 0.875908 -0.394616
v -0.045901 0.878960 -0.394555
v 0.000000 1.078496 -0.250626
v 0.000000 1.078191 -0.394006
v -0.052677 0.840566 -0.267411
v -0.055484 1.011597 -0.394006
v -0.088445 1.012879 -0.250687
v -0.050967 1.011903 -0.250687
v -0.024965 1.011353 -0.250687
v 0.000000 1.020753 -0.250626
v -0.012147 1.020753 -0.250626
v 0.000000 1.020753 -0.250626
v -0.077825 0.845755 -0.268205
v -0.098273 1.012513 -0.394006
v 0.036806 0.847037 -0.394006
v -0.052066 0.865531 -0.267961
v -0.051944 0.865348 -0.394555
v -0.051944 0.865348 -0.394555
v -0.051944 0.865348 -0.394555
v -0.070561 0.915339 -0.267961
v -0.070439 0.915461 -0.394555
v -0.050967 0.898492 -0.267961
v 0.019838 0.873100 -0.394006
v 0.045901 0.878960 -0.394555
v -0.077702 0.845633 -0.395105
v -0.080205 0.861137 -0.395105
v -0.052066 0.865531 -0.267961
v -0.068791 0.866386 -0.394555
v -0.559421 0.856192 -0.394128
v -0.588110 0.888909 -0.268022
v -0.045901 0.878960 -0.394555
v -0.036806 0.847037 -0.394006
v -0.728560 0.881279 -0.267411
v -0.588232 0.888909 -0.394555
v 0.703534 0.239578 0.336080
v 0.000000 0.235732 0.336080
v 0.680278 0.269609 0.336080
v 0.595129 0.828664 -0.267411
v 0.574254 0.836233 -0.267411
v 0.588110 0.888909 -0.268022
v 0.621010 0.827626 -0.267411
v 0.574254 0.836233 -0.267411
v 0.595068 0.828481 -0.394006
v 0.000000 0.178478 0.339010
v -0.276567 0.912348 -0.336507
v -0.595312 0.946835 -0.348227
v 0.000000 0.969542 -0.326314
v -0.674968 0.259720 0.296527
v -0.000671 0.760850 -0.273271
v -0.685894 0.434902 0.300128
v -0.657938 0.435329 0.319355
v -0.622475 0.259659 0.320027
v -0.657938 0.259659 0.316120
v -0.595312 0.590734 -0.226454
v -0.649759 0.858390 -0.341940
v -0.592627 0.765672 -0.297809
v 0.505158 0.181835 -0.396325
v -0.767381 0.580541 -0.222426
v -0.802661 0.755539 -0.336752
v 0.549167 0.120796 -0.387170
v 0.733870 0.147409 -0.356955
v -0.745895 0.907953 -0.267411
v -0.672893 0.842276 -0.267411
v -0.705671 0.861320 -0.267411
v -0.738754 0.939083 -0.267411
v -0.588232 0.888909 -0.394555
v -0.588110 0.888909 -0.268022
v -0.704572 0.969969 -0.267411
v -0.746078 0.907831 -0.394006
v -0.745895 0.907953 -0.267411
v -0.738876 0.939205 -0.394006
v -0.738754 0.939083 -0.267411
v -0.704694 0.970152 -0.394006
v -0.704572 0.969969 -0.267411
v -0.574132 0.836172 -0.394006
v -0.608069 0.827931 -0.394006
v -0.633339 0.995666 -0.394006
v -0.707196 0.820485 -0.268510
v -0.705671 0.861320 -0.267411
v -0.705671 0.861320 -0.267411
v -0.705793 0.861137 -0.394006
v -0.707196 0.820485 -0.268510
v -0.706769 0.820424 -0.395044
v -0.568211 0.875847 -0.268083
v -0.548068 0.903498 -0.267961
v -0.548068 0.903681 -0.394555
v -0.559482 0.856131 -0.267533
v -0.574254 0.836233 -0.267411
v -0.588110 0.888909 -0.268022
v -0.633339 0.995422 -0.267411
v -0.608069 0.828115 -0.267411
v 0.633339 0.995666 -0.394006
v 0.633339 0.995422 -0.267411
v 0.706769 0.820424 -0.395044
v 0.705793 0.861137 -0.394006
v 0.568333 0.875908 -0.394616
v 0.672893 0.842276 -0.267411
v 0.621010 0.827626 -0.267411
v 0.621010 0.827382 -0.394006
v 0.672954 0.842092 -0.394006
v 0.574132 0.836172 -0.394006
v 0.595068 0.828481 -0.394006
v 0.633339 0.995666 -0.394006
v 0.672954 0.842092 -0.394006
v 0.588232 0.888909 -0.394555
v 0.672526 0.806629 -0.268205
v 0.671672 0.806385 -0.394738
v 0.707196 0.820485 -0.268510
v 0.707196 0.820485 -0.268510
v 0.706769 0.820424 -0.395044
v 0.706769 0.820424 -0.395044
v -0.703534 0.239578 0.319050
v -0.703534 0.239578 0.336080
v 0.000000 0.235732 0.319050
v -0.823170 0.695477 0.335653
v -0.843130 0.667582 0.335653
v -0.548068 0.903498 -0.267961
v -0.572606 0.997986 -0.267411
v -0.672893 0.842276 -0.267411
v -0.672954 0.842092 -0.394006
v -0.746078 0.907831 -0.394006
v -0.728682 0.881157 -0.394006
v -0.738876 0.939205 -0.394006
v -0.704694 0.970152 -0.394006
v -0.705793 0.861137 -0.394006
v -0.568333 0.875908 -0.394616
v -0.568211 0.875847 -0.268083
v -0.672954 0.842092 -0.394006
v 0.574132 0.836172 -0.394006
v 0.833425 0.686626 -0.281817
v 0.847830 0.614234 -0.281817
v 0.807911 0.556675 -0.281817
v 0.734664 0.045962 -0.282671
v 0.750107 0.000000 -0.354026
v 0.750107 0.000000 -0.285418
v 0.665568 0.000000 -0.368858
v 0.734664 0.045962 -0.356772
v 0.665568 0.000000 -0.270585
v 0.000000 0.269609 0.336080
v -0.680278 0.269609 0.336080
v -0.703534 0.239578 0.336080
v -0.703534 0.239578 0.336080
v 0.000000 0.235732 0.336080
v 0.711103 0.175914 -0.360984
v 0.652567 0.102789 -0.371177
v 0.671733 0.181835 -0.367881
v 0.733870 0.147409 -0.282732
v 0.711103 0.175914 -0.278704
v 0.704694 0.970152 -0.394006
v 0.633339 0.995422 -0.267411
v 0.672893 0.842276 -0.267411
v -0.559421 0.856192 -0.394128
v -0.559482 0.856131 -0.267533
v -0.559421 0.856192 -0.394128
v -0.559482 0.856131 -0.267533
v -0.711408 0.178478 -0.419581
v -0.711408 0.178478 0.339010
v -0.711408 0.178478 -0.419581
v -0.711408 0.178478 0.339010
v -0.574132 0.836172 -0.394006
v -0.574254 0.836233 -0.267411
v 0.672893 0.842276 -0.267411
v -0.608069 0.827931 -0.394006
v 0.672954 0.842092 -0.394006
v -0.608069 0.828115 -0.267411
v 0.621010 0.827382 -0.394006
v 0.707196 0.820485 -0.268510
v 0.705671 0.861320 -0.267411
v 0.588110 0.888909 -0.268022
v 0.672893 0.842276 -0.267411
v -0.622475 0.435329 0.323262
v 0.720808 0.036623 -0.280413
v 0.755234 0.033022 -0.286272
v -0.711408 0.229506 0.339010
v 0.691754 0.784044 -0.268205
v 0.672526 0.806629 -0.268205
v 0.671672 0.806385 -0.394738
v 0.707196 0.820485 -0.268510
v 0.705671 0.861320 -0.267411
v 0.588232 0.888909 -0.394555
v 0.588232 0.888909 -0.394555
v 0.704572 0.969969 -0.267411
v 0.588110 0.888909 -0.268022
v 0.705793 0.861137 -0.394006
v -0.711408 0.178478 -0.419581
v 0.706769 0.820424 -0.395044
v 0.691143 0.783312 -0.394738
v -0.711408 0.229506 -0.419581
v -0.711408 0.229506 -0.419581
v -0.705243 0.235610 -0.413172
v 0.000000 0.229506 -0.419581
v 0.000000 0.235610 -0.413172
v -0.310016 0.224562 -0.371422
v -0.310016 0.903436 -0.371422
v 0.000000 0.224562 -0.371422
v 0.000000 0.977110 -0.371422
v -0.544162 0.224562 -0.371422
v -0.703290 0.224562 -0.371422
v -0.544162 0.928401 -0.371422
v -0.794360 0.710981 0.319416
v -0.823170 0.695477 0.335653
v -0.794360 0.710981 0.335653
v -0.762376 0.710981 0.319416
v -0.762376 0.710981 0.335653
v -0.733504 0.702680 0.319416
v -0.733504 0.702680 0.335653
v -0.733504 0.702680 0.335653
v -0.713545 0.674785 0.335653
v -0.713545 0.674785 0.319416
v 0.652567 0.102789 -0.268571
v 0.652567 0.102789 -0.371177
v 0.549167 0.120796 -0.387170
v 0.670512 0.052371 -0.368064
v 0.670512 0.052310 -0.271623
v 0.733870 0.147409 -0.356955
v 0.559482 0.856131 -0.267533
v 0.559421 0.856192 -0.394128
v 0.568333 0.875908 -0.394616
v 0.568211 0.875847 -0.268083
v 0.559482 0.856131 -0.267533
v 0.559482 0.856131 -0.267533
v 0.559421 0.856192 -0.394128
v 0.568211 0.875847 -0.268083
v -0.680278 0.269609 0.319050
v -0.703534 0.239578 0.336080
v -0.680278 0.269609 0.336080
v -0.762376 0.554538 0.335653
v -0.703534 0.239578 0.319050
v -0.762376 0.554538 0.319416
v -0.762376 0.554538 0.319416
v -0.762376 0.554538 0.335653
v -0.794360 0.554538 0.335653
v -0.794360 0.554538 0.319416
v 0.000000 0.269609 0.319050
v 0.000000 0.269609 0.336080
v 0.680278 0.269609 0.319050
v 0.680278 0.269609 0.336080
v 0.595129 0.828664 -0.267411
v 0.711408 0.229506 -0.419581
v 0.000000 0.235610 -0.413172
v 0.705243 0.235610 -0.413172
v 0.703534 0.239578 0.336080
v 0.000000 0.235732 0.319050
v 0.744064 0.713361 -0.281817
v 0.792773 0.718183 -0.281817
v 0.773851 0.539767 -0.266130
v 0.773790 0.536288 0.305133
v 0.713483 0.249466 -0.266130
v 0.713483 0.249466 0.305133
v 0.773851 0.539767 -0.266130
v 0.795215 0.538912 -0.266130
v 0.773790 0.536288 0.305133
v 0.795947 0.535433 0.305133
v 0.696881 0.684673 0.305133
v 0.699689 0.682842 -0.266130
v 0.723311 0.716535 -0.266130
v 0.757370 0.727706 -0.266130
v 0.852896 0.591284 -0.266130
v 0.829335 0.557651 -0.266130
v 0.831350 0.554782 0.305133
v 0.855765 0.589758 0.305133
v 0.852896 0.591284 -0.266130
v 0.829335 0.557651 -0.266130
v 0.773851 0.539767 -0.266130
v 0.807911 0.556675 -0.281817
v 0.773851 0.539767 -0.266130
v 0.766160 0.549594 -0.281817
v 0.703168 0.235976 0.320820
v 0.703168 0.235976 -0.281817
v 0.713483 0.249466 0.305133
v 0.713483 0.249466 -0.266130
v 0.756699 0.731185 0.305133
v 0.721358 0.719648 0.305133
v 0.713483 0.249466 -0.266130
v 0.706769 0.250443 -0.281817
v 0.795215 0.727706 -0.266130
v 0.757370 0.727706 -0.266130
v 0.744064 0.713361 -0.281817
v 0.723311 0.716535 -0.266130
v 0.708661 0.679180 -0.281817
v 0.706769 0.250443 -0.281817
v 0.852896 0.675334 -0.266130
v 0.861320 0.633278 -0.266130
v 0.766160 0.549594 -0.281817
v 0.713483 0.249466 -0.266130
v 0.699689 0.682842 -0.266130
v 0.708661 0.679180 -0.281817
v 0.792773 0.718183 -0.281817
v 0.847830 0.614234 -0.281817
v 0.833425 0.686626 -0.281817
v 0.829335 0.708967 -0.266130
v 0.670512 0.234633 -0.281817
v 0.676311 0.249710 -0.281817
v 0.795215 0.727706 -0.266130
v 0.795215 0.538912 -0.266130
v 0.766160 0.549594 -0.281817
v 0.703168 0.235976 -0.281817
v 0.706769 0.250443 -0.281817
v 0.703168 0.235976 -0.281817
v 0.795947 0.731185 0.305133
v 0.824269 0.703778 0.320820
v 0.706769 0.250381 0.320820
v 0.808887 0.554416 0.320820
v 0.829335 0.708967 -0.266130
v -0.665568 0.000000 -0.368858
v -0.750107 0.000000 -0.354026
v -0.755234 0.033022 -0.353171
v -0.665568 0.000000 -0.368858
v -0.734664 0.045962 -0.282671
v -0.665568 0.000000 -0.270585
v 0.706769 0.250381 0.320820
v 0.765916 0.547091 0.320820
v 0.703168 0.235976 0.320820
v 0.831350 0.711835 0.305133
v 0.773790 0.536288 0.305133
v 0.855765 0.589758 0.305133
v 0.846060 0.593969 0.320820
v 0.713483 0.249466 0.305133
v 0.831350 0.554782 0.305133
v 0.795947 0.535433 0.305133
v 0.765916 0.547091 0.320820
v 0.773790 0.536288 0.305133
v 0.808887 0.554416 0.320820
v 0.676250 0.249283 0.320820
v 0.688152 0.633278 0.305133
v 0.671611 0.249283 0.305133
v 0.702619 0.656412 0.320820
v 0.721358 0.719648 0.305133
v 0.727889 0.710737 0.320820
v 0.696881 0.684673 0.305133
v 0.756699 0.731185 0.305133
v 0.795947 0.731185 0.305133
v 0.864555 0.633278 0.305133
v 0.775865 0.720747 0.320820
v 0.831350 0.711835 0.305133
v 0.855765 0.676860 0.305133
v 0.850027 0.652994 0.320820
v 0.824269 0.703778 0.320820
v 0.765916 0.547091 0.320820
v 0.670512 0.234633 0.320820
v 0.703168 0.235976 0.320820
v 0.702619 0.656412 0.320820
v 0.676250 0.249283 0.320820
v 0.852896 0.675334 -0.266130
v 0.855765 0.676860 0.305133
v 0.706769 0.250381 0.320820
v 0.691265 0.633278 -0.266130
v 0.671672 0.249710 -0.266130
v 0.864555 0.633278 0.305133
v 0.861320 0.633278 -0.266130
v 0.688152 0.633278 0.305133
v 0.671611 0.249283 0.305133
v -0.843985 0.595129 -0.281817
v -0.847830 0.652384 -0.281817
v -0.822804 0.701764 -0.281817
v -0.775865 0.718183 -0.281817
v -0.766160 0.549594 -0.281817
v -0.795215 0.538912 -0.266130
v -0.773851 0.539767 -0.266130
v -0.829335 0.557651 -0.266130
v -0.773851 0.539767 -0.266130
v -0.766160 0.549594 -0.281817
v -0.713483 0.249466 -0.266130
v -0.703168 0.235976 -0.281817
v -0.829335 0.708967 -0.266130
v -0.822804 0.701764 -0.281817
v -0.807911 0.556675 -0.281817
v -0.729232 0.708539 -0.281817
v -0.843985 0.595129 -0.281817
v -0.852896 0.591284 -0.266130
v -0.699689 0.682842 -0.266130
v -0.729232 0.708539 -0.281817
v -0.708661 0.679180 -0.281817
v -0.723311 0.716535 -0.266130
v -0.775865 0.718183 -0.281817
v -0.795215 0.727706 -0.266130
v -0.757370 0.727706 -0.266130
v -0.723311 0.716535 -0.266130
v -0.831350 0.554782 0.305133
v -0.829335 0.557651 -0.266130
v -0.855765 0.589758 0.305133
v -0.852896 0.591284 -0.266130
v -0.708661 0.679180 -0.281817
v -0.670512 0.234633 -0.281817
v -0.766160 0.549594 -0.281817
v -0.703168 0.235976 -0.281817
v -0.807911 0.556675 -0.281817
v -0.773790 0.536288 0.305133
v -0.773851 0.539767 -0.266130
v -0.713483 0.249466 0.305133
v -0.773790 0.536288 0.305133
v -0.721358 0.719648 0.305133
v -0.756699 0.731185 0.305133
v -0.713483 0.249466 -0.266130
v -0.757370 0.727706 -0.266130
v -0.713483 0.249466 0.305133
v -0.773851 0.539767 -0.266130
v -0.713483 0.249466 -0.266130
v -0.703168 0.235976 -0.281817
v -0.795947 0.731185 0.305133
v -0.861320 0.633278 -0.266130
v -0.864555 0.633278 0.305133
v -0.847830 0.652384 -0.281817
v -0.861320 0.633278 -0.266130
v -0.852896 0.675334 -0.266130
v -0.696881 0.684673 0.305133
v -0.699689 0.682842 -0.266130
v -0.795947 0.535433 0.305133
v -0.795215 0.538912 -0.266130
v -0.795215 0.727706 -0.266130
v -0.831350 0.711835 0.305133
v -0.852896 0.675334 -0.266130
v -0.855765 0.676860 0.305133
v -0.755234 0.033022 -0.286272
v -0.734664 0.045962 -0.282671
v -0.755234 0.033022 -0.353171
v -0.734664 0.045962 -0.356772
v -0.652567 0.102789 -0.371177
v -0.733870 0.147409 -0.356955
v -0.671733 0.181835 -0.271867
v -0.505158 0.181835 -0.243545
v -0.720869 0.036623 -0.359275
v -0.720808 0.036623 -0.280413
v -0.549167 0.120796 -0.252701
v -0.711103 0.175914 -0.360984
v -0.505158 0.181835 -0.396325
v -0.549167 0.120796 -0.387170
v -0.707258 0.231520 -0.394983
v -0.816273 0.773180 -0.394983
v -0.032351 0.949521 -0.251175
v -0.053897 0.963743 -0.251175
v 0.652567 0.102789 0.291094
v 0.733870 0.147409 0.276872
v 0.549167 0.120796 0.172618
v -0.711103 0.175914 0.280901
v -0.665568 0.000000 0.190502
v -0.733870 0.147409 0.202649
v -0.711103 0.175914 0.198621
v -0.750107 0.000000 0.205335
v -0.671733 0.181835 0.287798
v 0.728682 0.881157 -0.394006
v 0.745895 0.907953 -0.267411
v 0.746078 0.907831 -0.394006
v 0.743759 0.931759 -0.267411
v 0.705793 0.861137 -0.394006
v 0.728560 0.881279 -0.267411
v 0.705671 0.861320 -0.267411
v 0.707258 0.231520 -0.394983
v 0.708051 0.231276 -0.268449
v 0.052066 0.865531 -0.267961
v 0.036929 0.847220 -0.267411
v 0.671611 0.230910 -0.268205
v 0.670756 0.231154 -0.394738
v 0.046084 0.879021 -0.267961
v 0.023256 0.863456 -0.267411
v 0.035952 0.949216 -0.267411
v 0.775438 0.766831 -0.268205
v 0.775133 0.766038 -0.394738
v 0.775438 0.766831 -0.268205
v 0.726241 0.774767 -0.268205
v 0.691754 0.784044 -0.268205
v 0.726119 0.773912 -0.394738
v 0.691143 0.783312 -0.394738
v 0.708051 0.231276 -0.268449
v 0.671611 0.230910 -0.268205
v 0.783861 0.746261 -0.268205
v 0.821522 0.744674 -0.268449
v 0.817005 0.773607 -0.268449
v 0.799854 0.796008 -0.268449
v 0.775438 0.766831 -0.268205
v 0.778612 0.807361 -0.268449
v 0.726241 0.774767 -0.268205
v 0.732833 0.811878 -0.268449
v 0.707258 0.231520 -0.394983
v 0.671733 0.181835 -0.271867
v 0.330342 0.877556 -0.267961
v 0.711103 0.175914 -0.360984
v 0.711103 0.175914 -0.278704
v -0.829335 0.708967 -0.266130
v -0.850027 0.652994 0.320820
v -0.824269 0.703778 0.320820
v -0.775865 0.720747 0.320820
v 0.341207 0.852042 -0.268022
v 0.341146 0.852225 -0.394555
v 0.417750 0.910029 -0.394555
v 0.417750 0.909846 -0.268022
v 0.341146 0.852225 -0.394555
v 0.411402 0.880486 -0.394555
v 0.411402 0.880303 -0.268022
v 0.417750 0.909846 -0.268022
v 0.417750 0.910029 -0.394555
v 0.411402 0.880303 -0.268022
v 0.080205 0.861137 -0.395105
v 0.080266 0.861381 -0.268266
v 0.068791 0.866630 -0.267961
v 0.052066 0.865531 -0.267961
v 0.068791 0.866386 -0.394555
v 0.077702 0.845633 -0.395105
v 0.051944 0.865348 -0.394555
v 0.068791 0.866386 -0.394555
v 0.051944 0.865348 -0.394555
v 0.080266 0.861381 -0.268266
v 0.080205 0.861137 -0.395105
v 0.077702 0.845633 -0.395105
v 0.728682 0.881157 -0.394006
v 0.077825 0.845755 -0.268205
v 0.080266 0.861381 -0.268266
v 0.133065 0.919246 -0.267961
v 0.133065 0.919490 -0.394555
v 0.102667 0.925410 -0.394555
v 0.174998 0.902582 -0.267961
v 0.175060 0.902826 -0.394555
v 0.220350 0.884148 -0.267961
v 0.220411 0.884331 -0.394555
v 0.220350 0.884148 -0.267961
v -0.750107 0.000000 0.274004
v -0.670512 0.052310 0.191540
v -0.665568 0.000000 0.190502
v -0.755234 0.033022 0.206250
v -0.727889 0.710737 0.320820
v -0.808887 0.554416 0.320820
v -0.765916 0.547091 0.320820
v -0.846060 0.593969 0.320820
v 0.778429 0.806568 -0.394983
v 0.299945 0.838369 -0.394555
v 0.732833 0.811878 -0.268449
v 0.732650 0.811024 -0.394983
v 0.341207 0.852042 -0.268022
v 0.330342 0.877556 -0.267961
v -0.773790 0.536288 0.305133
v -0.676250 0.249283 0.320820
v -0.688152 0.633278 0.305133
v -0.671611 0.249283 0.305133
v 0.244583 0.925533 -0.394006
v 0.187389 0.945004 -0.267411
v 0.187450 0.945248 -0.394006
v 0.140939 0.963682 -0.267411
v 0.140939 0.963682 -0.267411
v 0.778612 0.807361 -0.268449
v 0.799426 0.795276 -0.394983
v 0.080205 0.861137 -0.395105
v 0.102728 0.925227 -0.267961
v -0.696881 0.684673 0.305133
v -0.855765 0.589758 0.305133
v -0.702619 0.656412 0.320820
v -0.702619 0.656412 0.320820
v 0.330281 0.877800 -0.394555
v 0.098212 0.971129 -0.267411
v -0.846060 0.593969 0.320820
v -0.765916 0.547091 0.320820
v -0.795947 0.535433 0.305133
v -0.808887 0.554416 0.320820
v -0.721358 0.719648 0.305133
v -0.831350 0.554782 0.305133
v 0.299945 0.838491 -0.267961
v -0.727889 0.710737 0.320820
v -0.795947 0.731185 0.305133
v -0.756699 0.731185 0.305133
v -0.775865 0.720747 0.320820
v -0.864555 0.633278 0.305133
v -0.831350 0.711835 0.305133
v -0.855765 0.676860 0.305133
v -0.824269 0.703778 0.320820
v -0.850027 0.652994 0.320820
v -0.773790 0.536288 0.305133
v -0.703168 0.235976 0.320820
v -0.713483 0.249466 0.305133
v -0.676250 0.249283 0.320820
v -0.765916 0.547091 0.320820
v -0.703168 0.235976 0.320820
v -0.670512 0.234633 0.320820
v 0.799426 0.795276 -0.394983
v -0.691265 0.633278 -0.266130
v -0.688152 0.633278 0.305133
v -0.671672 0.249710 -0.266130
v 0.098273 1.012513 -0.394006
v -0.671611 0.249283 0.305133
v 0.055484 1.011597 -0.394006
v 0.000000 0.904291 -0.250687
v 0.088445 1.012879 -0.250687
v 0.014466 0.894769 -0.251175
v 0.050967 1.011903 -0.250687
v 0.783861 0.746261 -0.268205
v 0.783861 0.746261 -0.268205
v 0.671611 0.230910 -0.268205
v 0.670756 0.231154 -0.394738
v 0.732650 0.811024 -0.394983
v 0.783007 0.746200 -0.394738
v 0.726119 0.773912 -0.394738
v 0.778429 0.806568 -0.394983
v 0.017945 0.929256 -0.251175
v -0.017945 0.929256 -0.251175
v 0.000000 0.904291 -0.250687
v -0.014466 0.894769 -0.251175
v -0.014466 0.894769 -0.251175
v 0.014466 0.894769 -0.251175
v 0.016053 0.894464 -0.267411
v -0.016053 0.894464 -0.267411
v 0.017945 0.929256 -0.251175
v -0.017945 0.929256 -0.251175
v -0.019899 0.928951 -0.267411
v 0.019899 0.928951 -0.267411
v 0.050967 0.898492 -0.267961
v 0.019899 0.928951 -0.267411
v -0.019899 0.928951 -0.267411
v 0.016053 0.894464 -0.267411
v 0.028200 0.997375 -0.250687
v -0.050967 0.898492 -0.267961
v -0.016053 0.894464 -0.267411
v 0.035952 0.949216 -0.267411
v 0.032351 0.949521 -0.251175
v 0.032351 0.949521 -0.251175
v -0.549167 0.120796 0.307087
v -0.505158 0.181835 0.316242
v 0.750107 0.000000 0.205335
v 0.750107 0.000000 0.205335
v 0.750107 0.000000 0.274004
v 0.720808 0.036623 0.200330
v 0.755234 0.033022 0.206250
v 0.734664 0.045962 0.202588
v -0.665568 0.000000 0.288775
v 0.711408 0.178478 0.339010
v 0.711408 0.178478 -0.419581
v 0.711408 0.178478 0.339010
v 0.652567 0.102789 0.188488
v 0.733870 0.147409 0.276872
v 0.670512 0.052371 0.287981
v 0.733870 0.147409 0.202649
v -0.750107 0.000000 0.205335
v -0.665568 0.000000 0.288775
v -0.750107 0.000000 0.205335
v -0.734664 0.045962 0.202588
v -0.750107 0.000000 0.274004
v -0.720808 0.036623 0.200330
v -0.720869 0.036623 0.279192
v -0.670512 0.052371 0.287981
v -0.720808 0.036623 0.200330
v -0.652567 0.102789 0.291094
v -0.652567 0.102789 0.188488
v -0.733870 0.147409 0.276872
v -0.505158 0.181835 0.163462
v -0.671733 0.181835 0.191784
v -0.670512 0.052371 0.287981
v -0.665568 0.000000 0.190502
v 0.000000 0.590734 -0.226454
v -0.622475 0.449368 0.311603
v -0.723799 0.406580 -0.152292
v -0.596045 0.388574 -0.163523
v 0.000000 0.437222 0.323262
v 0.622475 0.435329 0.323262
v 0.000000 0.259659 0.320027
v 0.000000 0.437222 0.323262
v -0.665568 0.000000 0.288775
v -0.670512 0.052310 0.191540
v -0.622475 0.449368 0.311603
v 0.000000 0.388329 -0.163096
v 0.000000 0.451260 0.311603
v -0.652567 0.102789 0.188488
v -0.652567 0.102789 0.291094
v -0.720808 0.036623 0.200330
v -0.720869 0.036623 0.279192
v -0.549167 0.120796 0.172618
v 0.000000 0.451260 0.311603
v -0.723799 0.406580 -0.152292
v -0.657938 0.449368 0.307636
v -0.702863 0.427822 0.063725
v 0.000000 0.388329 -0.163096
v -0.685894 0.449002 0.289996
v 0.622475 0.449368 0.311603
v 0.596045 0.388574 -0.163523
v 0.000000 0.590734 -0.226454
v 0.000000 0.388329 -0.163096
v -0.685894 0.449002 0.289996
v -0.657938 0.449368 0.307636
v 0.000000 0.451260 0.311603
v 0.000000 0.451260 0.311603
v 0.622475 0.449368 0.311603
v 0.723799 0.406580 -0.152292
v 0.000000 0.259659 0.320027
v 0.596045 0.388574 -0.163523
v -0.596045 0.388574 -0.163523
v 0.000000 0.388329 -0.163096
v 0.723799 0.406580 -0.152292
v 0.622475 0.259659 0.320027
v 0.000000 0.762925 -0.394006
v 0.000000 0.763230 -0.250687
v 0.000000 0.763230 -0.250687
v 0.000000 0.762925 -0.394006
v 0.052677 0.840566 -0.267411
v 0.042117 0.804309 -0.394006
v 0.039126 0.804615 -0.250687
v 0.031496 0.780870 -0.394006
v -0.750107 0.000000 -0.285418
v -0.670512 0.052310 -0.271623
v 0.000000 0.762925 -0.394006
v 0.000000 0.762925 -0.394006
v -0.671733 0.181835 -0.367881
v -0.733870 0.147409 -0.282732
v 0.029665 0.781176 -0.250687
v 0.052616 0.840383 -0.394006
v -0.505158 0.181835 -0.396325
v -0.711103 0.175914 -0.360984
v -0.711103 0.175914 -0.278704
v -0.750107 0.000000 -0.285418
v -0.750107 0.000000 -0.285418
v -0.750107 0.000000 -0.354026
v -0.755234 0.033022 -0.286272
v -0.734664 0.045962 -0.356772
v 0.727889 0.710737 0.320820
v 0.846060 0.593969 0.320820
v 0.775865 0.720747 0.320820
v 0.850027 0.652994 0.320820
v -0.665568 0.000000 -0.270585
v -0.720808 0.036623 -0.280413
v -0.665568 0.000000 -0.270585
v -0.750107 0.000000 -0.354026
v -0.720808 0.036623 -0.280413
v -0.720869 0.036623 -0.359275
v -0.665568 0.000000 -0.368858
v -0.652567 0.102789 -0.268571
v -0.549167 0.120796 -0.252701
v -0.720869 0.036623 -0.359275
v -0.670512 0.052371 -0.368064
v -0.671733 0.181835 -0.271867
v -0.711103 0.175914 -0.278704
v -0.330281 0.877800 -0.394555
v -0.028200 0.997375 -0.250687
v -0.783007 0.746200 -0.394738
v -0.778429 0.806568 -0.394983
v -0.820668 0.744674 -0.394983
v -0.652567 0.102789 -0.268571
v -0.652567 0.102789 -0.371177
v -0.733870 0.147409 -0.356955
v -0.670512 0.052371 -0.368064
v -0.670512 0.052310 -0.271623
v -0.733870 0.147409 -0.282732
v -0.671733 0.181835 -0.367881
v -0.505158 0.181835 -0.243545
v -0.088445 0.971434 -0.251175
v -0.098151 0.971373 -0.394006
v -0.111091 0.990539 -0.394006
v -0.098273 1.012513 -0.394006
v -0.670756 0.231154 -0.394738
v -0.053897 0.963743 -0.251175
v -0.050967 1.011903 -0.250687
v -0.098212 0.971129 -0.267411
v -0.059879 0.963438 -0.267411
v -0.035952 0.949216 -0.267411
v -0.088445 0.971434 -0.251175
v -0.799426 0.795276 -0.394983
v -0.726119 0.773912 -0.394738
v -0.032351 0.949521 -0.251175
v -0.330342 0.877556 -0.267961
v -0.732650 0.811024 -0.394983
v -0.775133 0.766038 -0.394738
v 0.843130 0.597937 0.335653
v 0.762376 0.710981 0.335653
v 0.703534 0.239578 0.319050
v 0.850272 0.632790 0.335653
v 0.411402 0.880303 -0.268022
v 0.411402 0.880486 -0.394555
v 0.411402 0.880486 -0.394555
v 0.672954 0.842092 -0.394006
v 0.704694 0.970152 -0.394006
v 0.559421 0.856192 -0.394128
v 0.733504 0.702680 0.335653
v 0.823170 0.570042 0.335653
v 0.665568 0.000000 0.190502
v 0.665568 0.000000 0.288775
v 0.713545 0.674785 0.335653
v 0.794360 0.554538 0.335653
v 0.720808 0.036623 0.200330
v 0.720869 0.036623 0.279192
v 0.549167 0.120796 0.307087
v 0.652567 0.102789 0.291094
v 0.652567 0.102789 0.188488
v 0.843130 0.597937 0.335653
v 0.794360 0.554538 0.335653
v 0.843130 0.597937 0.319416
v 0.750107 0.000000 0.274004
v 0.711103 0.175914 0.280901
v 0.665568 0.000000 0.288775
v 0.671733 0.181835 0.287798
v -0.691754 0.784044 -0.268205
v -0.707196 0.820485 -0.268510
v -0.707258 0.231520 -0.394983
v -0.708051 0.231276 -0.268449
v -0.708051 0.231276 -0.268449
v -0.671611 0.230910 -0.268205
v -0.821522 0.744674 -0.268449
v -0.411402 0.880486 -0.394555
v -0.411402 0.880486 -0.394555
v -0.411402 0.880303 -0.268022
v -0.411402 0.880303 -0.268022
v -0.775438 0.766831 -0.268205
v -0.775133 0.766038 -0.394738
v -0.783861 0.746261 -0.268205
v -0.783007 0.746200 -0.394738
v -0.775133 0.766038 -0.394738
v -0.671611 0.230910 -0.268205
v -0.783861 0.746261 -0.268205
v -0.783007 0.746200 -0.394738
v -0.670756 0.231154 -0.394738
v -0.672954 0.842092 -0.394006
v -0.691143 0.783312 -0.394738
v -0.726241 0.774767 -0.268205
v -0.671672 0.806385 -0.394738
v -0.726119 0.773912 -0.394738
v -0.775438 0.766831 -0.268205
v -0.783861 0.746261 -0.268205
v -0.799854 0.796008 -0.268449
v -0.705793 0.861137 -0.394006
v -0.706769 0.820424 -0.395044
v -0.671672 0.806385 -0.394738
v -0.691143 0.783312 -0.394738
v -0.706769 0.820424 -0.395044
v -0.672526 0.806629 -0.268205
v -0.691754 0.784044 -0.268205
v -0.817005 0.773607 -0.268449
v -0.672526 0.806629 -0.268205
v -0.775438 0.766831 -0.268205
v -0.732833 0.811878 -0.268449
v -0.726241 0.774767 -0.268205
v -0.778612 0.807361 -0.268449
v -0.732833 0.811878 -0.268449
v -0.732650 0.811024 -0.394983
v -0.707196 0.820485 -0.268510
v -0.706769 0.820424 -0.395044
v -0.778612 0.807361 -0.268449
v -0.778429 0.806568 -0.394983
v -0.299945 0.838369 -0.394555
v -0.299945 0.838491 -0.267961
v -0.502289 0.907770 -0.267961
v -0.471098 0.903131 -0.394555
v -0.471098 0.902887 -0.267961
v -0.820668 0.744674 -0.394983
v -0.821522 0.744674 -0.268449
v -0.299945 0.838491 -0.267961
v -0.341207 0.852042 -0.268022
v -0.341207 0.852042 -0.268022
v -0.299945 0.838369 -0.394555
v -0.417750 0.909846 -0.268022
v -0.417750 0.910029 -0.394555
v -0.341146 0.852225 -0.394555
v -0.341146 0.852225 -0.394555
v 0.702863 0.427822 0.063725
v 0.657938 0.449368 0.307636
v 0.685894 0.449002 0.289996
v -0.799854 0.796008 -0.268449
v -0.799426 0.795276 -0.394983
v -0.817005 0.773607 -0.268449
v -0.816273 0.773180 -0.394983
v -0.330342 0.877556 -0.267961
v -0.299945 0.838369 -0.394555
v -0.330281 0.877800 -0.394555
v -0.299945 0.838491 -0.267961
v -0.174998 0.902582 -0.267961
v -0.175060 0.902826 -0.394555
v -0.133065 0.919490 -0.394555
v -0.220350 0.884148 -0.267961
v -0.077825 0.845755 -0.268205
v -0.077702 0.845633 -0.395105
v -0.080266 0.861381 -0.268266
v -0.080205 0.861137 -0.395105
v -0.080266 0.861381 -0.268266
v -0.068791 0.866630 -0.267961
v -0.080266 0.861381 -0.268266
v -0.080205 0.861137 -0.395105
v -0.068791 0.866386 -0.394555
v -0.417750 0.910029 -0.394555
v -0.417750 0.909846 -0.268022
v -0.411402 0.880486 -0.394555
v -0.411402 0.880303 -0.268022
v -0.264909 0.875969 -0.394555
v -0.220411 0.884331 -0.394555
v -0.220411 0.884331 -0.394555
v -0.220350 0.884148 -0.267961
v -0.264909 0.875786 -0.267961
v -0.068791 0.866630 -0.267961
v -0.502289 0.908014 -0.394555
v -0.133065 0.919246 -0.267961
v -0.102667 0.925410 -0.394555
v -0.471098 0.902887 -0.267961
v -0.102728 0.925227 -0.267961
v -0.481414 0.980529 -0.267411
v -0.502289 0.907770 -0.267961
v -0.133065 0.919490 -0.394555
v -0.098212 0.971129 -0.267411
v -0.098151 0.971373 -0.394006
v -0.088445 1.012879 -0.250687
v -0.755234 0.033022 0.273088
v -0.755234 0.033022 0.206250
v -0.734664 0.045962 0.202588
v -0.734664 0.045962 0.276689
v -0.745895 0.907953 -0.267411
v -0.728682 0.881157 -0.394006
v -0.728560 0.881279 -0.267411
v -0.707258 0.231520 -0.394983
v -0.633339 0.995422 -0.267411
v -0.746078 0.907831 -0.394006
v -0.070561 0.915339 -0.267961
v -0.098212 0.971129 -0.267411
v -0.102728 0.925227 -0.267961
v -0.140939 0.963682 -0.267411
v -0.059879 0.963438 -0.267411
v -0.133065 0.919246 -0.267961
v -0.187389 0.945004 -0.267411
v -0.174998 0.902582 -0.267961
v -0.244522 0.925349 -0.267411
v -0.220350 0.884148 -0.267961
v -0.264909 0.875786 -0.267961
v -0.309894 0.923030 -0.267411
v -0.375328 0.945248 -0.267411
v -0.330342 0.877556 -0.267961
v -0.417750 0.909846 -0.268022
v -0.036929 0.847220 -0.267411
v -0.052677 0.840566 -0.267411
v -0.077825 0.845755 -0.268205
v -0.052066 0.865531 -0.267961
v -0.023256 0.863456 -0.267411
v -0.046084 0.879021 -0.267961
v -0.035952 0.949216 -0.267411
v 0.592627 0.765672 -0.297809
v -0.708051 0.231276 -0.268449
v -0.670756 0.231154 -0.394738
v -0.671611 0.230910 -0.268205
v 0.649759 0.858390 -0.341940
v 0.802661 0.755539 -0.336752
v -0.633339 0.995666 -0.394006
v -0.572606 0.997986 -0.267411
v -0.572606 0.998230 -0.394006
v -0.375328 0.945248 -0.267411
v -0.481414 0.980712 -0.394006
v -0.481414 0.980529 -0.267411
v -0.720869 0.036623 0.279192
v -0.750107 0.000000 0.274004
v -0.755234 0.033022 0.273088
v -0.734664 0.045962 0.276689
v -0.762376 0.710981 0.335653
v -0.680278 0.269609 0.336080
v -0.843130 0.597937 0.335653
v 0.000000 0.269609 0.336080
v -0.000671 0.760850 -0.273271
v 0.297687 0.911555 -0.337301
v 0.000000 0.969542 -0.326314
v -0.823170 0.570042 0.335653
v -0.733504 0.702680 0.335653
v -0.098212 0.971129 -0.267411
v -0.098151 0.971373 -0.394006
v -0.140939 0.963865 -0.394006
v -0.502289 0.908014 -0.394555
v -0.140939 0.963682 -0.267411
v -0.187450 0.945248 -0.394006
v -0.187389 0.945004 -0.267411
v -0.244583 0.925533 -0.394006
v -0.244522 0.925349 -0.267411
v -0.309833 0.923213 -0.394006
v -0.375267 0.945431 -0.394006
v -0.309894 0.923030 -0.267411
v -0.309833 0.923213 -0.394006
v -0.375267 0.945431 -0.394006
v -0.417750 0.910029 -0.394555
v -0.330281 0.877800 -0.394555
v -0.471098 0.903131 -0.394555
v -0.481414 0.980712 -0.394006
v -0.264909 0.875969 -0.394555
v -0.220411 0.884331 -0.394555
v -0.187450 0.945248 -0.394006
v -0.244583 0.925533 -0.394006
v -0.175060 0.902826 -0.394555
v -0.102667 0.925410 -0.394555
v -0.140939 0.963865 -0.394006
v -0.098151 0.971373 -0.394006
v -0.099982 0.990844 -0.250687
v -0.088445 1.012879 -0.250687
v -0.111091 0.990539 -0.394006
v -0.088445 0.971434 -0.251175
v -0.098273 1.012513 -0.394006
v -0.099982 0.990844 -0.250687
v -0.505158 0.181835 0.316242
v -0.671733 0.181835 0.287798
v -0.671733 0.181835 0.191784
v -0.505158 0.181835 0.163462
v -0.549167 0.120796 0.307087
v -0.549167 0.120796 0.172618
v -0.733870 0.147409 0.276872
v -0.733870 0.147409 0.202649
v -0.711103 0.175914 0.280901
v 0.000000 0.269609 0.319050
v -0.680278 0.269609 0.319050
v -0.711103 0.175914 0.198621
v -0.713545 0.674785 0.335653
v -0.794360 0.554538 0.335653
v -0.762376 0.554538 0.335653
v -0.680278 0.269609 0.336080
v -0.706464 0.632790 0.335653
v 0.000000 0.229506 0.339010
v -0.705243 0.235610 -0.413172
v -0.705243 0.235610 0.332601
v 0.000000 0.235610 0.332601
v -0.850272 0.632790 0.335653
v -0.843130 0.597937 0.335653
v -0.850272 0.632790 0.319416
v -0.823170 0.570042 0.319416
v -0.705243 0.235610 0.332601
v -0.711408 0.229506 0.339010
v -0.823170 0.570042 0.335653
v -0.843130 0.597937 0.319416
v 0.755234 0.033022 -0.286272
v 0.755234 0.033022 -0.353171
v 0.671733 0.181835 -0.271867
v 0.734664 0.045962 -0.282671
v 0.720869 0.036623 -0.359275
v -0.706464 0.632790 0.319416
v -0.706464 0.632790 0.335653
v -0.843130 0.667582 0.335653
v 0.720808 0.036623 -0.280413
v -0.823170 0.695477 0.319416
v -0.843130 0.667582 0.319416
v -0.694928 0.807361 -0.371422
v -0.673076 0.936947 -0.371422
v -0.795825 0.774705 -0.371422
v -0.705243 0.235610 -0.413172
v -0.711408 0.229506 0.339010
v 0.549167 0.120796 -0.252701
v 0.505158 0.181835 -0.396325
v 0.670512 0.052310 -0.271623
v 0.750107 0.000000 -0.354026
v 0.665568 0.000000 -0.270585
v 0.750107 0.000000 -0.285418
v 0.665568 0.000000 -0.270585
v 0.665568 0.000000 -0.368858
v -0.705243 0.235610 0.332601
v 0.000000 0.235610 0.332601
v -0.711408 0.229506 -0.419581
v 0.000000 0.235610 -0.413172
v 0.734664 0.045962 -0.356772
v 0.670512 0.052371 -0.368064
v 0.665568 0.000000 -0.368858
v 0.750107 0.000000 -0.285418
v 0.755234 0.033022 -0.353171
v 0.750107 0.000000 -0.354026
v -0.672954 0.842092 -0.394006
v -0.588232 0.888909 -0.394555
v -0.672893 0.842276 -0.267411
v -0.672893 0.842276 -0.267411
v -0.794360 0.710981 0.335653
v -0.850272 0.632790 0.335653
v 0.000000 0.235732 0.336080
v 0.720808 0.036623 -0.280413
v 0.720869 0.036623 -0.359275
v 0.549167 0.120796 -0.252701
v 0.652567 0.102789 -0.268571
v 0.505158 0.181835 -0.243545
v 0.720869 0.036623 -0.359275
v 0.733870 0.147409 -0.282732
v 0.671733 0.181835 -0.367881
v 0.505158 0.181835 -0.243545
v 0.053897 0.963743 -0.251175
v 0.088445 0.971434 -0.251175
v 0.098151 0.971373 -0.394006
v 0.098273 1.012513 -0.394006
v 0.053897 0.963743 -0.251175
v 0.111091 0.990539 -0.394006
v 0.502289 0.907770 -0.267961
v 0.471098 0.903131 -0.394555
v 0.264909 0.875786 -0.267961
v 0.471098 0.902887 -0.267961
v 0.220350 0.884148 -0.267961
v 0.244522 0.925349 -0.267411
v 0.174998 0.902582 -0.267961
v 0.264909 0.875786 -0.267961
v 0.309894 0.923030 -0.267411
v 0.330342 0.877556 -0.267961
v 0.070561 0.915339 -0.267961
v 0.059879 0.963438 -0.267411
v 0.050967 1.011903 -0.250687
v 0.330281 0.877800 -0.394555
v 0.088445 0.971434 -0.251175
v 0.059879 0.963438 -0.267411
v 0.705793 0.861137 -0.394006
v 0.733870 0.946591 -0.394006
v 0.733748 0.946469 -0.267411
v 0.705671 0.861320 -0.267411
v 0.743942 0.931820 -0.394006
v 0.746078 0.907831 -0.394006
v 0.299945 0.838369 -0.394555
v 0.299945 0.838491 -0.267961
v 0.068791 0.866630 -0.267961
v 0.077825 0.845755 -0.268205
v 0.098212 0.971129 -0.267411
v 0.670756 0.231154 -0.394738
v 0.820668 0.744674 -0.394983
v 0.707258 0.231520 -0.394983
v 0.783007 0.746200 -0.394738
v 0.775133 0.766038 -0.394738
v 0.816273 0.773180 -0.394983
v 0.775133 0.766038 -0.394738
v 0.783007 0.746200 -0.394738
v 0.133065 0.919246 -0.267961
v 0.187389 0.945004 -0.267411
v 0.375328 0.945248 -0.267411
v 0.417750 0.909846 -0.268022
v 0.821522 0.744674 -0.268449
v 0.708051 0.231276 -0.268449
v 0.816273 0.773180 -0.394983
v 0.820668 0.744674 -0.394983
v 0.799854 0.796008 -0.268449
v 0.817005 0.773607 -0.268449
v 0.728560 0.881279 -0.267411
v 0.299945 0.838491 -0.267961
v 0.299945 0.838369 -0.394555
v 0.502289 0.908014 -0.394555
v 0.743759 0.931759 -0.267411
v 0.745895 0.907953 -0.267411
v 0.548068 0.903498 -0.267961
v 0.548068 0.903681 -0.394555
v 0.220411 0.884331 -0.394555
v 0.264909 0.875969 -0.394555
v 0.481414 0.980529 -0.267411
v 0.471098 0.902887 -0.267961
v 0.572606 0.997986 -0.267411
v 0.052066 0.865531 -0.267961
v 0.051944 0.865348 -0.394555
v 0.046084 0.879021 -0.267961
v 0.045901 0.878960 -0.394555
v 0.102728 0.925227 -0.267961
v 0.502289 0.907770 -0.267961
v 0.548068 0.903498 -0.267961
v 0.244522 0.925349 -0.267411
v 0.309833 0.923213 -0.394006
v 0.309894 0.923030 -0.267411
v 0.375267 0.945431 -0.394006
v 0.098212 0.971129 -0.267411
v 0.140939 0.963865 -0.394006
v 0.000000 0.178478 -0.419581
v 0.000000 0.178478 -0.419581
v -0.711408 0.229506 -0.419581
v 0.375328 0.945248 -0.267411
v 0.481414 0.980712 -0.394006
v 0.572606 0.998230 -0.394006
v 0.481414 0.980529 -0.267411
v 0.098151 0.971373 -0.394006
v 0.548068 0.903681 -0.394555
v 0.502289 0.908014 -0.394555
v 0.572606 0.998230 -0.394006
v 0.220411 0.884331 -0.394555
v 0.175060 0.902826 -0.394555
v 0.187450 0.945248 -0.394006
v 0.102667 0.925410 -0.394555
v 0.670512 0.052310 0.191540
v 0.505158 0.181835 0.163462
v 0.671733 0.181835 0.191784
v 0.670512 0.052371 0.287981
v 0.823170 0.695477 0.335653
v 0.794360 0.710981 0.335653
v 0.843130 0.667582 0.335653
v 0.720869 0.036623 0.279192
v 0.471098 0.903131 -0.394555
v 0.417750 0.910029 -0.394555
v 0.330281 0.877800 -0.394555
v 0.481414 0.980712 -0.394006
v 0.375267 0.945431 -0.394006
v 0.264909 0.875969 -0.394555
v 0.244583 0.925533 -0.394006
v 0.309833 0.923213 -0.394006
v 0.850272 0.632790 0.319416
v 0.850272 0.632790 0.335653
v 0.140939 0.963865 -0.394006
v 0.133065 0.919490 -0.394555
v 0.098151 0.971373 -0.394006
v 0.098212 0.971129 -0.267411
v 0.098151 0.971373 -0.394006
v 0.098273 1.012513 -0.394006
v 0.099982 0.990844 -0.250687
v 0.111091 0.990539 -0.394006
v 0.088445 1.012879 -0.250687
v 0.088445 0.971434 -0.251175
v 0.088445 1.012879 -0.250687
v 0.099982 0.990844 -0.250687
v 0.505158 0.181835 0.316242
v 0.733870 0.147409 0.202649
v 0.711103 0.175914 0.198621
v 0.549167 0.120796 0.307087
v 0.000000 0.977110 -0.371422
v 0.310016 0.903436 -0.371422
v 0.711408 0.229506 -0.419581
v 0.000000 0.178478 -0.419581
v 0.711408 0.178478 -0.419581
v 0.000000 0.178478 -0.419581
v 0.000000 0.224562 -0.371422
v 0.711408 0.178478 -0.419581
v -0.705671 0.861320 -0.267411
v -0.705793 0.861137 -0.394006
v -0.548068 0.903681 -0.394555
v -0.572606 0.998230 -0.394006
v 0.572606 0.997986 -0.267411
v 0.733870 0.946591 -0.394006
v 0.000000 0.229506 -0.419581
v -0.711408 0.229506 0.339010
v 0.685894 0.434902 0.300128
v 0.595312 0.946835 -0.348227
v 0.000000 0.178478 0.339010
v 0.711408 0.229506 0.339010
v 0.705243 0.235610 0.332601
v 0.000000 0.229506 0.339010
v 0.674968 0.259720 0.296527
v 0.705243 0.235610 -0.413172
v -0.711408 0.178478 0.339010
v 0.000000 0.229506 0.339010
v 0.705243 0.235610 0.332601
v 0.705243 0.235610 -0.413172
v 0.733748 0.946469 -0.267411
v 0.743942 0.931820 -0.394006
v 0.711408 0.229506 0.339010
v 0.000000 0.178478 0.339010
v 0.711408 0.229506 0.339010
v 0.711408 0.178478 0.339010
v 0.750107 0.000000 0.205335
v 0.665568 0.000000 0.190502
v 0.755234 0.033022 0.273088
v 0.665568 0.000000 0.190502
v 0.665568 0.000000 0.288775
v 0.670512 0.052310 0.191540
v 0.711408 0.229506 0.339010
v 0.000000 0.229506 -0.419581
v 0.734664 0.045962 0.276689
v 0.750107 0.000000 0.274004
v 0.711408 0.229506 -0.419581
v 0.000000 0.229506 -0.419581
v 0.720869 0.036623 0.279192
v 0.720808 0.036623 0.200330
v 0.755234 0.033022 0.206250
v 0.734664 0.045962 0.202588
v 0.755234 0.033022 0.273088
v 0.734664 0.045962 0.276689
v 0.671733 0.181835 0.287798
v 0.795825 0.774705 -0.371422
v 0.823170 0.695477 0.335653
v 0.823170 0.695477 0.319416
v 0.505158 0.181835 0.163462
v 0.549167 0.120796 0.172618
v 0.671733 0.181835 0.191784
v 0.711103 0.175914 0.198621
v 0.711103 0.175914 0.280901
v 0.694928 0.807361 -0.371422
v 0.703290 0.224562 -0.371422
v 0.673076 0.936947 -0.371422
v 0.544162 0.224562 -0.371422
v 0.843130 0.667582 0.335653
v 0.843130 0.667582 0.319416
v 0.657938 0.259659 0.316120
v 0.000000 0.229506 0.339010
v 0.657938 0.435329 0.319355
v 0.685894 0.449002 0.289996
v 0.704572 0.969969 -0.267411
v 0.733504 0.702680 0.335653
v 0.713545 0.674785 0.335653
v 0.706464 0.632790 0.319416
v 0.000000 0.235732 0.336080
v 0.000000 0.269609 0.336080
v 0.706464 0.632790 0.335653
v 0.680278 0.269609 0.336080
v 0.823170 0.570042 0.319416
v 0.762376 0.554538 0.335653
v 0.823170 0.570042 0.335653
v 0.762376 0.554538 0.335653
v 0.703534 0.239578 0.336080
v 0.794360 0.554538 0.319416
v 0.762376 0.554538 0.319416
v 0.762376 0.554538 0.319416
v 0.000000 0.178478 0.339010
v 0.703534 0.239578 0.319050
v 0.680278 0.269609 0.336080
v 0.680278 0.269609 0.319050
v 0.703534 0.239578 0.336080
v 0.733504 0.702680 0.335653
v 0.733504 0.702680 0.319416
v 0.762376 0.710981 0.335653
v 0.794360 0.710981 0.335653
v 0.706464 0.632790 0.335653
v 0.713545 0.674785 0.319416
v 0.000000 0.235610 -0.413172
v 0.000000 0.235610 0.332601
v 0.705243 0.235610 0.332601
v 0.711408 0.229506 -0.419581
v 0.505158 0.181835 0.316242
v 0.762376 0.554538 0.335653
v 0.794360 0.710981 0.319416
v 0.762376 0.710981 0.319416
v 0.310016 0.224562 -0.371422
v 0.544162 0.928401 -0.371422
v 0.000000 0.235610 0.332601
v 0.657938 0.449368 0.307636
vt 0.509964 0.720013
vt 0.298310 0.550146
vt 0.295619 0.561424
vt 0.338373 0.515676
vt 0.298704 0.542798
vt 0.338373 0.515676
vt 0.601066 0.577268
vt 0.216522 0.412148
vt 0.172860 0.421097
vt 0.496539 0.985124
vt 0.350921 0.538535
vt 0.347837 0.525533
vt 0.009494 0.964019
vt 0.501135 0.984549
vt 0.495965 0.936323
vt 0.301788 0.530734
vt 0.345388 0.571734
vt 0.489585 0.650500
vt 0.353703 0.558763
vt 0.490129 0.642064
vt 0.350982 0.546487
vt 0.496025 0.644452
vt 0.500440 0.646962
vt 0.349228 0.562542
vt 0.495572 0.653009
vt 0.500440 0.646962
vt 0.500288 0.655761
vt 0.500288 0.655761
vt 0.507364 0.646115
vt 0.298704 0.542798
vt 0.301788 0.530734
vt 0.013788 0.662231
vt 0.295619 0.561424
vt 0.509964 0.720013
vt 0.503070 0.720890
vt 0.298310 0.550146
vt 0.518944 0.644845
vt 0.521635 0.718682
vt 0.514137 0.719559
vt 0.511536 0.645692
vt 0.350921 0.538535
vt 0.350982 0.546487
vt 0.353703 0.558763
vt 0.347837 0.525533
vt 0.349228 0.562542
vt 0.500440 0.646962
vt 0.507364 0.646115
vt 0.500288 0.655761
vt 0.345388 0.571734
vt 0.496025 0.644452
vt 0.490129 0.642064
vt 0.489585 0.650500
vt 0.495572 0.653009
vt 0.500440 0.646962
vt 0.398634 0.715266
vt 0.500288 0.655761
vt 0.303330 0.649532
vt 0.303330 0.649532
vt 0.300246 0.564871
vt 0.018686 0.898043
vt 0.300246 0.564871
vt 0.023524 0.923956
vt 0.297010 0.621382
vt 0.294833 0.649895
vt 0.023524 0.923956
vt 0.018686 0.898043
vt 0.297010 0.621382
vt 0.294833 0.649895
vt 0.302271 0.642306
vt 0.401869 0.641489
vt 0.302271 0.642306
vt 0.408038 0.716566
vt 0.406677 0.642154
vt 0.411122 0.642759
vt 0.403653 0.715961
vt 0.408038 0.716566
vt 0.311010 0.631844
vt 0.311010 0.631844
vt 0.411122 0.642759
vt 0.015118 0.931424
vt 0.006138 0.915520
vt 0.015118 0.931424
vt 0.006138 0.915520
vt 0.311010 0.565113
vt 0.305204 0.578326
vt 0.305930 0.601245
vt 0.311010 0.565113
vt 0.305930 0.601245
vt 0.305204 0.578326
vt 0.305567 0.670395
vt 0.305567 0.670395
vt 0.307502 0.654400
vt 0.311010 0.654400
vt 0.473106 0.985668
vt 0.478851 0.985517
vt 0.478367 0.936837
vt 0.472683 0.936988
vt 0.311010 0.684213
vt 0.307502 0.654400
vt 0.311010 0.654400
vt 0.311010 0.684213
vt 0.389442 0.713996
vt 0.401869 0.641489
vt 0.398634 0.715266
vt 0.398634 0.715266
vt 0.392617 0.640189
vt 0.401869 0.641489
vt 0.401869 0.641489
vt 0.398634 0.715266
vt 0.392617 0.640189
vt 0.389442 0.713996
vt 0.406677 0.642154
vt 0.411122 0.642759
vt 0.408038 0.716566
vt 0.403653 0.715961
vt 0.347202 0.654158
vt 0.408038 0.716566
vt 0.343181 0.659480
vt 0.411122 0.642759
vt 0.389442 0.713996
vt 0.392617 0.640189
vt 0.379918 0.712665
vt 0.383153 0.638889
vt 0.339553 0.691833
vt 0.339553 0.691833
vt 0.345177 0.676775
vt 0.345177 0.676775
vt 0.389442 0.713996
vt 0.392617 0.640189
vt 0.009494 0.964019
vt 0.496539 0.985124
vt 0.002540 0.940193
vt 0.501135 0.984549
vt 0.478851 0.985517
vt 0.482751 0.936685
vt 0.189369 0.952378
vt 0.483265 0.985366
vt 0.383153 0.638889
vt 0.379918 0.712665
vt 0.500591 0.935869
vt 0.416655 0.717866
vt 0.430624 0.645813
vt 0.419134 0.643969
vt 0.347202 0.654158
vt 0.339553 0.659873
vt 0.343181 0.659480
vt 0.339553 0.659873
vt 0.495965 0.936323
vt 0.429445 0.719952
vt 0.005110 0.957579
vt 0.486833 0.936564
vt 0.011671 0.950050
vt 0.487377 0.985245
vt 0.487377 0.985245
vt 0.472683 0.936988
vt 0.473106 0.985668
vt 0.478367 0.936837
vt 0.002540 0.940193
vt 0.011308 0.941614
vt 0.017960 0.965198
vt 0.020198 0.956913
vt 0.486833 0.936564
vt 0.017053 0.952136
vt 0.185953 0.963414
vt 0.317329 0.938681
vt 0.011308 0.941614
vt 0.005110 0.957579
vt 0.242525 0.670062
vt 0.317420 0.987391
vt 0.848398 0.818311
vt 0.646783 0.818311
vt 0.840295 0.839929
vt 0.197473 0.645390
vt 0.301485 0.938560
vt 0.196807 0.680615
vt 0.205969 0.643606
vt 0.190821 0.650742
vt 0.296768 0.987271
vt 0.641250 0.938197
vt 0.093793 0.576391
vt 0.173858 0.590874
vt 0.017870 0.601094
vt 0.194026 0.026424
vt 0.017870 0.503824
vt 0.193602 0.111146
vt 0.185832 0.107941
vt 0.177759 0.026424
vt 0.187223 0.026424
vt 0.172860 0.421097
vt 0.188734 0.552292
vt 0.174735 0.506122
vt 0.584799 0.614972
vt 0.216522 0.412148
vt 0.227951 0.506394
vt 0.601066 0.577268
vt 0.666648 0.597919
vt 0.248874 0.684757
vt 0.223355 0.649895
vt 0.234542 0.659510
vt 0.247332 0.703141
vt 0.317420 0.987391
vt 0.317329 0.938681
vt 0.236961 0.722522
vt 0.243160 0.845070
vt 0.242857 0.771475
vt 0.232335 0.845191
vt 0.232093 0.771596
vt 0.217096 0.845312
vt 0.216884 0.771747
vt 0.190307 0.975690
vt 0.201313 0.981858
vt 0.213286 0.885465
vt 0.298492 0.766365
vt 0.284130 0.769933
vt 0.284130 0.769933
vt 0.284583 0.843860
vt 0.298492 0.766365
vt 0.298764 0.848184
vt 0.189853 0.673993
vt 0.326551 0.938620
vt 0.326702 0.987301
vt 0.186467 0.662957
vt 0.190821 0.650742
vt 0.196807 0.680615
vt 0.214193 0.740513
vt 0.201736 0.644483
vt 0.192212 0.845553
vt 0.192000 0.771958
vt 0.298764 0.848184
vt 0.284583 0.843860
vt 0.189369 0.952378
vt 0.282406 0.938620
vt 0.291084 0.938590
vt 0.291144 0.987301
vt 0.282467 0.987331
vt 0.190307 0.975690
vt 0.197049 0.981042
vt 0.213286 0.885465
vt 0.222962 0.976204
vt 0.196233 0.945726
vt 0.519216 0.887975
vt 0.519156 0.919118
vt 0.298492 0.766365
vt 0.298492 0.766365
vt 0.298764 0.848184
vt 0.298764 0.848184
vt 0.849426 0.807456
vt 0.848398 0.818311
vt 0.644817 0.807456
vt 0.599765 0.814712
vt 0.607445 0.796510
vt 0.184350 0.690502
vt 0.194268 0.744534
vt 0.282406 0.938620
vt 0.282467 0.987331
vt 0.248451 0.941070
vt 0.242101 0.955825
vt 0.246818 0.922565
vt 0.236266 0.903153
vt 0.234149 0.966468
vt 0.312310 0.987422
vt 0.312189 0.938741
vt 0.222962 0.976204
vt 0.301606 0.987240
vt 0.431168 0.530492
vt 0.405256 0.542889
vt 0.383425 0.519547
vt 0.620266 0.670456
vt 0.691018 0.529494
vt 0.715238 0.529494
vt 0.717505 0.406766
vt 0.690051 0.565354
vt 0.700150 0.406221
vt 0.643699 0.839929
vt 0.840295 0.839929
vt 0.560791 0.519668
vt 0.848398 0.818311
vt 0.646783 0.818311
vt 0.658152 0.614700
vt 0.638407 0.567078
vt 0.644273 0.617210
vt 0.621838 0.734284
vt 0.629820 0.751851
vt 0.217096 0.845312
vt 0.214193 0.740513
vt 0.223355 0.649895
vt 0.307351 0.987271
vt 0.307260 0.938560
vt 0.307351 0.987271
vt 0.307260 0.938560
vt 0.852782 0.938197
vt 0.881839 0.943549
vt 0.866388 0.943549
vt 0.644243 0.873038
vt 0.301606 0.987240
vt 0.301485 0.938560
vt 0.524266 0.887793
vt 0.293956 0.987271
vt 0.524266 0.918906
vt 0.293896 0.938590
vt 0.205576 0.982705
vt 0.298492 0.766365
vt 0.284130 0.769933
vt 0.317329 0.938681
vt 0.286579 0.751065
vt 0.176942 0.106913
vt 0.625466 0.664922
vt 0.612979 0.662080
vt 0.644243 0.908384
vt 0.301636 0.741662
vt 0.294652 0.743174
vt 0.294894 0.871647
vt 0.298492 0.766365
vt 0.284130 0.769933
vt 0.317420 0.987391
vt 0.317420 0.987391
vt 0.236961 0.722522
vt 0.317329 0.938681
vt 0.284583 0.843860
vt 0.973001 0.873038
vt 0.298764 0.848184
vt 0.302181 0.873189
vt 0.973001 0.908384
vt 0.852782 0.972485
vt 0.850575 0.983945
vt 0.641250 0.972485
vt 0.640131 0.983945
vt 0.864393 0.033893
vt 0.864393 0.337041
vt 0.990750 0.033893
vt 0.990750 0.385358
vt 0.768967 0.033893
vt 0.704111 0.033893
vt 0.768967 0.362621
vt 0.590392 0.834457
vt 0.599765 0.814712
vt 0.588941 0.824539
vt 0.576030 0.835031
vt 0.576967 0.824600
vt 0.563270 0.826293
vt 0.566506 0.818220
vt 0.566506 0.818220
vt 0.559158 0.800139
vt 0.553958 0.804735
vt 0.699485 0.438574
vt 0.717596 0.439118
vt 0.720075 0.472862
vt 0.717203 0.422246
vt 0.700180 0.421702
vt 0.689960 0.647083
vt 0.307260 0.938560
vt 0.307351 0.987271
vt 0.312310 0.987422
vt 0.312189 0.938741
vt 0.186467 0.662957
vt 0.307260 0.938560
vt 0.307351 0.987271
vt 0.189853 0.673993
vt 0.544343 0.539019
vt 0.560791 0.519668
vt 0.550662 0.537930
vt 0.578116 0.719075
vt 0.566566 0.516886
vt 0.583226 0.707707
vt 0.583226 0.707707
vt 0.578116 0.719075
vt 0.590725 0.721585
vt 0.592872 0.712182
vt 0.643699 0.850905
vt 0.643699 0.839929
vt 0.840264 0.850905
vt 0.840295 0.839929
vt 0.296708 0.938590
vt 0.973001 0.908384
vt 0.640131 0.983945
vt 0.850575 0.983945
vt 0.848398 0.818311
vt 0.644817 0.807456
vt 0.438727 0.471320
vt 0.441660 0.502554
vt 0.544494 0.409003
vt 0.545068 0.034225
vt 0.652286 0.409517
vt 0.652830 0.034739
vt 0.544494 0.409003
vt 0.536693 0.408943
vt 0.545068 0.034225
vt 0.537297 0.034165
vt 0.406405 0.033379
vt 0.405528 0.408156
vt 0.420495 0.408277
vt 0.433557 0.408368
vt 0.507606 0.408791
vt 0.522542 0.408882
vt 0.523147 0.034104
vt 0.508210 0.034014
vt 0.507606 0.408791
vt 0.522542 0.408882
vt 0.544494 0.409003
vt 0.529617 0.413992
vt 0.544494 0.409003
vt 0.544463 0.414083
vt 0.659028 0.028631
vt 0.658454 0.414627
vt 0.652830 0.034739
vt 0.652286 0.409517
vt 0.434343 0.033590
vt 0.421311 0.033500
vt 0.652286 0.409517
vt 0.652467 0.414597
vt 0.447315 0.408459
vt 0.433557 0.408368
vt 0.426996 0.413387
vt 0.420495 0.408277
vt 0.425484 0.449943
vt 0.652467 0.414597
vt 0.476432 0.408640
vt 0.492004 0.408731
vt 0.379858 0.492546
vt 0.652286 0.409517
vt 0.405528 0.408156
vt 0.405498 0.413236
vt 0.447315 0.413538
vt 0.499805 0.413841
vt 0.468933 0.413659
vt 0.461465 0.408549
vt 0.263357 0.444258
vt 0.269647 0.448129
vt 0.447315 0.408459
vt 0.536693 0.408943
vt 0.544463 0.414083
vt 0.658454 0.414627
vt 0.270614 0.466361
vt 0.264597 0.465212
vt 0.448070 0.033681
vt 0.472078 0.533123
vt 0.656277 0.028631
vt 0.527924 0.531218
vt 0.461465 0.408549
vt 0.665227 0.416925
vt 0.666829 0.433766
vt 0.677654 0.526622
vt 0.646057 0.505547
vt 0.620266 0.670456
vt 0.676263 0.417076
vt 0.645694 0.028571
vt 0.545068 0.028087
vt 0.659028 0.028631
vt 0.462191 0.033772
vt 0.545068 0.034225
vt 0.508210 0.034014
vt 0.508240 0.027906
vt 0.652830 0.034739
vt 0.523147 0.034104
vt 0.537297 0.034165
vt 0.545068 0.028087
vt 0.545068 0.034225
vt 0.530222 0.028027
vt 0.247332 0.026001
vt 0.388142 0.033258
vt 0.248693 0.032139
vt 0.397274 0.027180
vt 0.421311 0.033500
vt 0.421342 0.027362
vt 0.406405 0.033379
vt 0.434343 0.033590
vt 0.448070 0.033681
vt 0.492669 0.033953
vt 0.441207 0.027513
vt 0.462191 0.033772
vt 0.477097 0.033862
vt 0.484898 0.027785
vt 0.462191 0.027634
vt 0.531946 0.503280
vt 0.648234 0.458711
vt 0.646783 0.479635
vt 0.493394 0.455537
vt 0.642036 0.462340
vt 0.476432 0.408640
vt 0.477097 0.033862
vt 0.640796 0.480602
vt 0.387235 0.408035
vt 0.247604 0.406917
vt 0.492669 0.033953
vt 0.492004 0.408731
vt 0.388142 0.033258
vt 0.248693 0.032139
vt 0.398211 0.541226
vt 0.419104 0.541256
vt 0.436399 0.523024
vt 0.441237 0.491608
vt 0.544463 0.414083
vt 0.536693 0.408943
vt 0.544494 0.409003
vt 0.522542 0.408882
vt 0.544494 0.409003
vt 0.544463 0.414083
vt 0.652286 0.409517
vt 0.657003 0.414234
vt 0.461465 0.408549
vt 0.461465 0.413629
vt 0.383425 0.519547
vt 0.436611 0.461947
vt 0.507575 0.413871
vt 0.507606 0.408791
vt 0.405528 0.408156
vt 0.420465 0.413357
vt 0.405498 0.413236
vt 0.420495 0.408277
vt 0.440421 0.413478
vt 0.447315 0.408459
vt 0.433557 0.408368
vt 0.420495 0.408277
vt 0.523147 0.034104
vt 0.522542 0.408882
vt 0.508210 0.034014
vt 0.507606 0.408791
vt 0.425484 0.449943
vt 0.266351 0.446103
vt 0.379858 0.492546
vt 0.267590 0.466210
vt 0.529617 0.413992
vt 0.545068 0.034225
vt 0.544494 0.409003
vt 0.652830 0.034739
vt 0.545068 0.034225
vt 0.421311 0.033500
vt 0.434343 0.033590
vt 0.652286 0.409517
vt 0.433557 0.408368
vt 0.652830 0.034739
vt 0.544494 0.409003
vt 0.652286 0.409517
vt 0.657003 0.414234
vt 0.448070 0.033681
vt 0.492004 0.408731
vt 0.492669 0.033953
vt 0.484203 0.413750
vt 0.492004 0.408731
vt 0.476432 0.408640
vt 0.406405 0.033379
vt 0.405528 0.408156
vt 0.537297 0.034165
vt 0.536693 0.408943
vt 0.447315 0.408459
vt 0.462191 0.033772
vt 0.476432 0.408640
vt 0.477097 0.033862
vt 0.714905 0.547576
vt 0.716205 0.565354
vt 0.691321 0.547606
vt 0.690051 0.565354
vt 0.638407 0.567078
vt 0.666648 0.597919
vt 0.643638 0.755661
vt 0.703052 0.758957
vt 0.689174 0.576088
vt 0.716991 0.576088
vt 0.696370 0.472106
vt 0.688539 0.670123
vt 0.721436 0.498623
vt 0.720075 0.472862
vt 0.526322 0.845342
vt 0.337587 0.845281
vt 0.463007 0.639222
vt 0.455388 0.641278
vt 0.634688 0.562542
vt 0.666648 0.597919
vt 0.687934 0.719801
vt 0.658152 0.614700
vt 0.676263 0.417076
vt 0.621838 0.734284
vt 0.629820 0.751851
vt 0.674509 0.433887
vt 0.644273 0.617210
vt 0.253621 0.844918
vt 0.242857 0.771475
vt 0.243160 0.845070
vt 0.234996 0.771565
vt 0.263660 0.844798
vt 0.253319 0.771354
vt 0.263297 0.771203
vt 0.526322 0.845342
vt 0.526261 0.767121
vt 0.015662 0.676352
vt 0.009313 0.668309
vt 0.538991 0.767121
vt 0.539051 0.845251
vt 0.015088 0.684757
vt 0.006410 0.679526
vt 0.017144 0.725727
vt 0.504461 0.887763
vt 0.504280 0.918906
vt 0.504461 0.887763
vt 0.510055 0.887854
vt 0.515044 0.887945
vt 0.509903 0.918997
vt 0.514923 0.919058
vt 0.526261 0.767121
vt 0.528983 0.745139
vt 0.343030 0.744171
vt 0.344935 0.768572
vt 0.337345 0.769177
vt 0.330210 0.769147
vt 0.326672 0.746530
vt 0.320081 0.768995
vt 0.311856 0.743899
vt 0.308802 0.768179
vt 0.526322 0.845342
vt 0.719985 0.695159
vt 0.403230 0.937865
vt 0.688539 0.670123
vt 0.717566 0.670123
vt 0.461465 0.408549
vt 0.490099 0.552897
vt 0.472078 0.533123
vt 0.467270 0.500286
vt 0.383002 0.938106
vt 0.383153 0.986817
vt 0.363984 0.986998
vt 0.363832 0.938318
vt 0.116047 0.963444
vt 0.357392 0.987059
vt 0.357271 0.938348
vt 0.363832 0.938318
vt 0.363984 0.986998
vt 0.140719 0.678922
vt 0.492971 0.985245
vt 0.492397 0.936474
vt 0.489675 0.936443
vt 0.486833 0.936564
vt 0.490280 0.985124
vt 0.017960 0.965198
vt 0.487377 0.985245
vt 0.017053 0.952136
vt 0.011671 0.950050
vt 0.492397 0.936474
vt 0.492971 0.985245
vt 0.496539 0.985124
vt 0.242101 0.955825
vt 0.495965 0.936323
vt 0.024340 0.670062
vt 0.458139 0.937381
vt 0.458532 0.986061
vt 0.465789 0.985880
vt 0.444321 0.937713
vt 0.444684 0.986424
vt 0.432529 0.938016
vt 0.432892 0.986696
vt 0.417774 0.937592
vt 0.666829 0.433766
vt 0.643820 0.674114
vt 0.645150 0.643969
vt 0.612979 0.662080
vt 0.472471 0.469203
vt 0.527924 0.531218
vt 0.545068 0.028087
vt 0.512080 0.553562
vt 0.320534 0.845856
vt 0.392678 0.986696
vt 0.308802 0.768179
vt 0.309226 0.847065
vt 0.117710 0.662292
vt 0.403230 0.937865
vt 0.545068 0.034225
vt 0.247332 0.026001
vt 0.388142 0.033258
vt 0.248693 0.032139
vt 0.060654 0.847005
vt 0.040275 0.773742
vt 0.040668 0.847337
vt 0.023796 0.774045
vt 0.051764 0.727300
vt 0.320081 0.768995
vt 0.330572 0.845432
vt 0.020198 0.956913
vt 0.038158 0.706376
vt 0.406405 0.033379
vt 0.508210 0.034014
vt 0.397274 0.027180
vt 0.493394 0.455537
vt 0.403502 0.986545
vt 0.038098 0.733196
vt 0.508240 0.027906
vt 0.531946 0.503280
vt 0.537297 0.034165
vt 0.530222 0.028027
vt 0.421311 0.033500
vt 0.523147 0.034104
vt 0.392496 0.938016
vt 0.421342 0.027362
vt 0.448070 0.033681
vt 0.434343 0.033590
vt 0.441207 0.027513
vt 0.492669 0.033953
vt 0.462191 0.033772
vt 0.477097 0.033862
vt 0.462191 0.027634
vt 0.484898 0.027785
vt 0.545068 0.034225
vt 0.656186 0.029085
vt 0.652830 0.034739
vt 0.642036 0.462340
vt 0.545068 0.028087
vt 0.645271 0.479877
vt 0.648234 0.458711
vt 0.330572 0.845432
vt 0.387235 0.408035
vt 0.388142 0.033258
vt 0.247604 0.406917
vt 0.429445 0.719952
vt 0.248693 0.032139
vt 0.416655 0.717866
vt 0.339008 0.594653
vt 0.430624 0.645813
vt 0.343453 0.589060
vt 0.419134 0.643969
vt 0.499986 0.887733
vt 0.499986 0.887733
vt 0.427056 0.888035
vt 0.427117 0.919179
vt 0.309226 0.847065
vt 0.499986 0.918876
vt 0.312552 0.870468
vt 0.320534 0.845856
vt 0.344663 0.608320
vt 0.344663 0.608320
vt 0.339008 0.594653
vt 0.343453 0.589060
vt 0.480756 0.639796
vt 0.480756 0.639796
vt 0.480393 0.648202
vt 0.480393 0.648202
vt 0.470415 0.638617
vt 0.470415 0.638617
vt 0.470294 0.647083
vt 0.470294 0.647083
vt 0.018505 0.695098
vt 0.010734 0.716354
vt 0.010734 0.716354
vt 0.006833 0.697789
vt 0.348200 0.646297
vt 0.018505 0.695098
vt 0.006833 0.697789
vt 0.462826 0.647809
vt 0.349319 0.619538
vt 0.463007 0.639222
vt 0.601066 0.572944
vt 0.584799 0.614972
vt 0.715238 0.529494
vt 0.615005 0.645632
vt 0.691018 0.529494
vt 0.625466 0.664922
vt 0.612979 0.662080
vt 0.620266 0.670456
vt 0.665227 0.416925
vt 0.881839 0.943549
vt 0.973001 0.873038
vt 0.644243 0.873038
vt 0.650955 0.706134
vt 0.689960 0.647083
vt 0.717203 0.422246
vt 0.716175 0.647083
vt 0.615005 0.645632
vt 0.642368 0.505547
vt 0.715238 0.529494
vt 0.620266 0.670456
vt 0.691018 0.529494
vt 0.625466 0.664922
vt 0.689174 0.576088
vt 0.642792 0.535814
vt 0.716991 0.576088
vt 0.634688 0.562542
vt 0.650955 0.706134
vt 0.666648 0.597919
vt 0.703052 0.758957
vt 0.643638 0.755661
vt 0.717203 0.422246
vt 0.700150 0.406221
vt 0.017870 0.422609
vt 0.177063 0.114412
vt 0.203671 0.327244
vt 0.170835 0.328544
vt 0.018474 0.106157
vt 0.176942 0.106913
vt 0.018474 0.026424
vt 0.018474 0.106157
vt 0.717505 0.406766
vt 0.700180 0.421702
vt 0.177063 0.114412
vt 0.017870 0.330419
vt 0.018474 0.114774
vt 0.699485 0.438574
vt 0.717596 0.439118
vt 0.716991 0.576088
vt 0.689174 0.576088
vt 0.687934 0.719801
vt 0.018474 0.114774
vt 0.203671 0.327244
vt 0.186255 0.115561
vt 0.198077 0.227858
vt 0.017870 0.330419
vt 0.193784 0.118947
vt 0.177063 0.114412
vt 0.170835 0.328544
vt 0.017870 0.422609
vt 0.017870 0.330419
vt 0.193784 0.118947
vt 0.186255 0.115561
vt 0.018474 0.114774
vt 0.018474 0.114774
vt 0.177063 0.114412
vt 0.203671 0.327244
vt 0.018474 0.026424
vt 0.170835 0.328544
vt 0.170835 0.328544
vt 0.017870 0.330419
vt 0.203671 0.327244
vt 0.177759 0.026424
vt 0.532218 0.717291
vt 0.529073 0.643515
vt 0.529073 0.643515
vt 0.311040 0.521451
vt 0.500591 0.935869
vt 0.514137 0.719559
vt 0.511536 0.645692
vt 0.521635 0.718682
vt 0.674509 0.433887
vt 0.643820 0.674114
vt 0.311040 0.521451
vt 0.532218 0.717291
vt 0.644273 0.617210
vt 0.621838 0.734284
vt 0.518944 0.644845
vt 0.503070 0.720890
vt 0.584799 0.614972
vt 0.658152 0.614700
vt 0.629820 0.751851
vt 0.715238 0.529494
vt 0.615005 0.645632
vt 0.691018 0.529494
vt 0.612979 0.662080
vt 0.670125 0.534302
vt 0.472471 0.469203
vt 0.512080 0.553562
vt 0.467270 0.500286
vt 0.490099 0.552897
vt 0.700150 0.406221
vt 0.716991 0.576088
vt 0.645150 0.643969
vt 0.676112 0.509992
vt 0.625466 0.664922
vt 0.689174 0.576088
vt 0.717505 0.406766
vt 0.650955 0.706134
vt 0.687934 0.719801
vt 0.665106 0.528315
vt 0.646480 0.535814
vt 0.719985 0.695159
vt 0.717566 0.670123
vt 0.403502 0.986545
vt 0.348200 0.646297
vt 0.343302 0.869380
vt 0.320534 0.845856
vt 0.345056 0.845795
vt 0.699485 0.438574
vt 0.717596 0.439118
vt 0.689960 0.647083
vt 0.717203 0.422246
vt 0.700180 0.421702
vt 0.716175 0.647083
vt 0.686120 0.695128
vt 0.694496 0.497807
vt 0.445228 0.646085
vt 0.282255 0.629244
vt 0.278506 0.639191
vt 0.282316 0.650500
vt 0.529073 0.867324
vt 0.356213 0.627339
vt 0.355457 0.654279
vt 0.443989 0.655579
vt 0.454904 0.650167
vt 0.462826 0.647809
vt 0.445228 0.646085
vt 0.330572 0.845432
vt 0.312552 0.870468
vt 0.349319 0.619538
vt 0.403230 0.937865
vt 0.309226 0.847065
vt 0.327307 0.867324
vt 0.608050 0.750279
vt 0.576967 0.824600
vt 0.849426 0.807456
vt 0.610409 0.773470
vt 0.357271 0.938348
vt 0.139238 0.947298
vt 0.357392 0.987059
vt 0.286881 0.862939
vt 0.236266 0.903153
vt 0.185953 0.963414
vt 0.566506 0.818220
vt 0.600975 0.731714
vt 0.700150 0.406221
vt 0.717505 0.406766
vt 0.559158 0.800139
vt 0.590725 0.721585
vt 0.716991 0.576088
vt 0.689174 0.576088
vt 0.720075 0.472862
vt 0.717596 0.439118
vt 0.699485 0.438574
vt 0.608050 0.750279
vt 0.590725 0.721585
vt 0.613493 0.746409
vt 0.666829 0.433766
vt 0.658152 0.614700
vt 0.665227 0.416925
vt 0.644273 0.617210
vt 0.301636 0.741662
vt 0.298492 0.766365
vt 0.526322 0.845342
vt 0.526261 0.767121
vt 0.526261 0.767121
vt 0.528983 0.745139
vt 0.344935 0.768572
vt 0.139238 0.947298
vt 0.357392 0.987059
vt 0.357271 0.938348
vt 0.140719 0.678922
vt 0.504461 0.887763
vt 0.504280 0.918906
vt 0.499986 0.887733
vt 0.499986 0.918876
vt 0.504280 0.918906
vt 0.427056 0.888035
vt 0.499986 0.887733
vt 0.499986 0.918876
vt 0.427117 0.919179
vt 0.286881 0.862939
vt 0.514923 0.919058
vt 0.510055 0.887854
vt 0.519156 0.919118
vt 0.509903 0.918997
vt 0.504461 0.887763
vt 0.343030 0.744171
vt 0.330210 0.769147
vt 0.284583 0.843860
vt 0.298764 0.848184
vt 0.294894 0.871647
vt 0.302181 0.873189
vt 0.298764 0.848184
vt 0.519216 0.887975
vt 0.515044 0.887945
vt 0.337345 0.769177
vt 0.294652 0.743174
vt 0.326672 0.746530
vt 0.308802 0.768179
vt 0.311856 0.743899
vt 0.320081 0.768995
vt 0.308802 0.768179
vt 0.309226 0.847065
vt 0.298492 0.766365
vt 0.298764 0.848184
vt 0.320081 0.768995
vt 0.320534 0.845856
vt 0.392678 0.986696
vt 0.104224 0.654037
vt 0.336499 0.938530
vt 0.345963 0.987119
vt 0.345812 0.938439
vt 0.345056 0.845795
vt 0.344935 0.768572
vt 0.392496 0.938016
vt 0.117710 0.662292
vt 0.383002 0.938106
vt 0.102652 0.972001
vt 0.363832 0.938318
vt 0.363984 0.986998
vt 0.116047 0.963444
vt 0.383153 0.986817
vt 0.198077 0.227858
vt 0.186255 0.115561
vt 0.193784 0.118947
vt 0.330210 0.769147
vt 0.330572 0.845432
vt 0.337345 0.769177
vt 0.337587 0.845281
vt 0.403230 0.937865
vt 0.392678 0.986696
vt 0.403502 0.986545
vt 0.392496 0.938016
vt 0.444321 0.937713
vt 0.444684 0.986424
vt 0.458532 0.986061
vt 0.432529 0.938016
vt 0.495965 0.936323
vt 0.496539 0.985124
vt 0.492397 0.936474
vt 0.492971 0.985245
vt 0.024340 0.670062
vt 0.489675 0.936443
vt 0.492397 0.936474
vt 0.492971 0.985245
vt 0.490280 0.985124
vt 0.363984 0.986998
vt 0.363832 0.938318
vt 0.357392 0.987059
vt 0.357271 0.938348
vt 0.410940 0.986394
vt 0.418076 0.986273
vt 0.432892 0.986696
vt 0.417774 0.937592
vt 0.410668 0.937713
vt 0.021105 0.674628
vt 0.336620 0.987210
vt 0.458139 0.937381
vt 0.465789 0.985880
vt 0.160071 0.692044
vt 0.465366 0.937199
vt 0.163850 0.737066
vt 0.169867 0.694342
vt 0.046110 0.925256
vt 0.443989 0.655579
vt 0.444019 0.720738
vt 0.430624 0.645813
vt 0.691321 0.547606
vt 0.714905 0.547576
vt 0.716205 0.565354
vt 0.690051 0.565354
vt 0.242857 0.771475
vt 0.253621 0.844918
vt 0.253319 0.771354
vt 0.526322 0.845342
vt 0.192000 0.771958
vt 0.243160 0.845070
vt 0.026517 0.702899
vt 0.038098 0.733196
vt 0.038158 0.706376
vt 0.051764 0.727300
vt 0.025489 0.731412
vt 0.048469 0.701720
vt 0.066762 0.715901
vt 0.062468 0.691349
vt 0.085568 0.704532
vt 0.077586 0.680524
vt 0.092372 0.675777
vt 0.107127 0.703473
vt 0.128685 0.716808
vt 0.113991 0.677077
vt 0.142685 0.696217
vt 0.009313 0.668309
vt 0.013788 0.662231
vt 0.022314 0.661536
vt 0.015662 0.676352
vt 0.006410 0.679526
vt 0.015088 0.684757
vt 0.017144 0.725727
vt 0.174735 0.506122
vt 0.526261 0.767121
vt 0.539051 0.845251
vt 0.538991 0.767121
vt 0.188734 0.552292
vt 0.227951 0.506394
vt 0.192212 0.845553
vt 0.172014 0.772140
vt 0.172225 0.845735
vt 0.104617 0.772805
vt 0.141687 0.846007
vt 0.141445 0.772442
vt 0.665106 0.528315
vt 0.676505 0.509992
vt 0.677654 0.526622
vt 0.670125 0.534302
vt 0.576967 0.824600
vt 0.840295 0.839929
vt 0.608050 0.750279
vt 0.643699 0.839929
vt 0.017870 0.503824
vt 0.093793 0.576028
vt 0.017870 0.601094
vt 0.600975 0.731714
vt 0.566506 0.818220
vt 0.009494 0.774287
vt 0.009887 0.847882
vt 0.024189 0.847609
vt 0.168809 0.932241
vt 0.023796 0.774045
vt 0.040668 0.847337
vt 0.040275 0.773742
vt 0.060654 0.847005
vt 0.060291 0.773410
vt 0.082182 0.846672
vt 0.104889 0.846400
vt 0.081880 0.773077
vt 0.105555 0.922172
vt 0.127355 0.909201
vt 0.141264 0.930033
vt 0.112358 0.948629
vt 0.158740 0.934508
vt 0.162731 0.889547
vt 0.090678 0.949868
vt 0.075802 0.945424
vt 0.064433 0.910471
vt 0.083664 0.921235
vt 0.060442 0.935174
vt 0.035558 0.920690
vt 0.049225 0.899616
vt 0.035497 0.893871
vt 0.370938 0.642124
vt 0.367370 0.654521
vt 0.437427 0.720859
vt 0.367158 0.631390
vt 0.429445 0.719952
vt 0.438486 0.646629
vt 0.721436 0.498623
vt 0.686120 0.695128
vt 0.719985 0.695159
vt 0.694496 0.497807
vt 0.720075 0.472862
vt 0.696370 0.472106
vt 0.689960 0.647083
vt 0.716175 0.647083
vt 0.688539 0.670123
vt 0.643699 0.850905
vt 0.840264 0.850905
vt 0.717566 0.670123
vt 0.559158 0.800139
vt 0.590725 0.721585
vt 0.578116 0.719075
vt 0.550662 0.537930
vt 0.556225 0.772200
vt 0.641250 0.972485
vt 0.890003 0.772079
vt 0.850575 0.983945
vt 0.640131 0.983945
vt 0.610409 0.773470
vt 0.608050 0.750279
vt 0.616274 0.773712
vt 0.605057 0.724336
vt 0.647025 0.919239
vt 0.852782 0.972485
vt 0.600975 0.731714
vt 0.613493 0.746409
vt 0.714905 0.547576
vt 0.691321 0.547606
vt 0.643638 0.755661
vt 0.716205 0.565354
vt 0.665106 0.528315
vt 0.550118 0.774015
vt 0.556225 0.772200
vt 0.607445 0.796510
vt 0.716991 0.576088
vt 0.603515 0.822544
vt 0.612737 0.800864
vt 0.699878 0.302904
vt 0.718170 0.369001
vt 0.672635 0.290840
vt 0.970220 0.919239
vt 0.644243 0.908384
vt 0.696370 0.472106
vt 0.721436 0.498623
vt 0.643820 0.674114
vt 0.666829 0.433766
vt 0.676263 0.417076
vt 0.674509 0.433887
vt 0.645150 0.643969
vt 0.646057 0.505547
vt 0.890638 0.438876
vt 0.749132 0.438030
vt 0.973001 0.908384
vt 0.748497 0.771203
vt 0.670125 0.534302
vt 0.646480 0.535814
vt 0.665227 0.416925
vt 0.615005 0.645632
vt 0.677654 0.526622
vt 0.676112 0.509992
vt 0.524266 0.918906
vt 0.196233 0.945726
vt 0.286579 0.751065
vt 0.524266 0.887793
vt 0.588941 0.824539
vt 0.610409 0.773470
vt 0.646783 0.818311
vt 0.716991 0.576088
vt 0.689174 0.576088
vt 0.687934 0.719801
vt 0.650955 0.706134
vt 0.703052 0.758957
vt 0.689174 0.576088
vt 0.716175 0.647083
vt 0.686120 0.695128
vt 0.694496 0.497807
vt 0.455388 0.641278
vt 0.445228 0.646085
vt 0.282255 0.629244
vt 0.282316 0.650500
vt 0.356213 0.627339
vt 0.278506 0.639191
vt 0.336499 0.938530
vt 0.345963 0.987119
vt 0.410668 0.937713
vt 0.345812 0.938439
vt 0.077586 0.680524
vt 0.085568 0.704532
vt 0.062468 0.691349
vt 0.092372 0.675777
vt 0.107127 0.703473
vt 0.113991 0.677077
vt 0.026517 0.702899
vt 0.025489 0.731412
vt 0.355457 0.654279
vt 0.403502 0.986545
vt 0.445228 0.646085
vt 0.454904 0.650167
vt 0.234149 0.966468
vt 0.245337 0.918030
vt 0.245881 0.707616
vt 0.234542 0.659510
vt 0.248300 0.927070
vt 0.248451 0.941070
vt 0.392678 0.986696
vt 0.392496 0.938016
vt 0.021105 0.674628
vt 0.022314 0.661536
vt 0.443989 0.655579
vt 0.529073 0.867324
vt 0.345056 0.845795
vt 0.526322 0.845342
vt 0.343302 0.869380
vt 0.327307 0.867324
vt 0.337587 0.845281
vt 0.504280 0.918906
vt 0.499986 0.918876
vt 0.048469 0.701720
vt 0.066762 0.715901
vt 0.128685 0.716808
vt 0.142685 0.696217
vt 0.344935 0.768572
vt 0.526261 0.767121
vt 0.337587 0.845281
vt 0.345056 0.845795
vt 0.330210 0.769147
vt 0.337345 0.769177
vt 0.242525 0.670062
vt 0.104224 0.654037
vt 0.102652 0.972001
vt 0.336620 0.987210
vt 0.248784 0.698666
vt 0.248874 0.684757
vt 0.326551 0.938620
vt 0.326702 0.987301
vt 0.418076 0.986273
vt 0.410940 0.986394
vt 0.163850 0.737066
vt 0.160071 0.692044
vt 0.194268 0.744534
vt 0.486833 0.936564
vt 0.487377 0.985245
vt 0.482751 0.936685
vt 0.483265 0.985366
vt 0.465366 0.937199
vt 0.169867 0.694342
vt 0.184350 0.690502
vt 0.060291 0.773410
vt 0.082182 0.846672
vt 0.081880 0.773077
vt 0.104889 0.846400
vt 0.009494 0.774287
vt 0.024189 0.847609
vt 0.866388 0.964442
vt 0.641250 0.938197
vt 0.852782 0.972485
vt 0.104617 0.772805
vt 0.141687 0.846007
vt 0.172225 0.845735
vt 0.141445 0.772442
vt 0.009887 0.847882
vt 0.183534 0.935929
vt 0.168809 0.932241
vt 0.193209 0.881746
vt 0.075802 0.945424
vt 0.060442 0.935174
vt 0.064433 0.910471
vt 0.035558 0.920690
vt 0.700180 0.421702
vt 0.703052 0.758957
vt 0.643638 0.755661
vt 0.642792 0.535814
vt 0.599765 0.814712
vt 0.588941 0.824539
vt 0.607445 0.796510
vt 0.665106 0.528315
vt 0.158740 0.934508
vt 0.141264 0.930033
vt 0.112358 0.948629
vt 0.162731 0.889547
vt 0.127355 0.909201
vt 0.090678 0.949868
vt 0.083664 0.921235
vt 0.105555 0.922172
vt 0.616274 0.773712
vt 0.610409 0.773470
vt 0.049225 0.899616
vt 0.046110 0.925256
vt 0.035497 0.893871
vt 0.443989 0.655579
vt 0.444019 0.720738
vt 0.429445 0.719952
vt 0.438486 0.646629
vt 0.437427 0.720859
vt 0.430624 0.645813
vt 0.367158 0.631390
vt 0.367370 0.654521
vt 0.370938 0.642124
vt 0.584799 0.614972
vt 0.621838 0.734284
vt 0.629820 0.751851
vt 0.601066 0.572944
vt 0.990750 0.385358
vt 0.864393 0.337041
vt 0.852782 0.972485
vt 0.866388 0.964442
vt 0.852782 0.938197
vt 0.641250 0.938197
vt 0.990750 0.033893
vt 0.866388 0.943549
vt 0.263297 0.771203
vt 0.263660 0.844798
vt 0.183534 0.935929
vt 0.193209 0.881746
vt 0.172014 0.772140
vt 0.229402 0.845191
vt 0.641250 0.972485
vt 0.852782 0.972485
vt 0.193602 0.111146
vt 0.173858 0.590874
vt 0.641250 0.938197
vt 0.644243 0.908384
vt 0.850575 0.983945
vt 0.641250 0.972485
vt 0.194026 0.026424
vt 0.890003 0.772079
vt 0.852782 0.938197
vt 0.641250 0.972485
vt 0.647025 0.919239
vt 0.970220 0.919239
vt 0.229190 0.771626
vt 0.235268 0.845160
vt 0.852782 0.972485
vt 0.881839 0.964442
vt 0.852782 0.972485
vt 0.852782 0.938197
vt 0.674509 0.433887
vt 0.676263 0.417076
vt 0.677654 0.526622
vt 0.645150 0.643969
vt 0.642368 0.505547
vt 0.643820 0.674114
vt 0.644243 0.908384
vt 0.641250 0.972485
vt 0.670125 0.534302
vt 0.676505 0.509992
vt 0.852782 0.972485
vt 0.641250 0.972485
vt 0.689174 0.576088
vt 0.716991 0.576088
vt 0.714905 0.547576
vt 0.716205 0.565354
vt 0.691321 0.547606
vt 0.690051 0.565354
vt 0.686120 0.695128
vt 0.672635 0.290840
vt 0.599765 0.814712
vt 0.603515 0.822544
vt 0.694496 0.497807
vt 0.696370 0.472106
vt 0.719985 0.695159
vt 0.717566 0.670123
vt 0.688539 0.670123
vt 0.699878 0.302904
vt 0.704111 0.033893
vt 0.718170 0.369001
vt 0.768967 0.033893
vt 0.607445 0.796510
vt 0.612737 0.800864
vt 0.187223 0.026424
vt 0.641250 0.972485
vt 0.185832 0.107941
vt 0.193784 0.118947
vt 0.216884 0.771747
vt 0.566506 0.818220
vt 0.559158 0.800139
vt 0.550118 0.774015
vt 0.646783 0.818311
vt 0.643699 0.839929
vt 0.556225 0.772200
vt 0.550662 0.537930
vt 0.605057 0.724336
vt 0.578116 0.719075
vt 0.600975 0.731714
vt 0.578116 0.719075
vt 0.560791 0.519668
vt 0.592872 0.712182
vt 0.583226 0.707707
vt 0.583226 0.707707
vt 0.881839 0.964442
vt 0.566566 0.516886
vt 0.550662 0.537930
vt 0.544343 0.539019
vt 0.560791 0.519668
vt 0.566506 0.818220
vt 0.563270 0.826293
vt 0.576967 0.824600
vt 0.588941 0.824539
vt 0.556225 0.772200
vt 0.553958 0.804735
vt 0.748497 0.771203
vt 0.640131 0.983945
vt 0.890638 0.438876
vt 0.973001 0.908384
vt 0.721436 0.498623
vt 0.578116 0.719075
vt 0.590392 0.834457
vt 0.576030 0.835031
vt 0.864393 0.033893
vt 0.768967 0.362621
vt 0.749132 0.438030
vt 0.186255 0.115561
vn 0.951349 -0.307502 0.019407
vn 0.000000 0.000000 -1.000000
vn 0.000000 0.000000 -1.000000
vn -0.010798 0.002602 0.999938
vn 0.000000 0.000000 -1.000000
vn 0.010798 0.002602 0.999938
vn -0.161576 -0.012623 -0.986779
vn 0.073720 0.433930 0.897925
vn 0.001162 0.317171 0.948368
vn 0.204841 -0.978795 0.000745
vn 0.000000 0.000000 1.000000
vn -0.007063 0.004962 0.999963
vn -0.027629 -0.022734 -0.999360
vn 0.203469 -0.979081 0.001032
vn 0.203469 -0.979081 0.001032
vn 0.000000 0.000000 -1.000000
vn 0.008859 0.003863 0.999953
vn 0.878571 0.458715 0.133015
vn 0.008834 0.018803 0.999784
vn 0.943235 0.313431 0.109854
vn -0.003869 0.009385 0.999948
vn 0.693444 0.710753 0.118174
vn 0.404686 0.909615 0.093962
vn 0.017863 0.020625 0.999628
vn 0.556883 0.821518 0.122429
vn 0.895280 -0.333207 0.295715
vn 0.890750 -0.453438 0.030944
vn 0.386903 0.915789 0.107875
vn 0.938897 -0.340926 0.047350
vn 0.000000 0.000000 -1.000000
vn 0.000000 0.000000 -1.000000
vn 0.020200 0.022489 0.999543
vn 0.000000 0.000000 -1.000000
vn -0.925907 -0.377284 0.018778
vn -0.921393 -0.388632 0.000118
vn 0.000000 0.000000 -1.000000
vn -0.643221 -0.765645 0.007363
vn -0.782447 -0.622568 0.013612
vn -0.974665 -0.222453 0.023317
vn -0.950139 -0.311334 0.017542
vn 0.000000 0.000000 1.000000
vn 0.003869 0.009385 0.999948
vn -0.008834 0.018803 0.999784
vn 0.007063 0.004962 0.999963
vn -0.017863 0.020625 0.999628
vn -0.895280 -0.333207 0.295715
vn -0.959770 -0.277808 0.040797
vn -0.890750 -0.453438 0.030944
vn -0.008859 0.003863 0.999953
vn -0.693444 0.710753 0.118174
vn -0.943235 0.313431 0.109854
vn -0.878571 0.458715 0.133015
vn -0.556883 0.821518 0.122429
vn -0.404686 0.909615 0.093962
vn 0.570848 0.821056 0.000561
vn -0.386903 0.915789 0.107875
vn 0.000000 0.000000 -1.000000
vn 0.000000 0.000000 -1.000000
vn 0.000000 0.000000 -1.000000
vn -0.006531 0.009786 -0.999931
vn 0.000000 0.000000 -1.000000
vn -0.006343 0.010410 -0.999926
vn 0.000000 0.000000 -1.000000
vn 0.000000 0.000000 -1.000000
vn 0.006343 0.010410 -0.999926
vn 0.006531 0.009786 -0.999931
vn 0.000000 0.000000 -1.000000
vn 0.000000 0.000000 -1.000000
vn 0.000000 0.000000 -1.000000
vn 0.591355 0.806408 -0.002220
vn 0.000000 0.000000 -1.000000
vn 0.968322 0.249480 0.010604
vn 0.734569 0.678528 0.003061
vn 0.971334 0.237531 0.009423
vn 0.871094 0.491058 0.007578
vn -0.514612 0.857326 -0.012894
vn 0.000000 0.000000 -1.000000
vn 0.000000 0.000000 -1.000000
vn -0.537882 0.842983 -0.007980
vn 0.015558 0.004251 -0.999870
vn 0.012235 0.005805 -0.999908
vn -0.015558 0.004251 -0.999870
vn -0.012235 0.005805 -0.999908
vn 0.000000 0.000000 -1.000000
vn 0.000000 0.000000 -1.000000
vn 0.000000 0.000000 -1.000000
vn 0.000000 0.000000 -1.000000
vn 0.000000 0.000000 -1.000000
vn 0.000000 0.000000 -1.000000
vn 0.000000 0.000000 -1.000000
vn 0.000000 0.000000 -1.000000
vn 0.000000 0.000000 -1.000000
vn 0.000000 0.000000 -1.000000
vn 0.522186 -0.852831 -0.001197
vn 0.885169 -0.465269 -0.001243
vn 0.770170 -0.637838 -0.001270
vn 0.400259 -0.916401 -0.001387
vn 0.000000 0.000000 -1.000000
vn 0.000000 0.000000 -1.000000
vn 0.000000 0.000000 -1.000000
vn 0.000000 0.000000 -1.000000
vn 0.980244 -0.197785 0.001882
vn -0.591355 0.806408 -0.002220
vn -0.570848 0.821056 0.000561
vn 0.978139 -0.207951 -0.000390
vn 0.982245 -0.187555 0.004163
vn 0.980244 -0.197785 0.001882
vn -0.980244 -0.197785 0.001882
vn -0.978139 -0.207951 -0.000390
vn -0.982245 -0.187555 0.004163
vn -0.980244 -0.197785 0.001882
vn -0.734569 0.678528 0.003061
vn -0.971334 0.237531 0.009423
vn -0.968322 0.249480 0.010604
vn -0.871094 0.491058 0.007578
vn 0.015903 -0.004678 0.999863
vn 0.514612 0.857326 -0.012894
vn 0.001923 -0.000667 0.999998
vn 0.537882 0.842983 -0.007980
vn 0.820636 0.571448 0.001928
vn 0.824591 0.565730 0.000375
vn 0.824591 0.565730 0.000375
vn 0.828541 0.559927 -0.001192
vn 0.000000 0.000000 1.000000
vn 0.000000 0.000000 1.000000
vn 0.000000 0.000000 1.000000
vn 0.000000 0.000000 1.000000
vn -0.820636 0.571448 0.001928
vn -0.824591 0.565730 0.000375
vn 0.027629 -0.022734 -0.999360
vn -0.204841 -0.978795 0.000745
vn 0.018894 -0.003752 -0.999814
vn -0.203469 -0.979081 0.001032
vn -0.885169 -0.465269 -0.001243
vn -0.997410 -0.071906 -0.001453
vn -0.002242 -0.015032 -0.999884
vn -0.988475 0.151376 -0.001487
vn -0.828541 0.559927 -0.001192
vn -0.824591 0.565730 0.000375
vn -0.202095 -0.979365 0.001319
vn 0.153208 0.988166 -0.007419
vn 0.023567 0.999716 -0.003521
vn 0.330067 0.943912 -0.009216
vn -0.015903 -0.004678 0.999863
vn 0.000000 -0.000262 1.000000
vn -0.001923 -0.000667 0.999998
vn 0.000000 -0.000262 1.000000
vn -0.203469 -0.979081 0.001032
vn 0.021393 0.999763 -0.004022
vn -0.016402 -0.016433 -0.999730
vn 0.065552 0.997848 -0.001380
vn 0.020431 -0.010744 -0.999734
vn 0.063508 0.997980 -0.001654
vn -0.913979 0.405758 -0.001468
vn -0.400259 -0.916401 -0.001387
vn -0.522186 -0.852831 -0.001197
vn -0.770170 -0.637838 -0.001270
vn -0.018894 -0.003752 -0.999814
vn -0.020908 -0.000732 -0.999781
vn 0.028519 -0.003298 -0.999588
vn 0.044756 0.007224 -0.998972
vn -0.914065 0.405565 -0.001493
vn 0.016548 0.019356 -0.999676
vn 0.015728 -0.017652 -0.999720
vn 0.548767 0.835975 -0.000529
vn 0.020908 -0.000732 -0.999781
vn 0.016402 -0.016433 -0.999730
vn 0.000000 0.000000 1.000000
vn 0.547871 0.836563 -0.000327
vn 0.000000 0.000000 1.000000
vn 0.005466 -0.999985 0.000000
vn 0.000000 0.000000 1.000000
vn 0.001906 0.010353 0.999945
vn -0.527774 -0.849384 0.001166
vn -0.003848 -0.000395 0.999993
vn -0.001594 0.009104 0.999957
vn 0.000771 0.013763 0.999905
vn -0.182663 -0.983175 0.001463
vn 0.000000 0.000000 1.000000
vn -0.042072 0.288277 0.956622
vn -0.052614 0.267017 0.962254
vn -0.086391 0.245676 0.965495
vn -0.652760 -0.035073 0.756752
vn -0.033879 0.312535 0.949302
vn -0.564333 0.043496 0.824401
vn -0.366493 0.024016 0.930111
vn -0.011265 -0.018411 0.999767
vn -0.408557 -0.016806 0.912578
vn -0.001163 0.317143 0.948377
vn -0.226631 0.301212 0.926234
vn -0.062064 0.358967 0.931284
vn 0.168263 -0.026490 -0.985386
vn -0.073720 0.433930 0.897925
vn -0.183607 0.452984 0.872407
vn 0.161576 -0.012623 -0.986779
vn 0.172311 -0.000005 -0.985043
vn 0.000000 0.000000 1.000000
vn 0.004306 0.002929 0.999986
vn 0.000000 0.000000 1.000000
vn 0.000000 0.000000 1.000000
vn 0.345176 -0.938538 -0.000333
vn 0.343751 -0.939060 -0.000845
vn 0.003303 -0.000853 0.999994
vn -0.974663 0.223677 0.001175
vn -0.974680 0.223603 0.001194
vn -0.776782 0.629768 0.001494
vn -0.887358 0.461078 0.001312
vn -0.420448 0.907315 0.001768
vn -0.530165 0.847893 0.001638
vn 0.000474 -0.011944 -0.999929
vn -0.000529 -0.008836 -0.999961
vn -0.001004 0.004722 -0.999988
vn -0.016464 -0.024480 0.999565
vn -0.015293 -0.026322 0.999537
vn -0.999303 0.037319 0.000910
vn -0.999528 0.030706 -0.001235
vn -0.999528 0.030706 -0.001235
vn -0.999705 0.024067 -0.003387
vn 0.001999 0.016642 0.999860
vn 0.214650 -0.976690 -0.001413
vn 0.215813 -0.976434 -0.001289
vn -0.018329 0.019739 0.999637
vn -0.000710 0.013270 0.999912
vn 0.002894 -0.000297 0.999996
vn 0.001116 -0.005257 0.999986
vn 0.000603 0.009842 0.999951
vn 0.156942 0.987606 0.001905
vn 0.254607 0.967043 0.001818
vn -0.015797 0.023217 -0.999606
vn -0.014572 0.025127 -0.999578
vn 0.002242 -0.015032 -0.999884
vn 0.271729 -0.962373 0.001523
vn 0.172286 -0.985045 0.001710
vn 0.172155 -0.985068 0.001900
vn 0.272105 -0.962266 0.001689
vn -0.000484 -0.012391 -0.999923
vn -0.001741 -0.009288 -0.999955
vn 0.003096 0.001990 -0.999993
vn 0.003257 -0.000239 -0.999995
vn 0.003677 0.000380 -0.999993
vn -0.982925 -0.183956 0.004295
vn -0.908489 -0.417845 0.007284
vn 0.329958 0.943986 -0.004211
vn 0.999528 0.030706 -0.001235
vn 0.341390 0.939920 -0.001606
vn 0.999705 0.024067 -0.003387
vn -0.005466 -0.999985 0.000000
vn -0.005466 -0.999985 0.000000
vn -0.005466 -0.999985 0.000000
vn 0.000000 0.000000 1.000000
vn 0.000000 0.000000 1.000000
vn -0.000321 -0.006341 0.999980
vn -0.000306 -0.005851 0.999983
vn -0.213422 -0.976959 0.001516
vn -0.213326 -0.976980 0.001465
vn 0.000000 0.000000 -1.000000
vn 0.000000 0.000000 -1.000000
vn 0.000000 0.000000 -1.000000
vn -0.002971 0.000766 -0.999995
vn 0.000000 0.000000 -1.000000
vn 0.750494 0.660877 -0.000405
vn 0.751860 0.659323 -0.000190
vn -0.003873 -0.002631 -0.999989
vn -0.686573 -0.727061 0.000669
vn 0.000000 0.000000 -1.000000
vn 0.000000 0.000000 -1.000000
vn 0.000000 0.000000 -1.000000
vn 0.166863 -0.009139 0.985938
vn 0.988160 -0.153430 0.000000
vn 0.988160 -0.153430 0.000000
vn -0.995568 0.094042 0.000029
vn -0.127992 0.991775 -0.000155
vn -0.995563 0.094096 0.000000
vn 0.000000 0.000000 1.000000
vn 0.000000 0.000000 1.000000
vn -0.001411 0.001093 0.999998
vn 0.000000 0.000000 1.000000
vn 0.000000 0.000000 1.000000
vn 0.172680 -0.000926 -0.984977
vn 0.166116 0.001255 -0.986105
vn 0.163183 -0.010871 -0.986536
vn 0.171659 -0.000127 0.985156
vn 0.171724 -0.000959 0.985145
vn 0.398046 0.917364 0.001763
vn -0.003440 -0.002216 0.999992
vn -0.003621 0.000266 0.999993
vn 0.912818 0.408366 -0.000023
vn 0.804408 -0.594077 0.000582
vn 0.805858 -0.592109 0.000103
vn 0.914388 0.404839 0.000636
vn 0.000000 0.000000 -1.000000
vn 0.000000 -1.000000 0.000000
vn 0.000000 -1.000000 0.000000
vn -1.000000 0.000000 0.000000
vn 0.604773 -0.796397 0.000668
vn 0.402240 -0.915534 0.001104
vn -0.999947 0.010284 -0.000497
vn 0.016565 -0.999862 0.001259
vn -0.999730 0.023024 0.003095
vn -0.122621 -0.992452 0.001477
vn 0.001427 -0.008168 -0.999966
vn 0.016464 -0.024480 0.999565
vn 0.015293 -0.026322 0.999537
vn -0.548767 0.835975 -0.000529
vn 0.016464 -0.024480 0.999565
vn -0.003189 0.044144 0.999020
vn 0.171720 0.001309 0.985145
vn 0.167532 -0.002627 0.985863
vn -1.000000 0.000000 0.000000
vn 0.003970 0.006693 0.999970
vn 0.012614 -0.009539 0.999875
vn -0.012172 0.008693 -0.999888
vn 0.002765 0.006668 0.999974
vn 0.999303 0.037319 0.000910
vn -0.547871 0.836563 -0.000327
vn -0.343751 -0.939060 -0.000845
vn 0.000000 0.000000 1.000000
vn -0.342318 -0.939584 -0.000330
vn 0.999528 0.030706 -0.001235
vn -1.000000 0.000000 0.000000
vn -0.003490 -0.006754 -0.999971
vn -0.002800 -0.006573 -0.999974
vn -0.703580 0.710616 0.000000
vn 0.000000 0.724138 -0.689655
vn 0.000000 0.724138 -0.689655
vn 0.000000 0.724138 -0.689655
vn 0.000000 0.724138 -0.689655
vn 0.000000 0.000000 -1.000000
vn 0.000000 0.000000 -1.000000
vn 0.000000 0.000000 -1.000000
vn 0.000000 0.000000 -1.000000
vn 0.000000 0.000000 -1.000000
vn 0.000000 0.000000 -1.000000
vn 0.000000 0.000000 -1.000000
vn -0.327022 0.945017 0.000000
vn -0.604702 0.796452 0.000000
vn -0.164820 0.986324 0.000000
vn 0.089060 0.996026 0.000000
vn 0.181946 0.983309 0.000000
vn 0.496946 0.867781 0.000000
vn 0.276331 0.961063 0.000000
vn 0.813252 0.581911 0.000000
vn 0.956509 0.291701 0.000000
vn 0.901295 0.433207 0.000000
vn -0.453998 -0.891003 -0.000035
vn -0.491176 -0.871060 0.000000
vn -0.379349 -0.925254 0.000000
vn -0.979612 -0.200899 -0.000052
vn -0.998702 -0.050929 -0.000053
vn 0.979658 0.200673 0.000000
vn -0.914388 0.404839 0.000636
vn -0.912818 0.408366 -0.000023
vn -0.750494 0.660877 -0.000405
vn -0.751860 0.659323 -0.000190
vn 0.018329 0.019739 0.999637
vn -0.804408 -0.594077 0.000582
vn -0.805858 -0.592109 0.000103
vn -0.001999 0.016642 0.999860
vn 0.997411 0.071914 0.000000
vn -0.982993 -0.183644 0.000000
vn 0.997411 0.071914 0.000000
vn -0.982993 -0.183644 0.000000
vn -0.982993 -0.183644 0.000000
vn -0.982993 -0.183644 0.000000
vn 0.000000 -1.000000 0.000000
vn 0.000000 -1.000000 0.000000
vn -0.327022 -0.945017 0.000000
vn -0.164820 -0.986324 0.000000
vn 0.000000 1.000000 0.000000
vn 0.000000 1.000000 0.000000
vn 0.000000 1.000000 0.000000
vn 0.000000 1.000000 0.000000
vn -0.181032 -0.983476 0.001510
vn 0.703580 0.710616 0.000000
vn 0.000000 0.724138 -0.689655
vn 0.000000 0.724138 -0.689655
vn 0.005466 -0.999985 0.000000
vn 0.005466 -0.999985 0.000000
vn 0.000000 0.000000 -1.000000
vn 0.000000 0.000000 -1.000000
vn 0.979055 -0.203592 -0.001135
vn 0.978831 -0.204669 -0.000571
vn 0.978831 -0.204669 -0.000571
vn 0.978603 -0.205759 0.000000
vn -0.039967 -0.999182 -0.006090
vn 0.214242 -0.976761 -0.006238
vn -0.039240 -0.999211 -0.006063
vn 0.376271 -0.926489 -0.006182
vn -0.956153 0.292814 -0.005634
vn -0.902190 0.431300 -0.005837
vn -0.518440 0.855090 -0.006403
vn -0.099989 0.994969 -0.006177
vn 0.890845 -0.454272 -0.005728
vn 0.610327 -0.792126 -0.006082
vn 0.725728 -0.687956 -0.005972
vn 0.945164 -0.326546 -0.005653
vn 0.630519 -0.340399 -0.697549
vn 0.506644 -0.558017 -0.657213
vn -0.034176 -0.854400 -0.518491
vn 0.449107 -0.534852 -0.715706
vn 0.869983 -0.176753 -0.460314
vn 0.840009 -0.166768 -0.516307
vn 0.794358 -0.607450 0.000000
vn 0.794358 -0.607450 0.000000
vn 0.794358 -0.607450 0.000000
vn 0.794358 -0.607450 0.000000
vn -0.204565 0.978833 -0.006231
vn -0.692979 0.720930 -0.006275
vn 0.898864 -0.186917 -0.396365
vn 0.869983 -0.176753 -0.460314
vn 0.213528 0.820030 -0.530995
vn -0.107713 0.812370 -0.573108
vn -0.291666 0.686942 -0.665614
vn -0.503134 0.592494 -0.629132
vn 0.000000 0.000000 -1.000000
vn 0.891338 -0.221894 -0.395321
vn 0.697302 0.294666 -0.653408
vn 0.716196 0.065947 -0.694776
vn 0.000000 0.000000 -1.000000
vn 0.891338 -0.221894 -0.395321
vn -0.701392 0.491737 -0.515988
vn -0.572703 0.498025 -0.651139
vn 0.210237 0.745849 -0.632067
vn 0.679323 -0.134080 -0.721486
vn 0.635202 0.307781 -0.708371
vn 0.517199 0.605969 -0.604407
vn 0.000000 0.000000 -1.000000
vn 0.000000 0.000000 -1.000000
vn 0.251983 0.967712 -0.006217
vn 0.196396 -0.764937 -0.613433
vn 0.074450 -0.754721 -0.651808
vn 0.891338 -0.221894 -0.395321
vn 0.000000 0.000000 -1.000000
vn 0.000000 0.000000 -1.000000
vn 0.251433 0.967855 -0.006254
vn 0.000000 0.000000 1.000000
vn 0.891437 -0.222859 0.394556
vn 0.000000 0.000000 1.000000
vn 0.672239 0.740309 -0.006021
vn 0.000000 -1.000000 0.000000
vn 0.000000 -1.000000 0.000000
vn -0.174874 -0.000084 -0.984591
vn -0.172227 -0.002306 -0.985055
vn -0.166863 -0.009139 0.985938
vn 0.000000 -1.000000 0.000000
vn 0.865462 -0.177166 0.468602
vn 0.830925 -0.165638 0.531157
vn 0.891437 -0.222859 0.394556
vn 0.672284 0.740268 -0.006088
vn 0.865462 -0.177166 0.468602
vn 0.763574 -0.323005 0.559127
vn 0.685248 -0.287705 0.669075
vn 0.898403 -0.190603 0.395655
vn 0.537488 -0.555311 0.634615
vn 0.190039 -0.739939 0.645272
vn 0.072434 -0.729120 0.680542
vn -0.032034 -0.830590 0.555962
vn 0.357714 -0.624104 0.694647
vn -0.868203 0.047091 0.493969
vn -0.865601 0.053054 0.497915
vn -0.958131 0.041274 0.283338
vn -0.758490 0.089282 0.645540
vn -0.501914 0.645507 0.575676
vn -0.466220 0.559669 0.685135
vn -0.706152 0.293490 0.644370
vn -0.137545 0.782411 0.607383
vn 0.217423 0.736682 0.640334
vn 0.777197 -0.021102 0.628904
vn 0.037811 0.736978 0.674858
vn 0.554991 0.611113 0.564381
vn 0.706416 0.322038 0.630292
vn 0.715252 0.142595 0.684165
vn 0.495410 0.543713 0.677455
vn 0.000000 0.000000 1.000000
vn 0.000000 0.000000 1.000000
vn 0.000000 0.000000 1.000000
vn 0.000000 0.000000 1.000000
vn 0.000000 0.000000 1.000000
vn 0.921116 0.389246 -0.005666
vn 0.921098 0.389289 -0.005722
vn 0.000000 0.000000 1.000000
vn -0.997122 0.075619 -0.005435
vn -0.998890 0.047025 -0.002757
vn 0.999984 0.000000 -0.005663
vn 0.999984 0.000000 -0.005611
vn -0.998499 0.054699 -0.002925
vn -0.999073 0.043037 -0.000075
vn 0.000000 0.000000 -1.000000
vn 0.000000 0.000000 -1.000000
vn 0.000000 0.000000 -1.000000
vn 0.000000 0.000000 -1.000000
vn -0.074450 -0.754721 -0.651808
vn -0.196396 -0.764937 -0.613433
vn 0.034176 -0.854400 -0.518491
vn -0.555157 -0.573065 -0.602824
vn -0.836735 -0.173997 -0.519230
vn -0.862480 -0.176175 -0.474438
vn -0.862480 -0.176175 -0.474438
vn -0.885462 -0.177851 -0.429331
vn -0.571359 0.629294 -0.526818
vn -0.512572 0.562346 -0.648874
vn 0.000000 0.000000 -1.000000
vn 0.000000 0.000000 -1.000000
vn -0.708087 -0.297159 -0.640554
vn -0.783228 -0.331244 -0.526147
vn 0.701575 0.491714 -0.515762
vn 0.453440 0.675209 -0.581795
vn 0.701532 0.491510 -0.516015
vn 0.518495 0.666636 -0.535499
vn -0.039298 0.762239 -0.646102
vn -0.224920 0.760669 -0.608929
vn 0.141694 0.806950 -0.573371
vn 0.613871 0.789380 -0.006361
vn -0.725728 -0.687956 -0.005972
vn -0.610327 -0.792126 -0.006082
vn -0.945164 -0.326546 -0.005653
vn -0.890845 -0.454272 -0.005728
vn 0.000000 0.000000 -1.000000
vn 0.000000 0.000000 -1.000000
vn 0.000000 0.000000 -1.000000
vn 0.000000 0.000000 -1.000000
vn -0.371372 -0.646816 -0.666117
vn 0.039240 -0.999211 -0.006063
vn 0.039967 -0.999182 -0.006090
vn -0.978603 -0.205759 0.000000
vn -0.978831 -0.204669 -0.000571
vn 0.613816 0.789423 -0.006401
vn 0.204565 0.978833 -0.006231
vn -0.794358 -0.607450 0.000000
vn 0.099989 0.994969 -0.006177
vn -0.794358 -0.607450 0.000000
vn -0.979055 -0.203592 -0.001135
vn -0.978831 -0.204669 -0.000571
vn -0.794358 -0.607450 0.000000
vn -0.251433 0.967855 -0.006254
vn -0.999984 0.000000 -0.005611
vn -0.999984 0.000000 -0.005663
vn -0.738748 0.147082 -0.657737
vn -0.800444 -0.021783 -0.599012
vn -0.727429 0.331586 -0.600748
vn 0.933313 0.359018 -0.005750
vn 0.933242 0.359202 -0.005738
vn -0.376271 -0.926489 -0.006182
vn -0.214242 -0.976761 -0.006238
vn -0.251983 0.967712 -0.006217
vn -0.725728 0.687956 -0.005972
vn -0.890946 0.454073 -0.005728
vn -0.945266 0.326251 -0.005653
vn -0.991959 0.126556 0.000000
vn -0.277098 0.960842 0.000000
vn -0.844564 0.535455 0.000000
vn 0.127992 0.991775 -0.000155
vn -0.166116 0.001255 -0.986105
vn -0.172311 -0.000005 -0.985043
vn -0.162222 -0.010957 0.986693
vn -0.167559 -0.027014 0.985492
vn -0.993152 -0.116825 0.000396
vn -0.993122 -0.117079 0.000769
vn 0.600876 -0.799342 0.000000
vn -0.357217 0.934021 0.000000
vn 0.811150 -0.584839 0.000000
vn 0.379349 -0.925254 0.000000
vn 0.006562 0.001440 -0.999977
vn 0.005793 -0.002395 -0.999980
vn -0.717400 -0.681410 0.144979
vn -0.407290 -0.901954 0.143505
vn 0.166116 0.001255 0.986105
vn 0.172311 -0.000005 0.985043
vn 0.160696 -0.012785 -0.986921
vn -0.172680 -0.000926 0.984977
vn 0.000000 -1.000000 0.000000
vn -0.171659 -0.000127 -0.985156
vn -0.171724 -0.000959 -0.985145
vn 0.000000 -1.000000 0.000000
vn -0.163183 -0.010871 0.986536
vn 0.786454 -0.617647 0.001492
vn 0.921167 -0.389164 0.001554
vn 0.984823 -0.173555 0.001633
vn 0.974869 0.222773 0.001469
vn 0.657793 -0.753198 0.001542
vn 0.726127 -0.687559 0.001483
vn 0.657222 -0.753695 0.001724
vn 0.010020 -0.999948 -0.001992
vn 0.010028 -0.999948 -0.001995
vn 0.016344 0.013029 0.999782
vn 0.014201 0.018253 0.999733
vn 0.010036 -0.999948 -0.001997
vn 0.010028 -0.999948 -0.001995
vn 0.018677 0.002424 0.999823
vn 0.019425 0.008590 0.999774
vn 0.007435 -0.008619 0.999935
vn -0.925406 -0.378950 0.004608
vn -0.158920 -0.987269 0.006698
vn -0.159229 -0.987220 0.006575
vn -0.185758 -0.982573 0.006724
vn -0.511198 -0.859433 0.007178
vn -0.218682 -0.975772 0.006822
vn -0.512214 -0.858825 0.007442
vn 0.006566 -0.001441 0.999977
vn 0.006715 -0.001463 0.999976
vn 0.006541 -0.001291 0.999978
vn 0.006428 -0.001291 0.999979
vn 0.005771 0.002415 0.999980
vn 0.004239 0.004821 0.999979
vn 0.003118 0.004808 0.999984
vn 0.001251 0.006109 0.999981
vn 0.000927 0.006559 0.999978
vn 0.000343 0.006518 0.999979
vn 0.976415 -0.215801 -0.006567
vn 0.148715 0.988880 0.000000
vn 0.027521 -0.999620 -0.001694
vn 0.357217 0.934021 0.000000
vn 0.588249 0.808680 0.000000
vn -0.610327 0.792126 -0.006082
vn 0.000000 0.000000 1.000000
vn 0.000000 0.000000 1.000000
vn 0.000000 0.000000 1.000000
vn 0.518075 -0.855334 -0.001488
vn 0.518871 -0.854852 -0.001001
vn 0.602338 -0.798241 -0.001155
vn 0.602491 -0.798125 -0.001300
vn 0.000000 0.000000 -1.000000
vn 0.354683 -0.934986 -0.001353
vn -0.977684 0.210081 0.000304
vn -0.977684 0.210081 0.000304
vn -0.977684 0.210081 0.000304
vn -0.001113 0.000239 0.999999
vn 0.417747 0.908561 -0.001950
vn 0.416847 0.908975 -0.001852
vn 0.145597 0.989342 -0.001908
vn -0.063508 0.997980 -0.001654
vn 0.146598 0.989194 -0.001792
vn -0.028519 -0.003298 -0.999588
vn -0.061478 0.998108 -0.001384
vn -0.016548 0.019356 -0.999676
vn -0.020431 -0.010744 -0.999734
vn 0.987621 -0.156858 -0.000486
vn 0.987221 -0.159355 -0.000168
vn 0.987621 -0.156858 -0.000486
vn 0.000000 0.000000 -1.000000
vn 0.988011 -0.154380 -0.000802
vn 0.026480 -0.000233 0.999649
vn -0.268057 -0.963402 -0.001694
vn -0.324698 -0.945816 -0.001891
vn 0.063287 -0.997994 -0.001528
vn -0.371692 -0.928354 -0.001912
vn -0.374477 -0.927235 -0.001816
vn -0.377079 -0.926180 -0.001745
vn -0.377613 -0.925962 -0.001521
vn -0.184451 -0.982841 -0.001511
vn 0.000000 -1.000000 0.000000
vn -0.172926 0.002572 -0.984931
vn -0.172950 0.003423 -0.984925
vn -0.169292 -0.002018 -0.985564
vn 0.000000 0.000000 1.000000
vn 0.000000 0.000000 1.000000
vn -0.072434 -0.729120 0.680542
vn 0.000000 0.000000 1.000000
vn 0.177190 0.984154 -0.006621
vn 0.318754 -0.947837 0.000914
vn 0.148341 0.988914 -0.006707
vn 0.224950 0.974355 -0.005462
vn 0.001564 -0.001726 0.999997
vn -0.789218 0.614111 0.001565
vn 0.032034 -0.830590 0.555962
vn 0.868203 0.047091 0.493969
vn 0.865601 0.053054 0.497915
vn 0.958131 0.041274 0.283338
vn 0.226214 0.974076 0.001668
vn 0.339705 0.940530 0.001817
vn 0.355078 0.934835 0.001779
vn 0.313150 0.949702 0.001594
vn -0.003187 -0.011863 0.999925
vn 0.294871 0.955515 -0.006545
vn 0.603671 0.797207 -0.006496
vn -0.044756 0.007224 -0.998972
vn 0.000337 -0.011649 0.999932
vn 0.706152 0.293490 0.644370
vn -0.763574 -0.323005 0.559127
vn 0.758490 0.089282 0.645540
vn 0.000000 0.000000 1.000000
vn -0.790906 0.611937 0.000486
vn 0.000036 -0.011964 0.999928
vn -0.685248 -0.287705 0.669075
vn 0.000000 0.000000 1.000000
vn -0.190039 -0.739939 0.645272
vn -0.357714 -0.624104 0.694647
vn 0.501914 0.645507 0.575676
vn -0.537488 -0.555311 0.634615
vn -0.790906 0.611937 0.000486
vn 0.466220 0.559669 0.685135
vn -0.217423 0.736682 0.640334
vn 0.137545 0.782411 0.607383
vn -0.037811 0.736978 0.674858
vn -0.777197 -0.021102 0.628904
vn -0.554991 0.611113 0.564381
vn -0.706416 0.322038 0.630292
vn -0.495410 0.543713 0.677455
vn -0.715252 0.142595 0.684165
vn -0.826899 -0.173862 0.534799
vn -0.864079 -0.478265 0.156937
vn -0.874643 -0.406966 0.263398
vn 0.000000 0.000000 1.000000
vn -0.858009 -0.176577 0.482329
vn 0.000000 0.000000 1.000000
vn 0.000000 0.000000 1.000000
vn -0.004251 -0.004818 -0.999979
vn 0.997122 0.075619 -0.005435
vn 0.998499 0.054699 -0.002925
vn 0.998890 0.047025 -0.002757
vn -0.021393 0.999763 -0.004022
vn 0.999073 0.043037 -0.000075
vn -0.153208 0.988166 -0.007419
vn 0.019469 -0.001581 0.999809
vn -0.023567 0.999716 -0.003521
vn 0.034802 0.001622 0.999393
vn -0.330067 0.943912 -0.009216
vn -0.927396 -0.374040 0.005513
vn -0.977055 0.212879 0.006753
vn -0.977067 0.212818 0.007009
vn -0.977055 0.212879 0.006753
vn -0.000950 -0.006810 -0.999976
vn -0.977044 0.212940 0.006496
vn -0.001040 -0.006212 -0.999980
vn -0.001246 -0.006108 -0.999981
vn 0.024321 -0.007582 0.999675
vn -0.024321 -0.007582 0.999675
vn -0.019469 -0.001581 0.999809
vn -0.034802 0.001622 0.999393
vn -0.994432 -0.007892 0.105086
vn 0.994432 -0.007892 0.105086
vn 0.988983 0.101338 0.107904
vn -0.988983 0.101338 0.107904
vn 0.943781 -0.308281 0.119332
vn -0.943781 -0.308281 0.119332
vn -0.937316 -0.323411 0.129787
vn 0.937316 -0.323411 0.129787
vn 0.013100 -0.005240 0.999900
vn 0.011066 -0.006104 0.999920
vn -0.011066 -0.006104 0.999920
vn 0.017487 -0.000314 0.999847
vn 0.005082 -0.008986 0.999947
vn -0.013100 -0.005240 0.999900
vn -0.017487 -0.000314 0.999847
vn 0.610993 -0.771781 0.176184
vn 0.009036 -0.009420 0.999915
vn 0.717400 -0.681410 0.144979
vn -0.161576 -0.012623 0.986779
vn -0.168263 -0.026490 0.985386
vn 0.988160 -0.153430 0.000000
vn 0.171938 0.002920 -0.985103
vn 0.988160 -0.153430 0.000000
vn 0.171869 0.001361 -0.985119
vn 0.169292 -0.002018 -0.985564
vn 0.168330 -0.011381 -0.985665
vn 0.000000 -1.000000 0.000000
vn 0.000000 -1.000000 0.000000
vn 1.000000 0.000000 0.000000
vn 1.000000 0.000000 0.000000
vn 0.165333 0.001459 -0.986237
vn 0.997331 0.073015 -0.000315
vn -0.979612 -0.200899 0.000052
vn 0.997581 0.069507 0.000000
vn -0.171938 0.002920 -0.985103
vn -0.171859 -0.001734 0.985120
vn -0.988160 -0.153430 0.000000
vn -0.168330 -0.011381 -0.985665
vn -0.988160 -0.153430 0.000000
vn -0.171869 0.001361 -0.985119
vn 0.560551 0.828120 0.000434
vn -0.171794 -0.000501 0.985133
vn 0.559754 0.828659 0.000223
vn -0.166116 0.001255 0.986105
vn -0.165333 0.001459 -0.986237
vn -0.172311 -0.000005 0.985043
vn -0.167559 -0.027014 -0.985492
vn -0.162222 -0.010957 -0.986693
vn 0.979612 -0.200899 0.000052
vn 0.995563 0.094096 0.000000
vn 0.000000 0.283612 0.958939
vn 0.011424 0.992040 -0.125405
vn 0.056627 0.338716 0.939183
vn 0.011767 0.991726 -0.127835
vn 0.000134 0.043921 0.999035
vn 0.003189 0.044144 0.999020
vn 0.000028 -0.018314 0.999832
vn -0.000134 0.043921 0.999035
vn 0.995568 0.094042 -0.000029
vn 0.998702 -0.050929 0.000053
vn -0.010478 0.638934 0.769191
vn 0.000500 0.991327 -0.131421
vn -0.001296 0.991617 -0.129206
vn 0.642457 -0.766321 0.000059
vn 0.337276 -0.941406 0.000000
vn -0.993122 -0.117079 -0.000769
vn -0.993152 -0.116825 -0.000396
vn -0.160696 -0.012785 -0.986921
vn -0.001942 0.638866 0.769315
vn 0.129288 0.985549 -0.109442
vn 0.025831 0.995360 -0.092686
vn 0.100583 0.988563 -0.112363
vn -0.000500 0.991327 -0.131421
vn 0.047967 0.994161 -0.096657
vn -0.011424 0.992040 -0.125405
vn -0.011767 0.991726 -0.127835
vn 0.000000 0.283612 0.958939
vn 0.000281 0.297980 0.954572
vn -0.461397 0.517734 0.720461
vn -0.334215 0.588384 0.736277
vn 0.001296 0.991617 -0.129206
vn 0.001942 0.638866 0.769315
vn 0.010478 0.638934 0.769191
vn -0.129288 0.985549 -0.109442
vn -0.000028 -0.018314 0.999832
vn -0.021740 0.297082 0.954604
vn 0.021740 0.297082 0.954604
vn -0.000281 0.297980 0.954572
vn -0.056627 0.338716 0.939183
vn 0.011265 -0.018411 0.999767
vn 0.506111 -0.862454 0.005070
vn 0.517598 -0.855622 0.001822
vn -0.517598 -0.855622 0.001822
vn 0.000000 0.000000 -1.000000
vn 0.202095 -0.979365 0.001319
vn 0.953311 -0.301290 0.020536
vn 0.962065 -0.272091 0.019936
vn 0.782447 -0.622568 0.013612
vn 0.000000 -1.000000 0.000000
vn -0.172926 0.002572 0.984931
vn 0.000000 0.000000 -1.000000
vn -0.506111 -0.862454 0.005070
vn -0.163183 -0.010871 -0.986536
vn -0.171659 -0.000127 0.985156
vn 0.643221 -0.765645 0.007363
vn 0.921393 -0.388632 0.000118
vn -0.168263 -0.026490 -0.985386
vn -0.172680 -0.000926 -0.984977
vn -0.171724 -0.000959 0.985145
vn -0.988160 -0.153430 0.000000
vn -0.171436 0.002506 0.985192
vn -0.988160 -0.153430 0.000000
vn -0.167532 -0.002627 0.985863
vn -0.175366 0.004780 -0.984492
vn 0.000000 0.000000 1.000000
vn 0.000000 0.000000 1.000000
vn 0.000000 0.000000 1.000000
vn 0.000000 0.000000 1.000000
vn 0.995563 0.094096 0.000000
vn 0.559754 0.828659 -0.000223
vn -0.172950 0.003423 0.984925
vn -0.173328 -0.002790 -0.984860
vn -0.171720 0.001309 0.985145
vn 0.560551 0.828120 -0.000434
vn 0.995568 0.094042 0.000029
vn -0.165333 0.001459 0.986237
vn -0.160696 -0.012785 0.986921
vn -0.172363 -0.000497 -0.985033
vn -0.171794 -0.000501 -0.985133
vn -0.148715 0.988880 0.000000
vn -0.588249 0.808680 0.000000
vn -0.028000 -0.999606 -0.001941
vn -0.005082 -0.008986 0.999947
vn 0.006539 0.001296 -0.999978
vn 0.001246 -0.006108 -0.999981
vn 0.006430 0.001294 -0.999978
vn 0.453998 -0.891003 -0.000035
vn 0.491176 -0.871060 0.000000
vn -0.979658 0.200673 0.000000
vn 0.979612 -0.200899 -0.000052
vn 0.998702 -0.050929 -0.000053
vn -0.999872 -0.015992 0.000354
vn -0.148715 0.988880 0.000000
vn 0.811150 -0.584839 0.000000
vn -0.756462 -0.461260 0.463685
vn 0.000000 0.000000 -1.000000
vn 0.000000 0.000000 -1.000000
vn 0.000000 0.000000 -1.000000
vn 0.006703 0.001461 -0.999976
vn -0.004544 -0.009834 0.999941
vn -0.002587 -0.010571 0.999941
vn -0.194902 -0.971419 0.135494
vn -0.289471 -0.946600 0.141969
vn -0.610993 -0.771781 0.176184
vn -0.205070 -0.971643 0.117715
vn 0.004251 -0.004818 -0.999979
vn 0.001040 -0.006212 -0.999980
vn -0.009036 -0.009420 0.999915
vn -0.027521 -0.999620 -0.001694
vn 0.000950 -0.006810 -0.999976
vn 0.003106 -0.004816 -0.999984
vn 0.000000 0.000000 1.000000
vn 0.000000 0.000000 1.000000
vn 0.005466 -0.999985 0.000000
vn 0.000000 0.000000 1.000000
vn 0.354265 -0.935144 -0.001578
vn 0.000000 0.000000 -1.000000
vn -0.977684 0.210081 0.000304
vn -0.015797 0.023217 -0.999606
vn 0.000000 0.000000 -1.000000
vn -0.015728 -0.017652 -0.999720
vn 0.000000 0.000000 1.000000
vn 0.000000 0.000000 1.000000
vn -0.995563 0.094096 0.000000
vn -0.995568 0.094042 -0.000029
vn 0.000000 0.000000 1.000000
vn 0.000000 0.000000 1.000000
vn -0.559754 0.828659 0.000223
vn -0.560551 0.828120 0.000434
vn -0.379349 -0.925254 0.000000
vn -0.491176 -0.871060 0.000000
vn -0.453998 -0.891003 0.000035
vn 0.943610 -0.331060 0.000000
vn 0.327022 -0.945017 0.000000
vn 0.887510 -0.460788 0.000000
vn 0.000000 -1.000000 0.000000
vn 0.172680 -0.000926 0.984977
vn 0.000000 -1.000000 0.000000
vn 0.163183 -0.010871 0.986536
vn -0.003970 0.006693 0.999970
vn -0.002765 0.006668 0.999974
vn -0.976417 -0.215794 -0.006540
vn -0.976415 -0.215801 -0.006567
vn -0.006566 -0.001441 0.999977
vn -0.006715 -0.001463 0.999976
vn -0.006428 -0.001291 0.999979
vn 0.000000 0.000000 -1.000000
vn -0.354683 -0.934986 -0.001353
vn -0.354265 -0.935144 -0.001578
vn 0.001113 0.000239 0.999999
vn 0.925406 -0.378950 0.004608
vn 0.927396 -0.374040 0.005513
vn 0.927396 -0.374040 0.005513
vn 0.929440 -0.368916 0.006455
vn 0.158920 -0.987269 0.006698
vn 0.977055 0.212879 0.006753
vn 0.977070 0.212819 0.006496
vn 0.977055 0.212879 0.006753
vn 0.977040 0.212939 0.007009
vn 0.015797 0.023217 -0.999606
vn 0.512214 -0.858825 0.007442
vn 0.185758 -0.982573 0.006724
vn 0.908489 -0.417845 0.007284
vn 0.218682 -0.975772 0.006822
vn 0.159229 -0.987220 0.006575
vn -0.006541 -0.001291 0.999978
vn -0.004239 0.004821 0.999979
vn 0.014572 0.025127 -0.999578
vn 0.015797 0.023217 -0.999606
vn 0.012172 0.008693 -0.999888
vn 0.002800 -0.006573 -0.999974
vn 0.003490 -0.006754 -0.999971
vn 0.982925 -0.183956 0.004295
vn 0.511198 -0.859433 0.007178
vn -0.005771 0.002415 0.999980
vn -0.012614 -0.009539 0.999875
vn -0.003118 0.004808 0.999984
vn -0.000343 0.006518 0.999979
vn -0.000927 0.006559 0.999978
vn -0.001251 0.006109 0.999981
vn -0.148341 0.988914 -0.006707
vn -0.224950 0.974355 -0.005462
vn -0.329958 0.943986 -0.004211
vn -0.341390 0.939920 -0.001606
vn -0.294871 0.955515 -0.006545
vn -0.177190 0.984154 -0.006621
vn 0.792578 0.609770 -0.000588
vn -0.001987 -0.001546 0.999997
vn -0.007533 -0.999970 -0.001785
vn -0.289578 -0.957153 -0.001695
vn -0.289294 -0.957238 -0.001846
vn -0.980355 -0.197131 -0.006583
vn -0.980389 -0.196961 -0.006621
vn -0.315385 -0.948964 -0.000305
vn -0.001564 -0.001726 0.999997
vn -0.518075 -0.855334 -0.001488
vn 0.000000 0.000000 -1.000000
vn -0.602491 -0.798125 -0.001300
vn -0.602338 -0.798241 -0.001155
vn 0.000000 0.000000 -1.000000
vn -0.518871 -0.854852 -0.001001
vn -0.100583 0.988563 -0.112363
vn -0.025831 0.995360 -0.092686
vn -0.047967 0.994161 -0.096657
vn -0.710966 0.703195 -0.006633
vn -0.603671 0.797207 -0.006496
vn -0.950606 0.310328 -0.006701
vn -0.885044 0.465462 -0.006542
vn 0.789218 0.614111 0.001565
vn -0.318754 -0.947837 0.000914
vn 0.790906 0.611937 0.000486
vn 0.790906 0.611937 0.000486
vn 0.371692 -0.928354 -0.001912
vn 0.374477 -0.927235 -0.001816
vn 0.324698 -0.945816 -0.001891
vn 0.377079 -0.926180 -0.001745
vn -0.988011 -0.154380 -0.000802
vn -0.987621 -0.156858 -0.000486
vn -0.987621 -0.156858 -0.000486
vn -0.987221 -0.159355 -0.000168
vn -0.026480 -0.000233 0.999649
vn -0.068928 0.997620 -0.001722
vn -0.416847 0.908975 -0.001852
vn -0.417747 0.908561 -0.001950
vn -0.231694 0.972787 -0.001937
vn 0.977684 0.210081 0.000304
vn 0.977684 0.210081 0.000304
vn 0.977684 0.210081 0.000304
vn 0.977684 0.210081 0.000304
vn 0.027149 -0.999630 -0.001631
vn 0.184573 -0.982818 -0.001466
vn 0.377613 -0.925962 -0.001521
vn 0.184451 -0.982841 -0.001511
vn 0.096349 -0.995347 -0.001466
vn -0.009719 -0.007489 0.999925
vn -0.007137 -0.999973 -0.001929
vn 0.268057 -0.963402 -0.001694
vn -0.063287 -0.997994 -0.001528
vn 0.000936 -0.005536 0.999984
vn -0.062378 -0.998051 -0.001474
vn -0.000984 -0.007986 0.999968
vn -0.000060 -0.007533 0.999972
vn -0.004046 0.011676 -0.999924
vn -0.923740 -0.376968 0.067816
vn -0.828787 -0.559563 -0.001479
vn -0.884360 0.463003 0.059457
vn -0.943864 0.330335 0.000000
vn -0.947925 0.318493 0.000000
vn -0.277001 0.960869 0.000000
vn 0.127992 0.991775 0.000155
vn -0.838048 -0.545594 0.001536
vn -0.757189 -0.653194 0.001554
vn -0.757223 -0.653155 0.001360
vn -0.010020 -0.999948 -0.001992
vn -0.254607 0.967043 0.001818
vn -0.837609 -0.546267 0.001738
vn -0.006320 -0.009471 0.999935
vn -0.000036 -0.011964 0.999928
vn -0.000337 -0.011649 0.999932
vn 0.003187 -0.011863 0.999925
vn -0.003678 -0.010920 0.999934
vn 0.004059 -0.011663 0.999924
vn 0.004395 -0.011424 0.999925
vn 0.004659 -0.011588 0.999922
vn 0.002068 -0.011386 0.999933
vn 0.003635 -0.011507 0.999927
vn 0.000594 -0.011687 0.999932
vn -0.001235 -0.011189 0.999937
vn -0.004230 -0.011520 0.999925
vn -0.002789 -0.008795 0.999957
vn -0.002017 -0.008189 0.999964
vn -0.014201 0.018253 0.999733
vn -0.020200 0.022489 0.999543
vn -0.018874 0.008602 0.999785
vn -0.016344 0.013029 0.999782
vn -0.019425 0.008590 0.999774
vn -0.018677 0.002424 0.999823
vn -0.007435 -0.008619 0.999935
vn 0.062185 0.360305 0.930759
vn -0.010028 -0.999948 -0.001995
vn -0.010028 -0.999948 -0.001995
vn -0.010036 -0.999948 -0.001997
vn 0.226631 0.301212 0.926234
vn 0.183607 0.452984 0.872407
vn -0.156942 0.987606 0.001905
vn 0.057882 0.998322 0.001925
vn 0.132147 0.991229 0.001732
vn 0.316915 0.948453 0.001467
vn 0.278775 0.960355 0.001443
vn 0.236629 0.971599 0.001553
vn -0.172256 -0.000198 0.985052
vn -0.172875 -0.001522 0.984943
vn -0.175012 0.001271 0.984566
vn -0.175366 0.004780 0.984492
vn 0.000000 0.000000 1.000000
vn 0.000000 1.000000 0.000000
vn 0.000000 0.000000 1.000000
vn 0.000000 1.000000 0.000000
vn 0.033964 0.311994 0.949477
vn 0.042019 0.288119 0.956672
vn 0.083416 0.245225 0.965871
vn 0.000000 0.000000 1.000000
vn 0.000000 0.000000 1.000000
vn -0.172261 0.985050 0.001621
vn -0.172823 0.984951 0.001816
vn -0.246434 0.969158 0.001527
vn 0.000054 0.007541 -0.999972
vn -0.313150 0.949702 0.001594
vn -0.355078 0.934835 0.001779
vn -0.339705 0.940530 0.001817
vn -0.226214 0.974076 0.001668
vn -0.128319 0.991732 0.001485
vn 0.089305 0.996003 0.001495
vn 0.318789 0.947824 0.001525
vn 0.209840 0.977734 0.001515
vn 0.001241 0.011196 -0.999937
vn 0.003749 0.010823 -0.999934
vn 0.001836 0.007479 -0.999970
vn 0.002105 0.008163 -0.999964
vn -0.000135 0.005664 -0.999984
vn 0.001097 0.007736 -0.999969
vn -0.000591 0.011690 -0.999931
vn -0.003645 0.011503 -0.999927
vn -0.004397 0.011426 -0.999925
vn -0.002074 0.011383 -0.999933
vn -0.004664 0.011586 -0.999922
vn -0.000394 0.011928 -0.999929
vn -0.003178 0.011871 -0.999924
vn 0.001624 0.011749 -0.999930
vn 0.022497 -0.011778 0.999678
vn 0.005062 -0.011781 0.999918
vn -0.998124 -0.028598 0.054141
vn 0.001756 -0.010975 0.999938
vn -0.873239 0.483249 0.062650
vn -0.953438 0.288661 0.087355
vn 0.811150 -0.584839 0.000000
vn -0.148715 0.988880 0.000000
vn -0.148715 0.988880 0.000000
vn 0.811150 -0.584839 0.000000
vn 0.472576 -0.881290 0.000000
vn 0.506094 -0.862478 0.000000
vn -0.979658 0.200673 0.000000
vn -0.999872 -0.015992 -0.000354
vn -0.357217 0.934021 0.000000
vn 0.000000 1.000000 0.000000
vn 0.000000 1.000000 0.000000
vn -0.588249 0.808680 0.000000
vn 0.000000 0.000000 1.000000
vn 0.000000 0.000000 1.000000
vn -0.001363 0.000996 0.999999
vn -0.001471 0.001076 0.999998
vn -0.001149 0.000821 0.999999
vn 0.000000 0.724138 0.689655
vn 0.000000 1.000000 0.000000
vn 0.000000 0.724138 0.689655
vn 0.000000 0.724138 0.689655
vn -0.997670 0.068222 0.000000
vn -0.943610 -0.331060 0.000000
vn -0.997673 -0.068182 0.000000
vn -0.604702 -0.796452 0.000000
vn -0.703580 0.710616 0.000000
vn 0.000000 0.724138 0.689655
vn -0.719932 -0.694044 0.000000
vn -0.887510 -0.460788 0.000000
vn 0.991959 0.126556 0.000000
vn 0.844564 0.535455 0.000000
vn 0.162222 -0.010957 0.986693
vn 0.277098 0.960842 0.000000
vn 0.172363 -0.000497 -0.985033
vn 0.995954 0.089862 0.000000
vn 0.997029 0.077027 0.000000
vn -0.887383 0.461033 0.000000
vn 0.993122 -0.117079 0.000769
vn -0.719932 0.694044 0.000000
vn -0.943480 0.331429 0.000000
vn 0.000000 0.000000 -1.000000
vn 0.000000 0.000000 -1.000000
vn 0.000000 0.000000 -1.000000
vn -0.703580 0.710616 0.000000
vn -0.703580 0.710616 0.000000
vn -0.600876 -0.799342 0.000000
vn -0.811150 -0.584839 0.000000
vn 0.172926 0.002572 0.984931
vn 0.000000 -1.000000 0.000000
vn 0.000000 -1.000000 0.000000
vn 0.000000 -1.000000 0.000000
vn 0.172950 0.003423 0.984925
vn 0.172227 -0.002306 -0.985055
vn 0.000000 1.000000 0.000000
vn 0.000000 1.000000 0.000000
vn -1.000000 0.000000 0.000000
vn 0.000000 1.000000 0.000000
vn 0.175366 0.004780 -0.984492
vn 0.171794 -0.000501 -0.985133
vn 0.000000 -1.000000 0.000000
vn 0.171436 0.002506 0.985192
vn 0.174874 -0.000084 -0.984591
vn 0.173328 -0.002790 -0.984860
vn 0.999730 0.023024 0.003095
vn -0.002765 0.000286 -0.999996
vn -0.016464 -0.024480 0.999565
vn 0.999947 0.010284 -0.000497
vn 0.000000 0.000000 1.000000
vn 0.000000 0.000000 1.000000
vn -0.005466 -0.999985 0.000000
vn -0.559754 0.828659 -0.000223
vn -0.560551 0.828120 -0.000434
vn 0.160696 -0.012785 0.986921
vn 0.165333 0.001459 0.986237
vn 0.167559 -0.027014 0.985492
vn 0.993152 -0.116825 0.000396
vn 0.999872 -0.015992 0.000354
vn 0.148715 0.988880 0.000000
vn -0.811150 -0.584839 0.000000
vn 0.407290 -0.901954 0.143505
vn 0.756462 -0.461260 0.463685
vn 0.000000 0.000000 -1.000000
vn 0.000000 0.000000 -1.000000
vn 0.004544 -0.009834 0.999941
vn 0.000000 0.000000 -1.000000
vn 0.050725 -0.998711 -0.001926
vn 0.289578 -0.957153 -0.001695
vn -0.096349 -0.995347 -0.001466
vn 0.289294 -0.957238 -0.001846
vn -0.003635 -0.011507 0.999927
vn -0.002068 -0.011386 0.999933
vn -0.004659 -0.011588 0.999922
vn -0.000594 -0.011687 0.999932
vn 0.001235 -0.011189 0.999937
vn 0.002789 -0.008795 0.999957
vn 0.006320 -0.009471 0.999935
vn 0.003678 -0.010920 0.999934
vn 0.002587 -0.010571 0.999941
vn 0.028000 -0.999606 -0.001941
vn 0.205070 -0.971643 0.117715
vn 0.289471 -0.946600 0.141969
vn 0.000000 0.000000 -1.000000
vn 0.000000 0.000000 -1.000000
vn 0.000000 0.000000 1.000000
vn 0.000000 0.000000 1.000000
vn 0.000000 0.000000 -1.000000
vn 0.000000 0.000000 -1.000000
vn -0.792578 0.609770 -0.000588
vn 0.315385 -0.948964 -0.000305
vn 0.009719 -0.007489 0.999925
vn 0.018874 0.008602 0.999785
vn 0.194902 -0.971419 0.135494
vn -0.006703 0.001461 -0.999976
vn -0.006430 0.001294 -0.999978
vn -0.006562 0.001440 -0.999977
vn -0.006539 0.001296 -0.999978
vn -0.003106 -0.004816 -0.999984
vn -0.005793 -0.002395 -0.999980
vn -0.927396 -0.374040 0.005513
vn -0.929440 -0.368916 0.006455
vn -0.004059 -0.011663 0.999924
vn -0.004395 -0.011424 0.999925
vn 0.004230 -0.011520 0.999925
vn 0.002017 -0.008189 0.999964
vn 0.978499 -0.206146 -0.006582
vn 0.976414 -0.215807 -0.006540
vn 0.885044 0.465462 -0.006542
vn 0.983619 -0.180141 -0.006621
vn 0.710966 0.703195 -0.006633
vn 0.950606 0.310328 -0.006701
vn 0.000000 0.000000 1.000000
vn 0.001987 -0.001546 0.999997
vn 0.000000 0.000000 -1.000000
vn -0.030319 -0.999539 -0.001748
vn 0.000000 0.000000 1.000000
vn 0.000000 0.000000 1.000000
vn -0.215813 -0.976434 -0.001289
vn -0.217004 -0.976170 -0.001412
vn -0.184573 -0.982818 -0.001466
vn -0.027149 -0.999630 -0.001631
vn 0.000984 -0.007986 0.999968
vn -0.000936 -0.005536 0.999984
vn 0.000306 -0.005851 0.999983
vn 0.914151 0.405370 -0.001468
vn 0.914065 0.405565 -0.001493
vn 0.999416 0.034144 -0.001487
vn 0.999387 0.034969 -0.001462
vn 0.062378 -0.998051 -0.001474
vn 0.000060 -0.007533 0.999972
vn 0.000321 -0.006341 0.999980
vn 0.128319 0.991732 0.001485
vn -0.089305 0.996003 0.001495
vn -0.209840 0.977734 0.001515
vn -0.318789 0.947824 0.001525
vn 0.172261 0.985050 0.001621
vn 0.246434 0.969158 0.001527
vn 0.000000 -1.000000 0.000000
vn 0.000000 0.000000 -1.000000
vn 0.000000 0.000000 -1.000000
vn -0.316915 0.948453 0.001467
vn -0.278775 0.960355 0.001443
vn -0.132147 0.991229 0.001732
vn -0.236629 0.971599 0.001553
vn 0.172823 0.984951 0.001816
vn 0.000056 0.006242 -0.999981
vn -0.000054 0.007541 -0.999972
vn -0.000005 0.005568 -0.999984
vn 0.003645 0.011503 -0.999927
vn 0.004664 0.011586 -0.999922
vn 0.004397 0.011426 -0.999925
vn 0.000394 0.011928 -0.999929
vn -0.998702 -0.050929 0.000053
vn 0.167559 -0.027014 -0.985492
vn 0.162222 -0.010957 -0.986693
vn 0.171794 -0.000501 0.985133
vn 0.000000 0.000000 1.000000
vn 0.000000 0.000000 1.000000
vn 0.000000 0.000000 1.000000
vn 0.172256 -0.000198 0.985052
vn 0.000135 0.005664 -0.999984
vn -0.001836 0.007479 -0.999970
vn -0.002105 0.008163 -0.999964
vn -0.001097 0.007736 -0.999969
vn -0.003749 0.010823 -0.999934
vn 0.000591 0.011690 -0.999931
vn 0.002074 0.011383 -0.999933
vn -0.001241 0.011196 -0.999937
vn 0.997673 -0.068182 0.000000
vn 0.997670 0.068222 0.000000
vn 0.003178 0.011871 -0.999924
vn 0.004046 0.011676 -0.999924
vn -0.001624 0.011749 -0.999930
vn 0.923740 -0.376968 0.067816
vn 0.828787 -0.559563 -0.001479
vn 0.873239 0.483249 0.062650
vn 0.953438 0.288661 0.087355
vn 0.998124 -0.028598 0.054141
vn 0.884360 0.463003 0.059457
vn -0.001756 -0.010975 0.999938
vn -0.005062 -0.011781 0.999918
vn -0.022497 -0.011778 0.999678
vn 0.168263 -0.026490 0.985386
vn 0.171659 -0.000127 -0.985156
vn 0.171724 -0.000959 -0.985145
vn 0.161576 -0.012623 0.986779
vn 0.000000 0.000000 -1.000000
vn 0.000000 0.000000 -1.000000
vn 0.000000 0.724138 -0.689655
vn 0.000000 -1.000000 0.000000
vn 0.000000 0.000000 -1.000000
vn 0.000000 0.000000 -1.000000
vn 0.000000 0.000000 -1.000000
vn 0.000000 -1.000000 0.000000
vn -0.657793 -0.753198 0.001542
vn -0.658362 -0.752700 0.001724
vn -0.000056 0.006242 -0.999981
vn 0.000005 0.005568 -0.999984
vn -0.057882 0.998322 0.001925
vn 0.670462 0.741942 0.001515
vn 0.000000 0.000000 -1.000000
vn 0.000000 0.000000 1.000000
vn 0.564333 0.043496 0.824401
vn 0.052998 0.267006 0.962236
vn 0.000000 0.000000 1.000000
vn 1.000000 0.000000 0.000000
vn 0.000000 0.724138 0.689655
vn 0.000000 0.724138 0.689655
vn 0.652760 -0.035073 0.756752
vn 0.000000 1.000000 0.000000
vn 0.000000 0.000000 1.000000
vn 0.000000 0.000000 1.000000
vn 0.703580 0.710616 0.000000
vn 0.703580 0.710616 0.000000
vn 0.732372 0.680903 0.001394
vn 0.923450 0.383717 0.001482
vn 0.000000 0.000000 1.000000
vn 0.000000 -1.000000 0.000000
vn 0.000000 0.724138 0.689655
vn 0.000000 0.000000 1.000000
vn 0.000000 -1.000000 0.000000
vn 0.000000 -1.000000 0.000000
vn 0.175012 0.001271 0.984566
vn 0.172950 0.003423 -0.984925
vn 0.171859 -0.001734 0.985120
vn 0.172926 0.002572 -0.984931
vn 0.703580 0.710616 0.000000
vn 0.000000 0.000000 -1.000000
vn 0.175366 0.004780 0.984492
vn 0.172875 -0.001522 0.984943
vn 0.000000 0.000000 -1.000000
vn 0.000000 0.724138 -0.689655
vn 0.993182 -0.116571 -0.000769
vn 0.993152 -0.116825 -0.000396
vn 0.991986 0.126345 0.000000
vn 0.277001 0.960869 0.000000
vn 0.844485 0.535580 0.000000
vn -0.127992 0.991775 0.000155
vn 0.148715 0.988880 0.000000
vn 0.000000 0.000000 -1.000000
vn 0.604702 0.796452 0.000000
vn 0.719932 0.694044 0.000000
vn -0.811150 -0.584839 0.000000
vn -0.600876 -0.799342 0.000000
vn 0.148715 0.988880 0.000000
vn 0.588249 0.808680 0.000000
vn 0.357217 0.934021 0.000000
vn 0.000000 0.000000 -1.000000
vn 0.000000 0.000000 -1.000000
vn 0.000000 0.000000 -1.000000
vn 0.000000 0.000000 -1.000000
vn 0.887383 0.461033 0.000000
vn 0.943480 0.331429 0.000000
vn 0.408557 -0.016806 0.912578
vn 0.000000 0.000000 1.000000
vn 0.366493 0.024016 0.930111
vn 0.461397 0.517734 0.720461
vn 0.488327 0.872659 0.001638
vn -0.813252 0.581911 0.000000
vn -0.956509 0.291701 0.000000
vn -0.995954 0.089862 0.000000
vn 0.000000 0.000000 1.000000
vn 0.000000 0.000000 1.000000
vn 0.001149 0.000821 0.999999
vn 0.001471 0.001076 0.999998
vn 0.604702 -0.796452 0.000000
vn 0.982993 -0.183644 0.000000
vn 0.719932 -0.694044 0.000000
vn 0.001363 0.000996 0.999999
vn 0.001411 0.001093 0.999998
vn 0.164820 -0.986324 0.000000
vn 0.982993 -0.183644 0.000000
vn 0.000000 -1.000000 0.000000
vn 0.000000 -1.000000 0.000000
vn 0.982993 -0.183644 0.000000
vn -0.997411 0.071914 0.000000
vn -0.997411 0.071914 0.000000
vn 0.982993 -0.183644 0.000000
vn -0.276331 0.961063 0.000000
vn -0.496946 0.867781 0.000000
vn -0.181946 0.983309 0.000000
vn 0.164820 0.986324 0.000000
vn -0.997029 0.077027 0.000000
vn -0.901295 0.433207 0.000000
vn 0.000000 1.000000 0.000000
vn 0.000000 0.724138 0.689655
vn 0.000000 1.000000 0.000000
vn 1.000000 0.000000 0.000000
vn -0.811150 -0.584839 0.000000
vn 0.000000 -1.000000 0.000000
vn 0.327022 0.945017 0.000000
vn -0.089060 0.996026 0.000000
vn 0.000000 0.000000 -1.000000
vn 0.000000 0.000000 -1.000000
vn 0.000000 1.000000 0.000000
vn 0.334215 0.588384 0.736277
f 432/432/432 416/416/416 420/420/420
f 448/448/448 453/453/453 437/437/437
f 534/534/534 531/531/531 529/529/529
f 31/31/31 84/84/84 823/823/823
f 31/31/31 30/30/30 84/84/84
f 84/84/84 30/30/30 36/36/36
f 59/59/59 84/84/84 36/36/36
f 84/84/84 59/59/59 85/85/85
f 84/84/84 85/85/85 86/86/86
f 86/86/86 77/77/77 84/84/84
f 59/59/59 36/36/36 33/33/33
f 77/77/77 86/86/86 67/67/67
f 77/77/77 67/67/67 69/69/69
f 57/57/57 77/77/77 69/69/69
f 57/57/57 99/99/99 77/77/77
f 77/77/77 99/99/99 100/100/100
f 90/90/90 100/100/100 99/99/99
f 100/100/100 90/90/90 98/98/98
f 67/67/67 68/68/68 69/69/69
f 67/67/67 875/875/875 68/68/68
f 68/68/68 875/875/875 877/877/877
f 875/875/875 876/876/876 877/877/877
f 87/87/87 16/16/16 830/830/830
f 87/87/87 5/5/5 16/16/16
f 5/5/5 87/87/87 2/2/2
f 87/87/87 61/61/61 2/2/2
f 2/2/2 61/61/61 3/3/3
f 89/89/89 61/61/61 87/87/87
f 87/87/87 88/88/88 89/89/89
f 78/78/78 88/88/88 87/87/87
f 88/88/88 78/78/78 63/63/63
f 71/71/71 63/63/63 78/78/78
f 63/63/63 71/71/71 64/64/64
f 63/63/63 64/64/64 1196/1196/1196
f 1196/1196/1196 64/64/64 1197/1197/1197
f 1196/1196/1196 1197/1197/1197 1199/1199/1199
f 78/78/78 58/58/58 71/71/71
f 58/58/58 78/78/78 92/92/92
f 92/92/92 78/78/78 93/93/93
f 93/93/93 91/91/91 92/92/92
f 91/91/91 93/93/93 101/101/101
f 822/822/822 37/37/37 831/831/831
f 831/831/831 37/37/37 38/38/38
f 40/40/40 38/38/38 37/37/37
f 39/39/39 38/38/38 40/40/40
f 47/47/47 39/39/39 40/40/40
f 34/34/34 39/39/39 47/47/47
f 48/48/48 34/34/34 47/47/47
f 35/35/35 34/34/34 48/48/48
f 47/47/47 46/46/46 48/48/48
f 820/820/820 834/834/834 821/821/821
f 827/827/827 834/834/834 820/820/820
f 827/827/827 826/826/826 834/834/834
f 825/825/825 826/826/826 827/827/827
f 825/825/825 1/1/1 826/826/826
f 826/826/826 1/1/1 29/29/29
f 1/1/1 27/27/27 29/29/29
f 29/29/29 27/27/27 26/26/26
f 835/835/835 27/27/27 1/1/1
f 14/14/14 15/15/15 824/824/824
f 10/10/10 15/15/15 14/14/14
f 21/21/21 12/12/12 11/11/11
f 12/12/12 21/21/21 17/17/17
f 12/12/12 17/17/17 6/6/6
f 6/6/6 17/17/17 714/714/714
f 17/17/17 21/21/21 24/24/24
f 24/24/24 21/21/21 19/19/19
f 714/714/714 17/17/17 716/716/716
f 726/726/726 714/714/714 716/716/716
f 714/714/714 726/726/726 116/116/116
f 118/118/118 714/714/714 116/116/116
f 147/147/147 714/714/714 118/118/118
f 118/118/118 127/127/127 147/147/147
f 147/147/147 127/127/127 124/124/124
f 116/116/116 726/726/726 742/742/742
f 742/742/742 726/726/726 746/746/746
f 746/746/746 1198/1198/1198 742/742/742
f 742/742/742 1198/1198/1198 1212/1212/1212
f 1198/1198/1198 1313/1313/1313 1212/1212/1212
f 1212/1212/1212 1313/1313/1313 1314/1314/1314
f 1314/1314/1314 1313/1313/1313 1315/1315/1315
f 28/28/28 25/25/25 23/23/23
f 23/23/23 25/25/25 22/22/22
f 25/25/25 18/18/18 22/22/22
f 22/22/22 18/18/18 20/20/20
f 18/18/18 732/732/732 20/20/20
f 20/20/20 732/732/732 731/731/731
f 732/732/732 737/737/737 731/731/731
f 731/731/731 737/737/737 734/734/734
f 737/737/737 747/747/747 734/734/734
f 745/745/745 747/747/747 737/737/737
f 745/745/745 1194/1194/1194 747/747/747
f 1215/1215/1215 1194/1194/1194 745/745/745
f 1215/1215/1215 1214/1214/1214 1194/1194/1194
f 1226/1226/1226 1214/1214/1214 1215/1215/1215
f 44/44/44 42/42/42 41/41/41
f 44/44/44 49/49/49 42/42/42
f 42/42/42 49/49/49 45/45/45
f 45/45/45 43/43/43 42/42/42
f 4/4/4 49/49/49 44/44/44
f 728/728/728 49/49/49 4/4/4
f 728/728/728 729/729/729 49/49/49
f 728/728/728 727/727/727 729/729/729
f 727/727/727 728/728/728 144/144/144
f 144/144/144 862/862/862 727/727/727
f 727/727/727 862/862/862 887/887/887
f 862/862/862 879/879/879 887/887/887
f 880/880/880 879/879/879 862/862/862
f 880/880/880 1112/1112/1112 879/879/879
f 728/728/728 146/146/146 144/144/144
f 145/145/145 146/146/146 728/728/728
f 145/145/145 126/126/126 146/146/146
f 126/126/126 145/145/145 125/125/125
f 1110/1110/1110 1112/1112/1112 880/880/880
f 1110/1110/1110 1109/1109/1109 1112/1112/1112
f 56/56/56 54/54/54 53/53/53
f 53/53/53 54/54/54 50/50/50
f 53/53/53 50/50/50 52/52/52
f 52/52/52 50/50/50 51/51/51
f 52/52/52 51/51/51 733/733/733
f 733/733/733 51/51/51 730/730/730
f 733/733/733 730/730/730 736/736/736
f 736/736/736 730/730/730 735/735/735
f 735/735/735 565/565/565 736/736/736
f 736/736/736 565/565/565 883/883/883
f 565/565/565 566/566/566 883/883/883
f 883/883/883 566/566/566 882/882/882
f 566/566/566 884/884/884 882/882/882
f 882/882/882 884/884/884 881/881/881
f 70/70/70 73/73/73 55/55/55
f 55/55/55 73/73/73 75/75/75
f 73/73/73 74/74/74 75/75/75
f 75/75/75 74/74/74 72/72/72
f 79/79/79 717/717/717 76/76/76
f 76/76/76 717/717/717 713/713/713
f 717/717/717 715/715/715 713/713/713
f 713/713/713 715/715/715 711/711/711
f 111/111/111 108/108/108 110/110/110
f 109/109/109 108/108/108 111/111/111
f 107/107/107 102/102/102 106/106/106
f 105/105/105 102/102/102 107/107/107
f 104/104/104 112/112/112 103/103/103
f 115/115/115 112/112/112 104/104/104
f 115/115/115 113/113/113 112/112/112
f 114/114/114 113/113/113 115/115/115
f 117/117/117 143/143/143 119/119/119
f 141/141/141 143/143/143 117/117/117
f 141/141/141 142/142/142 143/143/143
f 149/149/149 142/142/142 141/141/141
f 129/129/129 139/139/139 128/128/128
f 138/138/138 139/139/139 129/129/129
f 122/122/122 121/121/121 120/120/120
f 123/123/123 121/121/121 122/122/122
f 148/148/148 133/133/133 140/140/140
f 131/131/131 133/133/133 148/148/148
f 151/151/151 153/153/153 1001/1001/1001
f 1001/1001/1001 153/153/153 1004/1004/1004
f 1004/1004/1004 1002/1002/1002 1001/1001/1001
f 1003/1003/1003 1002/1002/1002 1004/1004/1004
f 161/161/161 163/163/163 160/160/160
f 160/160/160 163/163/163 152/152/152
f 152/152/152 130/130/130 160/160/160
f 152/152/152 167/167/167 130/130/130
f 152/152/152 132/132/132 167/167/167
f 166/166/166 132/132/132 152/152/152
f 166/166/166 80/80/80 132/132/132
f 132/132/132 80/80/80 81/81/81
f 80/80/80 65/65/65 81/81/81
f 81/81/81 65/65/65 66/66/66
f 65/65/65 1108/1108/1108 66/66/66
f 1106/1106/1106 1108/1108/1108 65/65/65
f 1106/1106/1106 1107/1107/1107 1108/1108/1108
f 1022/1022/1022 1107/1107/1107 1106/1106/1106
f 1022/1022/1022 1103/1103/1103 1107/1107/1107
f 1105/1105/1105 1103/1103/1103 1022/1022/1022
f 1105/1105/1105 1102/1102/1102 1103/1103/1103
f 1103/1103/1103 1102/1102/1102 1104/1104/1104
f 1102/1102/1102 1101/1101/1101 1104/1104/1104
f 1101/1101/1101 1095/1095/1095 1104/1104/1104
f 1098/1098/1098 1095/1095/1095 1101/1101/1101
f 1098/1098/1098 1096/1096/1096 1095/1095/1095
f 1097/1097/1097 1096/1096/1096 1098/1098/1098
f 1097/1097/1097 1100/1100/1100 1096/1096/1096
f 1099/1099/1099 1100/1100/1100 1097/1097/1097
f 1099/1099/1099 1086/1086/1086 1100/1100/1100
f 1086/1086/1086 1330/1330/1330 1100/1100/1100
f 1100/1100/1100 1330/1330/1330 1331/1331/1331
f 1098/1098/1098 979/979/979 1097/1097/1097
f 979/979/979 1098/1098/1098 976/976/976
f 1099/1099/1099 1097/1097/1097 926/926/926
f 1330/1330/1330 1179/1179/1179 1331/1331/1331
f 1331/1331/1331 1179/1179/1179 212/212/212
f 1179/1179/1179 259/259/259 212/212/212
f 259/259/259 1179/1179/1179 263/263/263
f 263/263/263 260/260/260 259/259/259
f 259/259/259 260/260/260 258/258/258
f 260/260/260 257/257/257 258/258/258
f 257/257/257 256/256/256 258/258/258
f 263/263/263 1179/1179/1179 211/211/211
f 211/211/211 1179/1179/1179 210/210/210
f 1179/1179/1179 136/136/136 210/210/210
f 210/210/210 136/136/136 164/164/164
f 154/154/154 162/162/162 137/137/137
f 137/137/137 162/162/162 135/135/135
f 137/137/137 135/135/135 134/134/134
f 134/134/134 135/135/135 157/157/157
f 134/134/134 157/157/157 156/156/156
f 156/156/156 157/157/157 155/155/155
f 156/156/156 155/155/155 1017/1017/1017
f 1017/1017/1017 155/155/155 1019/1019/1019
f 1019/1019/1019 1016/1016/1016 1017/1017/1017
f 1017/1017/1017 1016/1016/1016 994/994/994
f 1016/1016/1016 992/992/992 994/994/994
f 994/994/994 992/992/992 993/993/993
f 992/992/992 995/995/995 993/993/993
f 993/993/993 995/995/995 1011/1011/1011
f 165/165/165 262/262/262 169/169/169
f 169/169/169 262/262/262 261/261/261
f 262/262/262 287/287/287 261/261/261
f 290/290/290 287/287/287 262/262/262
f 200/200/200 197/197/197 168/168/168
f 200/200/200 168/168/168 199/199/199
f 200/200/200 199/199/199 203/203/203
f 203/203/203 199/199/199 198/198/198
f 203/203/203 198/198/198 224/224/224
f 203/203/203 224/224/224 225/225/225
f 225/225/225 224/224/224 253/253/253
f 253/253/253 224/224/224 252/252/252
f 253/253/253 252/252/252 1020/1020/1020
f 224/224/224 198/198/198 226/226/226
f 226/226/226 223/223/223 224/224/224
f 223/223/223 219/219/219 224/224/224
f 222/222/222 219/219/219 223/223/223
f 1020/1020/1020 252/252/252 1021/1021/1021
f 1020/1020/1020 1021/1021/1021 1018/1018/1018
f 1050/1050/1050 1020/1020/1020 1018/1018/1018
f 1048/1048/1048 1020/1020/1020 1050/1050/1050
f 1049/1049/1049 1048/1048/1048 1050/1050/1050
f 1047/1047/1047 1048/1048/1048 1049/1049/1049
f 1046/1046/1046 1047/1047/1047 1049/1049/1049
f 1044/1044/1044 1047/1047/1047 1046/1046/1046
f 1018/1018/1018 929/929/929 1050/1050/1050
f 1044/1044/1044 1046/1046/1046 1045/1045/1045
f 1044/1044/1044 1045/1045/1045 1042/1042/1042
f 1042/1042/1042 1045/1045/1045 1043/1043/1043
f 1041/1041/1041 1042/1042/1042 1043/1043/1043
f 1039/1039/1039 1042/1042/1042 1041/1041/1041
f 1038/1038/1038 1039/1039/1039 1041/1041/1041
f 1037/1037/1037 1039/1039/1039 1038/1038/1038
f 1037/1037/1037 1038/1038/1038 1040/1040/1040
f 1040/1040/1040 1038/1038/1038 1036/1036/1036
f 1057/1057/1057 1040/1040/1040 1036/1036/1036
f 1057/1057/1057 1036/1036/1036 740/740/740
f 740/740/740 1036/1036/1036 743/743/743
f 744/744/744 740/740/740 743/743/743
f 744/744/744 743/743/743 1056/1056/1056
f 1055/1055/1055 744/744/744 1056/1056/1056
f 1054/1054/1054 1055/1055/1055 1056/1056/1056
f 1051/1051/1051 1055/1055/1055 1054/1054/1054
f 1052/1052/1052 1051/1051/1051 1054/1054/1054
f 1053/1053/1053 1052/1052/1052 1054/1054/1054
f 1054/1054/1054 1014/1014/1014 1053/1053/1053
f 1053/1053/1053 1014/1014/1014 1000/1000/1000
f 1050/1050/1050 974/974/974 1049/1049/1049
f 974/974/974 967/967/967 1049/1049/1049
f 221/221/221 202/202/202 201/201/201
f 220/220/220 202/202/202 221/221/221
f 221/221/221 968/968/968 220/220/220
f 1015/1015/1015 968/968/968 221/221/221
f 969/969/969 968/968/968 1015/1015/1015
f 970/970/970 968/968/968 969/969/969
f 970/970/970 969/969/969 928/928/928
f 928/928/928 969/969/969 927/927/927
f 205/205/205 207/207/207 204/204/204
f 204/204/204 207/207/207 206/206/206
f 207/207/207 209/209/209 206/206/206
f 206/206/206 209/209/209 208/208/208
f 209/209/209 1034/1034/1034 208/208/208
f 208/208/208 1034/1034/1034 1064/1064/1064
f 1065/1065/1065 1064/1064/1064 1034/1034/1034
f 1066/1066/1066 1064/1064/1064 1065/1065/1065
f 1069/1069/1069 1066/1066/1066 1065/1065/1065
f 1068/1068/1068 1066/1066/1066 1069/1069/1069
f 1067/1067/1067 1068/1068/1068 1069/1069/1069
f 1093/1093/1093 1068/1068/1068 1067/1067/1067
f 1094/1094/1094 1093/1093/1093 1067/1067/1067
f 1092/1092/1092 1093/1093/1093 1094/1094/1094
f 1091/1091/1091 1092/1092/1092 1094/1094/1094
f 1090/1090/1090 1092/1092/1092 1091/1091/1091
f 1089/1089/1089 1090/1090/1090 1091/1091/1091
f 1088/1088/1088 1090/1090/1090 1089/1089/1089
f 1087/1087/1087 1088/1088/1088 1089/1089/1089
f 1085/1085/1085 1088/1088/1088 1087/1087/1087
f 1083/1083/1083 1085/1085/1085 1087/1087/1087
f 1084/1084/1084 1085/1085/1085 1083/1083/1083
f 1181/1181/1181 952/952/952 1178/1178/1178
f 1178/1178/1178 952/952/952 942/942/942
f 952/952/952 953/953/953 942/942/942
f 942/942/942 953/953/953 940/940/940
f 953/953/953 943/943/943 940/940/940
f 941/941/941 943/943/943 953/953/953
f 941/941/941 934/934/934 943/943/943
f 944/944/944 934/934/934 941/941/941
f 213/213/213 955/955/955 1180/1180/1180
f 214/214/214 213/213/213 1180/1180/1180
f 216/216/216 217/217/217 215/215/215
f 218/218/218 217/217/217 216/216/216
f 254/254/254 255/255/255 300/300/300
f 300/300/300 255/255/255 298/298/298
f 300/300/300 298/298/298 296/296/296
f 296/296/296 298/298/298 295/295/295
f 295/295/295 288/288/288 296/296/296
f 289/289/289 288/288/288 295/295/295
f 1328/1328/1328 1031/1031/1031 1329/1329/1329
f 1032/1032/1032 1031/1031/1031 1328/1328/1328
f 1030/1030/1030 1031/1031/1031 1032/1032/1032
f 1035/1035/1035 1031/1031/1031 1030/1030/1030
f 297/297/297 299/299/299 241/241/241
f 241/241/241 299/299/299 242/242/242
f 242/242/242 596/596/596 241/241/241
f 598/598/598 596/596/596 242/242/242
f 598/598/598 597/597/597 596/596/596
f 596/596/596 597/597/597 595/595/595
f 597/597/597 593/593/593 595/595/595
f 595/595/595 593/593/593 594/594/594
f 302/302/302 305/305/305 311/311/311
f 303/303/303 305/305/305 302/302/302
f 315/315/315 354/354/354 304/304/304
f 353/353/353 354/354/354 315/315/315
f 353/353/353 352/352/352 354/354/354
f 354/354/354 352/352/352 351/351/351
f 1251/1251/1251 316/316/316 318/318/318
f 1252/1252/1252 316/316/316 1251/1251/1251
f 1251/1251/1251 1248/1248/1248 1252/1252/1252
f 1200/1200/1200 1248/1248/1248 1251/1251/1251
f 1200/1200/1200 1201/1201/1201 1248/1248/1248
f 1203/1203/1203 1201/1201/1201 1200/1200/1200
f 1203/1203/1203 895/895/895 1201/1201/1201
f 1201/1201/1201 895/895/895 623/623/623
f 898/898/898 229/229/229 312/312/312
f 898/898/898 230/230/230 229/229/229
f 231/231/231 236/236/236 900/900/900
f 240/240/240 236/236/236 231/231/231
f 240/240/240 237/237/237 236/236/236
f 301/301/301 237/237/237 240/240/240
f 240/240/240 239/239/239 301/301/301
f 238/238/238 239/239/239 240/240/240
f 239/239/239 238/238/238 899/899/899
f 239/239/239 899/899/899 1216/1216/1216
f 1216/1216/1216 899/899/899 1217/1217/1217
f 1216/1216/1216 1217/1217/1217 640/640/640
f 640/640/640 1217/1217/1217 1220/1220/1220
f 640/640/640 1220/1220/1220 1221/1221/1221
f 240/240/240 1281/1281/1281 238/238/238
f 1279/1279/1279 1281/1281/1281 240/240/240
f 1279/1279/1279 1297/1297/1297 1281/1281/1281
f 1280/1280/1280 1297/1297/1297 1279/1279/1279
f 1294/1294/1294 1297/1297/1297 1280/1280/1280
f 1295/1295/1295 1297/1297/1297 1294/1294/1294
f 1298/1298/1298 1297/1297/1297 1295/1295/1295
f 1296/1296/1296 1298/1298/1298 1295/1295/1295
f 1301/1301/1301 1298/1298/1298 1296/1296/1296
f 1299/1299/1299 1301/1301/1301 1296/1296/1296
f 1300/1300/1300 1301/1301/1301 1299/1299/1299
f 1294/1294/1294 896/896/896 1295/1295/1295
f 1282/1282/1282 1300/1300/1300 1299/1299/1299
f 1282/1282/1282 1284/1284/1284 1300/1300/1300
f 1283/1283/1283 1284/1284/1284 1282/1282/1282
f 1305/1305/1305 1284/1284/1284 1283/1283/1283
f 1304/1304/1304 1284/1284/1284 1305/1305/1305
f 1285/1285/1285 1304/1304/1304 1305/1305/1305
f 1306/1306/1306 1304/1304/1304 1285/1285/1285
f 62/62/62 1306/1306/1306 1285/1285/1285
f 60/60/60 1306/1306/1306 62/62/62
f 62/62/62 83/83/83 60/60/60
f 82/82/82 83/83/83 62/62/62
f 82/82/82 158/158/158 83/83/83
f 159/159/159 158/158/158 82/82/82
f 636/636/636 158/158/158 159/159/159
f 150/150/150 158/158/158 636/636/636
f 636/636/636 13/13/13 150/150/150
f 636/636/636 633/633/633 13/13/13
f 636/636/636 635/635/635 633/633/633
f 633/633/633 635/635/635 676/676/676
f 1296/1296/1296 1295/1295/1295 622/622/622
f 622/622/622 1247/1247/1247 1296/1296/1296
f 233/233/233 235/235/235 232/232/232
f 234/234/234 235/235/235 233/233/233
f 233/233/233 178/178/178 234/234/234
f 373/373/373 178/178/178 233/233/233
f 174/174/174 178/178/178 373/373/373
f 264/264/264 178/178/178 174/174/174
f 356/356/356 264/264/264 174/174/174
f 357/357/357 264/264/264 356/356/356
f 245/245/245 243/243/243 662/662/662
f 662/662/662 243/243/243 661/661/661
f 662/662/662 661/661/661 659/659/659
f 659/659/659 661/661/661 674/674/674
f 659/659/659 674/674/674 675/675/675
f 675/675/675 674/674/674 1243/1243/1243
f 675/675/675 1243/1243/1243 1241/1241/1241
f 1241/1241/1241 1243/1243/1243 1244/1244/1244
f 1241/1241/1241 1244/1244/1244 1242/1242/1242
f 1242/1242/1242 1244/1244/1244 1239/1239/1239
f 1239/1239/1239 609/609/609 1242/1242/1242
f 1240/1240/1240 609/609/609 1239/1239/1239
f 319/319/319 244/244/244 246/246/246
f 314/314/314 244/244/244 319/319/319
f 313/313/313 311/311/311 310/310/310
f 310/310/310 607/607/607 313/313/313
f 313/313/313 607/607/607 608/608/608
f 608/608/608 607/607/607 606/606/606
f 606/606/606 607/607/607 605/605/605
f 606/606/606 605/605/605 604/604/604
f 604/604/604 605/605/605 603/603/603
f 603/603/603 605/605/605 601/601/601
f 603/603/603 601/601/601 602/602/602
f 601/601/601 599/599/599 602/602/602
f 600/600/600 599/599/599 601/601/601
f 312/312/312 321/321/321 322/322/322
f 321/321/321 722/722/722 322/322/322
f 322/322/322 722/722/722 724/724/724
f 722/722/722 725/725/725 724/724/724
f 724/724/724 725/725/725 1231/1231/1231
f 1231/1231/1231 725/725/725 707/707/707
f 707/707/707 1232/1232/1232 1231/1231/1231
f 1231/1231/1231 1232/1232/1232 1230/1230/1230
f 1230/1230/1230 1232/1232/1232 1228/1228/1228
f 1229/1229/1229 1230/1230/1230 1228/1228/1228
f 1227/1227/1227 1230/1230/1230 1229/1229/1229
f 177/177/177 358/358/358 355/355/355
f 175/175/175 358/358/358 177/177/177
f 177/177/177 173/173/173 175/175/175
f 176/176/176 175/175/175 173/173/173
f 286/286/286 175/175/175 176/176/176
f 285/285/285 175/175/175 286/286/286
f 1257/1257/1257 175/175/175 285/285/285
f 1264/1264/1264 175/175/175 1257/1257/1257
f 1255/1255/1255 1264/1264/1264 1257/1257/1257
f 1263/1263/1263 1264/1264/1264 1255/1255/1255
f 1255/1255/1255 1256/1256/1256 1263/1263/1263
f 285/285/285 286/286/286 317/317/317
f 286/286/286 1219/1219/1219 317/317/317
f 317/317/317 1219/1219/1219 1218/1218/1218
f 1219/1219/1219 1245/1245/1245 1218/1218/1218
f 1218/1218/1218 1245/1245/1245 1249/1249/1249
f 1249/1249/1249 1245/1245/1245 1250/1250/1250
f 266/266/266 380/380/380 265/265/265
f 267/267/267 380/380/380 266/266/266
f 380/380/380 267/267/267 379/379/379
f 419/419/419 379/379/379 267/267/267
f 379/379/379 419/419/419 415/415/415
f 419/419/419 428/428/428 415/415/415
f 433/433/433 428/428/428 419/419/419
f 433/433/433 434/434/434 428/428/428
f 428/428/428 434/434/434 427/427/427
f 383/383/383 382/382/382 384/384/384
f 381/381/381 382/382/382 383/383/383
f 386/386/386 387/387/387 385/385/385
f 388/388/388 387/387/387 386/386/386
f 394/394/394 388/388/388 386/386/386
f 395/395/395 388/388/388 394/394/394
f 393/393/393 395/395/395 394/394/394
f 396/396/396 395/395/395 393/393/393
f 485/485/485 396/396/396 393/393/393
f 484/484/484 396/396/396 485/485/485
f 484/484/484 485/485/485 480/480/480
f 480/480/480 485/485/485 479/479/479
f 439/439/439 480/480/480 479/479/479
f 449/449/449 480/480/480 439/439/439
f 449/449/449 439/439/439 435/435/435
f 435/435/435 439/439/439 429/429/429
f 392/392/392 435/435/435 429/429/429
f 407/407/407 435/435/435 392/392/392
f 391/391/391 407/407/407 392/392/392
f 408/408/408 407/407/407 391/391/391
f 390/390/390 408/408/408 391/391/391
f 389/389/389 408/408/408 390/390/390
f 482/482/482 389/389/389 390/390/390
f 486/486/486 389/389/389 482/482/482
f 483/483/483 486/486/486 482/482/482
f 487/487/487 486/486/486 483/483/483
f 405/405/405 404/404/404 406/406/406
f 403/403/403 404/404/404 405/405/405
f 401/401/401 410/410/410 402/402/402
f 409/409/409 410/410/410 401/401/401
f 431/431/431 430/430/430 399/399/399
f 400/400/400 430/430/430 431/431/431
f 430/430/430 400/400/400 398/398/398
f 398/398/398 400/400/400 397/397/397
f 397/397/397 400/400/400 424/424/424
f 397/397/397 424/424/424 418/418/418
f 425/425/425 418/418/418 424/424/424
f 417/417/417 418/418/418 425/425/425
f 417/417/417 425/425/425 426/426/426
f 425/425/425 423/423/423 426/426/426
f 426/426/426 423/423/423 411/411/411
f 411/411/411 423/423/423 412/412/412
f 412/412/412 423/423/423 413/413/413
f 412/412/412 413/413/413 414/414/414
f 413/413/413 422/422/422 414/414/414
f 414/414/414 422/422/422 421/421/421
f 846/846/846 847/847/847 436/436/436
f 846/846/846 845/845/845 847/847/847
f 845/845/845 846/846/846 844/844/844
f 844/844/844 438/438/438 845/845/845
f 438/438/438 844/844/844 477/477/477
f 438/438/438 477/477/477 474/474/474
f 477/477/477 478/478/478 474/474/474
f 474/474/474 478/478/478 481/481/481
f 481/481/481 478/478/478 476/476/476
f 476/476/476 478/478/478 475/475/475
f 446/446/446 450/450/450 447/447/447
f 453/453/453 450/450/450 446/446/446
f 455/455/455 456/456/456 457/457/457
f 458/458/458 456/456/456 455/455/455
f 458/458/458 455/455/455 454/454/454
f 458/458/458 454/454/454 452/452/452
f 452/452/452 454/454/454 451/451/451
f 451/451/451 468/468/468 452/452/452
f 452/452/452 468/468/468 472/472/472
f 471/471/471 472/472/472 468/468/468
f 472/472/472 471/471/471 473/473/473
f 473/473/473 471/471/471 470/470/470
f 470/470/470 467/467/467 473/473/473
f 473/473/473 467/467/467 469/469/469
f 469/469/469 467/467/467 466/466/466
f 469/469/469 466/466/466 464/464/464
f 464/464/464 466/466/466 463/463/463
f 463/463/463 465/465/465 464/464/464
f 464/464/464 465/465/465 462/462/462
f 462/462/462 465/465/465 460/460/460
f 462/462/462 460/460/460 459/459/459
f 459/459/459 460/460/460 461/461/461
f 490/490/490 488/488/488 489/489/489
f 491/491/491 488/488/488 490/490/490
f 488/488/488 491/491/491 503/503/503
f 503/503/503 502/502/502 488/488/488
f 502/502/502 503/503/503 520/520/520
f 520/520/520 503/503/503 518/518/518
f 518/518/518 519/519/519 520/520/520
f 520/520/520 519/519/519 521/521/521
f 507/507/507 506/506/506 508/508/508
f 509/509/509 506/506/506 507/507/507
f 509/509/509 507/507/507 512/512/512
f 512/512/512 507/507/507 510/510/510
f 511/511/511 512/512/512 510/510/510
f 501/501/501 511/511/511 510/510/510
f 500/500/500 511/511/511 501/501/501
f 500/500/500 501/501/501 540/540/540
f 540/540/540 501/501/501 538/538/538
f 538/538/538 539/539/539 540/540/540
f 504/504/504 539/539/539 538/538/538
f 505/505/505 539/539/539 504/504/504
f 505/505/505 504/504/504 495/495/495
f 495/495/495 504/504/504 522/522/522
f 493/493/493 495/495/495 522/522/522
f 522/522/522 492/492/492 493/493/493
f 493/493/493 492/492/492 494/494/494
f 498/498/498 497/497/497 499/499/499
f 496/496/496 497/497/497 498/498/498
f 701/701/701 702/702/702 534/534/534
f 701/701/701 704/704/704 702/702/702
f 702/702/702 704/704/704 700/700/700
f 533/533/533 526/526/526 532/532/532
f 525/525/525 526/526/526 533/533/533
f 523/523/523 544/544/544 524/524/524
f 543/543/543 544/544/544 523/523/523
f 543/543/543 515/515/515 544/544/544
f 514/514/514 515/515/515 543/543/543
f 514/514/514 517/517/517 515/515/515
f 516/516/516 517/517/517 514/514/514
f 516/516/516 536/536/536 517/517/517
f 537/537/537 536/536/536 516/516/516
f 548/548/548 536/536/536 537/537/537
f 547/547/547 536/536/536 548/548/548
f 546/546/546 547/547/547 548/548/548
f 614/614/614 547/547/547 546/546/546
f 535/535/535 614/614/614 546/546/546
f 545/545/545 614/614/614 535/535/535
f 535/535/535 530/530/530 545/545/545
f 528/528/528 530/530/530 535/535/535
f 528/528/528 513/513/513 530/530/530
f 527/527/527 513/513/513 528/528/528
f 527/527/527 541/541/541 513/513/513
f 513/513/513 541/541/541 542/542/542
f 541/541/541 708/708/708 542/542/542
f 709/709/709 708/708/708 541/541/541
f 709/709/709 710/710/710 708/708/708
f 712/712/712 710/710/710 709/709/709
f 658/658/658 616/616/616 615/615/615
f 616/616/616 658/658/658 617/617/617
f 655/655/655 617/617/617 658/658/658
f 658/658/658 681/681/681 655/655/655
f 656/656/656 681/681/681 658/658/658
f 681/681/681 656/656/656 685/685/685
f 685/685/685 703/703/703 681/681/681
f 705/705/705 703/703/703 685/685/685
f 705/705/705 706/706/706 703/703/703
f 665/665/665 657/657/657 686/686/686
f 686/686/686 657/657/657 687/687/687
f 687/687/687 689/689/689 686/686/686
f 687/687/687 684/684/684 689/689/689
f 689/689/689 684/684/684 679/679/679
f 684/684/684 695/695/695 679/679/679
f 699/699/699 695/695/695 684/684/684
f 697/697/697 695/695/695 699/699/699
f 699/699/699 698/698/698 697/697/697
f 697/697/697 698/698/698 696/696/696
f 698/698/698 692/692/692 696/696/696
f 694/694/694 692/692/692 698/698/698
f 694/694/694 693/693/693 692/692/692
f 694/694/694 691/691/691 693/693/693
f 693/693/693 691/691/691 688/688/688
f 691/691/691 678/678/678 688/688/688
f 680/680/680 678/678/678 691/691/691
f 680/680/680 667/667/667 678/678/678
f 680/680/680 666/666/666 667/667/667
f 667/667/667 666/666/666 668/668/668
f 575/575/575 748/748/748 749/749/749
f 773/773/773 748/748/748 575/575/575
f 570/570/570 773/773/773 575/575/575
f 570/570/570 775/775/775 773/773/773
f 775/775/775 1070/1070/1070 773/773/773
f 773/773/773 1070/1070/1070 771/771/771
f 1070/1070/1070 765/765/765 771/771/771
f 1071/1071/1071 765/765/765 1070/1070/1070
f 1071/1071/1071 1070/1070/1070 1072/1072/1072
f 1072/1072/1072 1070/1070/1070 1073/1073/1073
f 756/756/756 574/574/574 571/571/571
f 651/651/651 574/574/574 756/756/756
f 767/767/767 769/769/769 654/654/654
f 654/654/654 769/769/769 764/764/764
f 769/769/769 653/653/653 764/764/764
f 652/652/652 653/653/653 769/769/769
f 769/769/769 774/774/774 652/652/652
f 572/572/572 774/774/774 769/769/769
f 573/573/573 774/774/774 572/572/572
f 573/573/573 777/777/777 774/774/774
f 777/777/777 797/797/797 774/774/774
f 776/776/776 797/797/797 777/777/777
f 1026/1026/1026 766/766/766 768/768/768
f 1027/1027/1027 766/766/766 1026/1026/1026
f 1027/1027/1027 1026/1026/1026 1028/1028/1028
f 1028/1028/1028 1026/1026/1026 1029/1029/1029
f 1028/1028/1028 1029/1029/1029 772/772/772
f 772/772/772 1029/1029/1029 770/770/770
f 789/789/789 788/788/788 779/779/779
f 778/778/778 788/788/788 789/789/789
f 789/789/789 793/793/793 778/778/778
f 778/778/778 793/793/793 794/794/794
f 793/793/793 1120/1120/1120 794/794/794
f 794/794/794 1120/1120/1120 1119/1119/1119
f 1120/1120/1120 1115/1115/1115 1119/1119/1119
f 1118/1118/1118 1115/1115/1115 1120/1120/1120
f 795/795/795 796/796/796 1122/1122/1122
f 1122/1122/1122 796/796/796 1121/1121/1121
f 1122/1122/1122 1121/1121/1121 1126/1126/1126
f 1126/1126/1126 1121/1121/1121 1123/1123/1123
f 1126/1126/1126 1123/1123/1123 1117/1117/1117
f 1117/1117/1117 1123/1123/1123 1116/1116/1116
f 783/783/783 792/792/792 791/791/791
f 781/781/781 792/792/792 783/783/783
f 801/801/801 781/781/781 783/783/783
f 800/800/800 781/781/781 801/801/801
f 801/801/801 803/803/803 800/800/800
f 801/801/801 783/783/783 799/799/799
f 808/808/808 185/185/185 809/809/809
f 809/809/809 185/185/185 186/186/186
f 809/809/809 186/186/186 790/790/790
f 790/790/790 186/186/186 306/306/306
f 306/306/306 798/798/798 790/790/790
f 787/787/787 798/798/798 306/306/306
f 306/306/306 786/786/786 787/787/787
f 187/187/187 786/786/786 306/306/306
f 185/185/185 183/183/183 186/186/186
f 186/186/186 183/183/183 188/188/188
f 188/188/188 187/187/187 186/186/186
f 186/186/186 187/187/187 306/306/306
f 810/810/810 805/805/805 802/802/802
f 804/804/804 805/805/805 810/810/810
f 805/805/805 804/804/804 981/981/981
f 981/981/981 813/813/813 805/805/805
f 981/981/981 804/804/804 982/982/982
f 981/981/981 982/982/982 983/983/983
f 7/7/7 832/832/832 836/836/836
f 553/553/553 832/832/832 7/7/7
f 837/837/837 832/832/832 553/553/553
f 837/837/837 553/553/553 554/554/554
f 554/554/554 553/553/553 857/857/857
f 857/857/857 553/553/553 858/858/858
f 443/443/443 857/857/857 858/858/858
f 851/851/851 857/857/857 443/443/443
f 442/442/442 857/857/857 851/851/851
f 843/843/843 857/857/857 442/442/442
f 445/445/445 441/441/441 440/440/440
f 828/828/828 441/441/441 445/445/445
f 842/842/842 852/852/852 444/444/444
f 840/840/840 852/852/852 842/842/842
f 840/840/840 850/850/850 852/852/852
f 852/852/852 850/850/850 829/829/829
f 855/855/855 852/852/852 829/829/829
f 833/833/833 852/852/852 855/855/855
f 838/838/838 833/833/833 855/855/855
f 838/838/838 855/855/855 555/555/555
f 855/855/855 856/856/856 555/555/555
f 555/555/555 856/856/856 556/556/556
f 839/839/839 549/549/549 841/841/841
f 841/841/841 549/549/549 551/551/551
f 549/549/549 550/550/550 551/551/551
f 551/551/551 550/550/550 552/552/552
f 550/550/550 849/849/849 552/552/552
f 552/552/552 849/849/849 853/853/853
f 854/854/854 870/870/870 848/848/848
f 869/869/869 870/870/870 854/854/854
f 870/870/870 869/869/869 866/866/866
f 866/866/866 869/869/869 867/867/867
f 562/562/562 866/866/866 867/867/867
f 559/559/559 866/866/866 562/562/562
f 561/561/561 559/559/559 562/562/562
f 873/873/873 559/559/559 561/561/561
f 871/871/871 557/557/557 558/558/558
f 868/868/868 557/557/557 871/871/871
f 871/871/871 860/860/860 868/868/868
f 868/868/868 860/860/860 560/560/560
f 860/860/860 859/859/859 560/560/560
f 560/560/560 859/859/859 872/872/872
f 1009/1009/1009 888/888/888 861/861/861
f 1013/1013/1013 888/888/888 1009/1009/1009
f 1010/1010/1010 1013/1013/1013 1009/1009/1009
f 1012/1012/1012 1013/1013/1013 1010/1010/1010
f 1023/1023/1023 874/874/874 1114/1114/1114
f 1114/1114/1114 1111/1111/1111 1023/1023/1023
f 1023/1023/1023 1111/1111/1111 1024/1024/1024
f 1111/1111/1111 1114/1114/1114 1113/1113/1113
f 1113/1113/1113 1114/1114/1114 1025/1025/1025
f 878/878/878 563/563/563 863/863/863
f 863/863/863 563/563/563 865/865/865
f 863/863/863 865/865/865 564/564/564
f 863/863/863 564/564/564 890/890/890
f 890/890/890 564/564/564 885/885/885
f 890/890/890 885/885/885 864/864/864
f 890/890/890 864/864/864 886/886/886
f 886/886/886 864/864/864 889/889/889
f 886/886/886 889/889/889 950/950/950
f 950/950/950 889/889/889 951/951/951
f 949/949/949 950/950/950 951/951/951
f 939/939/939 949/949/949 948/948/948
f 939/939/939 948/948/948 947/947/947
f 937/937/937 935/935/935 938/938/938
f 936/936/936 935/935/935 937/937/937
f 931/931/931 932/932/932 933/933/933
f 930/930/930 932/932/932 931/931/931
f 945/945/945 923/923/923 924/924/924
f 925/925/925 923/923/923 945/945/945
f 954/954/954 925/925/925 945/945/945
f 956/956/956 954/954/954 945/945/945
f 946/946/946 954/954/954 956/956/956
f 959/959/959 946/946/946 956/956/956
f 958/958/958 959/959/959 956/956/956
f 957/957/957 959/959/959 958/958/958
f 957/957/957 958/958/958 920/920/920
f 920/920/920 958/958/958 919/919/919
f 920/920/920 919/919/919 955/955/955
f 922/922/922 971/971/971 921/921/921
f 972/972/972 971/971/971 922/922/922
f 986/986/986 971/971/971 972/972/972
f 987/987/987 971/971/971 986/986/986
f 984/984/984 987/987/987 986/986/986
f 985/985/985 987/987/987 984/984/984
f 964/964/964 985/985/985 984/984/984
f 965/965/965 985/985/985 964/964/964
f 960/960/960 965/965/965 964/964/964
f 961/961/961 965/965/965 960/960/960
f 962/962/962 961/961/961 960/960/960
f 963/963/963 961/961/961 962/962/962
f 990/990/990 991/991/991 966/966/966
f 988/988/988 991/991/991 990/990/990
f 973/973/973 980/980/980 989/989/989
f 975/975/975 980/980/980 973/973/973
f 977/977/977 980/980/980 975/975/975
f 978/978/978 980/980/980 977/977/977
f 997/997/997 998/998/998 999/999/999
f 996/996/996 998/998/998 997/997/997
f 1006/1006/1006 1007/1007/1007 1005/1005/1005
f 1008/1008/1008 1007/1007/1007 1006/1006/1006
f 1059/1059/1059 1060/1060/1060 1061/1061/1061
f 1033/1033/1033 1060/1060/1060 1059/1059/1059
f 1125/1125/1125 1077/1077/1077 1124/1124/1124
f 1075/1075/1075 1077/1077/1077 1125/1125/1125
f 276/276/276 1130/1130/1130 1129/1129/1129
f 1129/1129/1129 1130/1130/1130 1131/1131/1131
f 1129/1129/1129 1131/1131/1131 1128/1128/1128
f 1128/1128/1128 1131/1131/1131 1127/1127/1127
f 1128/1128/1128 1127/1127/1127 1081/1081/1081
f 1081/1081/1081 1127/1127/1127 1082/1082/1082
f 1081/1081/1081 1082/1082/1082 1076/1076/1076
f 1076/1076/1076 1082/1082/1082 1074/1074/1074
f 1076/1076/1076 1074/1074/1074 1183/1183/1183
f 1183/1183/1183 1074/1074/1074 1182/1182/1182
f 1183/1183/1183 1182/1182/1182 251/251/251
f 251/251/251 1182/1182/1182 250/250/250
f 275/275/275 278/278/278 274/274/274
f 277/277/277 278/278/278 275/275/275
f 248/248/248 249/249/249 1184/1184/1184
f 247/247/247 249/249/249 248/248/248
f 365/365/365 366/366/366 368/368/368
f 368/368/368 366/366/366 367/367/367
f 368/368/368 367/367/367 1139/1139/1139
f 1139/1139/1139 367/367/367 1142/1142/1142
f 1139/1139/1139 1142/1142/1142 1143/1143/1143
f 1143/1143/1143 1142/1142/1142 1137/1137/1137
f 1143/1143/1143 1137/1137/1137 1138/1138/1138
f 1138/1138/1138 1137/1137/1137 1136/1136/1136
f 1138/1138/1138 1136/1136/1136 1154/1154/1154
f 1154/1154/1154 1136/1136/1136 1151/1151/1151
f 1154/1154/1154 1151/1151/1151 1153/1153/1153
f 1153/1153/1153 1151/1151/1151 336/336/336
f 1153/1153/1153 336/336/336 335/335/335
f 335/335/335 336/336/336 337/337/337
f 335/335/335 337/337/337 338/338/338
f 338/338/338 337/337/337 339/339/339
f 338/338/338 339/339/339 340/340/340
f 340/340/340 339/339/339 341/341/341
f 363/363/363 362/362/362 364/364/364
f 360/360/360 362/362/362 363/363/363
f 359/359/359 1150/1150/1150 361/361/361
f 1149/1149/1149 1150/1150/1150 359/359/359
f 1149/1149/1149 343/343/343 1150/1150/1150
f 344/344/344 343/343/343 1149/1149/1149
f 344/344/344 342/342/342 343/343/343
f 340/340/340 342/342/342 344/344/344
f 333/333/333 1157/1157/1157 1155/1155/1155
f 333/333/333 1155/1155/1155 1156/1156/1156
f 334/334/334 333/333/333 1156/1156/1156
f 332/332/332 333/333/333 334/334/334
f 329/329/329 332/332/332 334/334/334
f 328/328/328 332/332/332 329/329/329
f 328/328/328 329/329/329 330/330/330
f 330/330/330 329/329/329 331/331/331
f 326/326/326 325/325/325 327/327/327
f 324/324/324 325/325/325 326/326/326
f 1159/1159/1159 1158/1158/1158 323/323/323
f 1140/1140/1140 1158/1158/1158 1159/1159/1159
f 1132/1132/1132 1134/1134/1134 1141/1141/1141
f 1135/1135/1135 1134/1134/1134 1132/1132/1132
f 1168/1168/1168 1171/1171/1171 1133/1133/1133
f 1169/1169/1169 1171/1171/1171 1168/1168/1168
f 320/320/320 309/309/309 1170/1170/1170
f 294/294/294 309/309/309 320/320/320
f 293/293/293 1407/1407/1407 292/292/292
f 1271/1271/1271 1407/1407/1407 293/293/293
f 1273/1273/1273 1272/1272/1272 291/291/291
f 1334/1334/1334 1272/1272/1272 1273/1273/1273
f 1344/1344/1344 1345/1345/1345 1335/1335/1335
f 179/179/179 1345/1345/1345 1344/1344/1344
f 184/184/184 182/182/182 180/180/180
f 184/184/184 180/180/180 191/191/191
f 189/189/189 184/184/184 191/191/191
f 780/780/780 184/184/184 189/189/189
f 780/780/780 189/189/189 817/817/817
f 817/817/817 189/189/189 816/816/816
f 816/816/816 189/189/189 782/782/782
f 782/782/782 189/189/189 193/193/193
f 191/191/191 180/180/180 181/181/181
f 181/181/181 190/190/190 191/191/191
f 190/190/190 194/194/194 191/191/191
f 194/194/194 193/193/193 191/191/191
f 191/191/191 193/193/193 189/189/189
f 281/281/281 195/195/195 192/192/192
f 280/280/280 195/195/195 281/281/281
f 279/279/279 280/280/280 281/281/281
f 279/279/279 196/196/196 280/280/280
f 196/196/196 1148/1148/1148 280/280/280
f 280/280/280 1148/1148/1148 1173/1173/1173
f 1148/1148/1148 1167/1167/1167 1173/1173/1173
f 1177/1177/1177 1167/1167/1167 1148/1148/1148
f 1177/1177/1177 1148/1148/1148 1176/1176/1176
f 1176/1176/1176 1148/1148/1148 1172/1172/1172
f 1163/1163/1163 1164/1164/1164 1174/1174/1174
f 1165/1165/1165 1164/1164/1164 1163/1163/1163
f 268/268/268 307/307/307 308/308/308
f 308/308/308 307/307/307 1175/1175/1175
f 307/307/307 1166/1166/1166 1175/1175/1175
f 1162/1162/1162 1166/1166/1166 307/307/307
f 1162/1162/1162 307/307/307 1188/1188/1188
f 1188/1188/1188 307/307/307 282/282/282
f 283/283/283 1188/1188/1188 282/282/282
f 283/283/283 1146/1146/1146 1188/1188/1188
f 1146/1146/1146 1187/1187/1187 1188/1188/1188
f 1189/1189/1189 1187/1187/1187 1146/1146/1146
f 270/270/270 269/269/269 1144/1144/1144
f 1144/1144/1144 269/269/269 1145/1145/1145
f 1144/1144/1144 1145/1145/1145 1147/1147/1147
f 1147/1147/1147 1145/1145/1145 272/272/272
f 1147/1147/1147 272/272/272 1185/1185/1185
f 1185/1185/1185 272/272/272 1186/1186/1186
f 273/273/273 349/349/349 271/271/271
f 271/271/271 349/349/349 348/348/348
f 345/345/345 348/348/348 349/349/349
f 346/346/346 348/348/348 345/345/345
f 345/345/345 347/347/347 346/346/346
f 1160/1160/1160 347/347/347 345/345/345
f 1160/1160/1160 1161/1161/1161 347/347/347
f 1193/1193/1193 1161/1161/1161 1160/1160/1160
f 1190/1190/1190 1191/1191/1191 1152/1152/1152
f 350/350/350 1191/1191/1191 1190/1190/1190
f 1191/1191/1191 350/350/350 613/613/613
f 613/613/613 350/350/350 612/612/612
f 613/613/613 612/612/612 610/610/610
f 610/610/610 612/612/612 1192/1192/1192
f 611/611/611 1254/1254/1254 1213/1213/1213
f 1202/1202/1202 1254/1254/1254 611/611/611
f 1202/1202/1202 1253/1253/1253 1254/1254/1254
f 650/650/650 1253/1253/1253 1202/1202/1202
f 1307/1307/1307 1310/1310/1310 1195/1195/1195
f 1307/1307/1307 1311/1311/1311 1310/1310/1310
f 1309/1309/1309 1310/1310/1310 1311/1311/1311
f 1312/1312/1312 1310/1310/1310 1309/1309/1309
f 1308/1308/1308 1311/1311/1311 1307/1307/1307
f 721/721/721 719/719/719 723/723/723
f 720/720/720 719/719/719 721/721/721
f 718/718/718 1233/1233/1233 1234/1234/1234
f 592/592/592 1233/1233/1233 718/718/718
f 619/619/619 1223/1223/1223 660/660/660
f 618/618/618 1223/1223/1223 619/619/619
f 619/619/619 621/621/621 618/618/618
f 620/620/620 621/621/621 619/619/619
f 663/663/663 1209/1209/1209 1246/1246/1246
f 1238/1238/1238 1209/1209/1209 663/663/663
f 1237/1237/1237 1209/1209/1209 1238/1238/1238
f 1208/1208/1208 1209/1209/1209 1237/1237/1237
f 1208/1208/1208 1207/1207/1207 1209/1209/1209
f 1205/1205/1205 1207/1207/1207 1208/1208/1208
f 1205/1205/1205 1204/1204/1204 1207/1207/1207
f 1236/1236/1236 1204/1204/1204 1205/1205/1205
f 1206/1206/1206 1204/1204/1204 1236/1236/1236
f 1237/1237/1237 1238/1238/1238 1255/1255/1255
f 1255/1255/1255 1238/1238/1238 1256/1256/1256
f 1256/1256/1256 1238/1238/1238 627/627/627
f 1236/1236/1236 1235/1235/1235 1206/1206/1206
f 673/673/673 1235/1235/1235 1236/1236/1236
f 673/673/673 677/677/677 1235/1235/1235
f 683/683/683 677/677/677 673/673/673
f 1211/1211/1211 677/677/677 683/683/683
f 1210/1210/1210 677/677/677 1211/1211/1211
f 591/591/591 1210/1210/1210 1211/1211/1211
f 739/739/739 1210/1210/1210 591/591/591
f 738/738/738 1210/1210/1210 739/739/739
f 741/741/741 738/738/738 739/739/739
f 741/741/741 589/589/589 738/738/738
f 590/590/590 589/589/589 741/741/741
f 590/590/590 585/585/585 589/589/589
f 586/586/586 585/585/585 590/590/590
f 32/32/32 585/585/585 586/586/586
f 1225/1225/1225 585/585/585 32/32/32
f 585/585/585 1225/1225/1225 1224/1224/1224
f 1224/1224/1224 1225/1225/1225 642/642/642
f 690/690/690 682/682/682 1222/1222/1222
f 664/664/664 682/682/682 690/690/690
f 624/624/624 626/626/626 897/897/897
f 625/625/625 626/626/626 624/624/624
f 632/632/632 629/629/629 628/628/628
f 630/630/630 629/629/629 632/632/632
f 632/632/632 631/631/631 630/630/630
f 634/634/634 631/631/631 632/632/632
f 637/637/637 639/639/639 638/638/638
f 641/641/641 639/639/639 637/637/637
f 648/648/648 647/647/647 649/649/649
f 646/646/646 647/647/647 648/648/648
f 646/646/646 644/644/644 647/647/647
f 643/643/643 644/644/644 646/646/646
f 643/643/643 645/645/645 644/644/644
f 1262/1262/1262 645/645/645 643/643/643
f 1262/1262/1262 97/97/97 645/645/645
f 645/645/645 97/97/97 94/94/94
f 97/97/97 96/96/96 94/94/94
f 94/94/94 96/96/96 95/95/95
f 96/96/96 1260/1260/1260 95/95/95
f 95/95/95 1260/1260/1260 1261/1261/1261
f 1260/1260/1260 1259/1259/1259 1261/1261/1261
f 1258/1258/1258 1259/1259/1259 1260/1260/1260
f 588/588/588 584/584/584 587/587/587
f 583/583/583 584/584/584 588/588/588
f 580/580/580 581/581/581 582/582/582
f 576/576/576 581/581/581 580/580/580
f 576/576/576 577/577/577 581/581/581
f 578/578/578 577/577/577 576/576/576
f 578/578/578 579/579/579 577/577/577
f 1349/1349/1349 579/579/579 578/578/578
f 1349/1349/1349 1348/1348/1348 579/579/579
f 1333/1333/1333 1348/1348/1348 1349/1349/1349
f 1348/1348/1348 1333/1333/1333 1391/1391/1391
f 1391/1391/1391 1333/1333/1333 284/284/284
f 1391/1391/1391 284/284/284 228/228/228
f 228/228/228 284/284/284 227/227/227
f 228/228/228 227/227/227 1332/1332/1332
f 1332/1332/1332 227/227/227 1276/1276/1276
f 1276/1276/1276 1277/1277/1277 1332/1332/1332
f 1275/1275/1275 1277/1277/1277 1276/1276/1276
f 1275/1275/1275 1274/1274/1274 1277/1277/1277
f 1268/1268/1268 1274/1274/1274 1275/1275/1275
f 1268/1268/1268 1267/1267/1267 1274/1274/1274
f 1266/1266/1266 1267/1267/1267 1268/1268/1268
f 1266/1266/1266 1265/1265/1265 1267/1267/1267
f 669/669/669 1265/1265/1265 1266/1266/1266
f 669/669/669 670/670/670 1265/1265/1265
f 671/671/671 670/670/670 669/669/669
f 671/671/671 672/672/672 670/670/670
f 1270/1270/1270 672/672/672 671/671/671
f 1270/1270/1270 1269/1269/1269 672/672/672
f 1278/1278/1278 1269/1269/1269 1270/1270/1270
f 1319/1319/1319 918/918/918 1316/1316/1316
f 567/567/567 918/918/918 1319/1319/1319
f 916/916/916 918/918/918 567/567/567
f 916/916/916 567/567/567 568/568/568
f 567/567/567 1293/1293/1293 568/568/568
f 1289/1289/1289 1293/1293/1293 567/567/567
f 1358/1358/1358 1293/1293/1293 1289/1289/1289
f 1363/1363/1363 1293/1293/1293 1358/1358/1358
f 1356/1356/1356 1293/1293/1293 1363/1363/1363
f 1362/1362/1362 1293/1293/1293 1356/1356/1356
f 1355/1355/1355 915/915/915 917/917/917
f 1354/1354/1354 915/915/915 1355/1355/1355
f 754/754/754 753/753/753 755/755/755
f 751/751/751 753/753/753 754/754/754
f 751/751/751 1357/1357/1357 753/753/753
f 753/753/753 1357/1357/1357 1359/1359/1359
f 760/760/760 753/753/753 1359/1359/1359
f 1317/1317/1317 753/753/753 760/760/760
f 1318/1318/1318 1317/1317/1317 760/760/760
f 1318/1318/1318 760/760/760 1288/1288/1288
f 760/760/760 569/569/569 1288/1288/1288
f 1288/1288/1288 569/569/569 1287/1287/1287
f 750/750/750 1368/1368/1368 752/752/752
f 752/752/752 1368/1368/1368 1370/1370/1370
f 1368/1368/1368 1369/1369/1369 1370/1370/1370
f 1370/1370/1370 1369/1369/1369 1371/1371/1371
f 1369/1369/1369 907/907/907 1371/1371/1371
f 1371/1371/1371 907/907/907 908/908/908
f 904/904/904 1286/1286/1286 903/903/903
f 762/762/762 1286/1286/1286 904/904/904
f 1286/1286/1286 762/762/762 911/911/911
f 911/911/911 762/762/762 910/910/910
f 909/909/909 911/911/911 910/910/910
f 1377/1377/1377 911/911/911 909/909/909
f 1422/1422/1422 1377/1377/1377 909/909/909
f 1376/1376/1376 1377/1377/1377 1422/1422/1422
f 1366/1366/1366 1367/1367/1367 761/761/761
f 761/761/761 1367/1367/1367 763/763/763
f 763/763/763 1379/1379/1379 761/761/761
f 761/761/761 1379/1379/1379 1380/1380/1380
f 1379/1379/1379 1378/1378/1378 1380/1380/1380
f 1380/1380/1380 1378/1378/1378 1372/1372/1372
f 370/370/370 371/371/371 369/369/369
f 372/372/372 371/371/371 370/370/370
f 1402/1402/1402 1398/1398/1398 1403/1403/1403
f 1397/1397/1397 1398/1398/1398 1402/1402/1402
f 906/906/906 1397/1397/1397 1402/1402/1402
f 905/905/905 1397/1397/1397 906/906/906
f 902/902/902 905/905/905 906/906/906
f 901/901/901 905/905/905 902/902/902
f 891/891/891 901/901/901 902/902/902
f 892/892/892 901/901/901 891/891/891
f 894/894/894 892/892/892 891/891/891
f 1291/1291/1291 892/892/892 894/894/894
f 1292/1292/1292 1291/1291/1291 894/894/894
f 1290/1290/1290 1291/1291/1291 1292/1292/1292
f 1395/1395/1395 172/172/172 1396/1396/1396
f 170/170/170 172/172/172 1395/1395/1395
f 378/378/378 377/377/377 171/171/171
f 893/893/893 377/377/377 378/378/378
f 1406/1406/1406 1404/1404/1404 1423/1423/1423
f 1423/1423/1423 1404/1404/1404 913/913/913
f 1404/1404/1404 1399/1399/1399 913/913/913
f 913/913/913 1399/1399/1399 1401/1401/1401
f 1399/1399/1399 914/914/914 1401/1401/1401
f 1401/1401/1401 914/914/914 912/912/912
f 914/914/914 1302/1302/1302 912/912/912
f 912/912/912 1302/1302/1302 1303/1303/1303
f 1302/1302/1302 1386/1386/1386 1303/1303/1303
f 1303/1303/1303 1386/1386/1386 1385/1385/1385
f 1386/1386/1386 1375/1375/1375 1385/1385/1385
f 1385/1385/1385 1375/1375/1375 1374/1374/1374
f 1375/1375/1375 1424/1424/1424 1374/1374/1374
f 1374/1374/1374 1424/1424/1424 1415/1415/1415
f 1424/1424/1424 1425/1425/1425 1415/1415/1415
f 1415/1415/1415 1425/1425/1425 1414/1414/1414
f 1425/1425/1425 1413/1413/1413 1414/1414/1414
f 1414/1414/1414 1413/1413/1413 1412/1412/1412
f 1400/1400/1400 1408/1408/1408 1405/1405/1405
f 1411/1411/1411 1408/1408/1408 1400/1400/1400
f 1416/1416/1416 1410/1410/1410 1409/1409/1409
f 1394/1394/1394 1410/1410/1410 1416/1416/1416
f 1393/1393/1393 1394/1394/1394 1416/1416/1416
f 1417/1417/1417 1394/1394/1394 1393/1393/1393
f 1392/1392/1392 1417/1417/1417 1393/1393/1393
f 1413/1413/1413 1417/1417/1417 1392/1392/1392
f 1382/1382/1382 1381/1381/1381 1373/1373/1373
f 1382/1382/1382 1383/1383/1383 1381/1381/1381
f 1382/1382/1382 1427/1427/1427 1383/1383/1383
f 1384/1384/1384 1427/1427/1427 1382/1382/1382
f 1384/1384/1384 1321/1321/1321 1427/1427/1427
f 1426/1426/1426 1321/1321/1321 1384/1384/1384
f 1326/1326/1326 1321/1321/1321 1426/1426/1426
f 1320/1320/1320 1321/1321/1321 1326/1326/1326
f 1365/1365/1365 376/376/376 1322/1322/1322
f 375/375/375 376/376/376 1365/1365/1365
f 1347/1347/1347 1360/1360/1360 374/374/374
f 1346/1346/1346 1360/1360/1360 1347/1347/1347
f 1340/1340/1340 1341/1341/1341 1352/1352/1352
f 1419/1419/1419 1341/1341/1341 1340/1340/1340
f 1418/1418/1418 1420/1420/1420 1343/1343/1343
f 1428/1428/1428 1420/1420/1420 1418/1418/1418
f 1339/1339/1339 758/758/758 1421/1421/1421
f 759/759/759 758/758/758 1339/1339/1339
f 1351/1351/1351 1327/1327/1327 757/757/757
f 1323/1323/1323 1327/1327/1327 1351/1351/1351
f 1325/1325/1325 1364/1364/1364 1324/1324/1324
f 1361/1361/1361 1364/1364/1364 1325/1325/1325
f 1388/1388/1388 1353/1353/1353 1350/1350/1350
f 1338/1338/1338 1353/1353/1353 1388/1388/1388
f 1429/1429/1429 1336/1336/1336 1390/1390/1390
f 1389/1389/1389 1336/1336/1336 1429/1429/1429
f 1389/1389/1389 1342/1342/1342 1336/1336/1336
f 1387/1387/1387 1342/1342/1342 1389/1389/1389
f 1389/1389/1389 819/819/819 1387/1387/1387
f 785/785/785 819/819/819 1389/1389/1389
f 819/819/819 785/785/785 814/814/814
f 814/814/814 785/785/785 784/784/784
f 1429/1429/1429 812/812/812 1389/1389/1389
f 1389/1389/1389 812/812/812 785/785/785
f 812/812/812 811/811/811 785/785/785
f 785/785/785 811/811/811 784/784/784
f 1078/1078/1078 1079/1079/1079 1080/1080/1080
f 1058/1058/1058 1079/1079/1079 1078/1078/1078
f 1337/1337/1337 1079/1079/1079 1058/1058/1058
f 1337/1337/1337 1058/1058/1058 1062/1062/1062
f 1062/1062/1062 1058/1058/1058 1063/1063/1063
f 1063/1063/1063 1058/1058/1058 8/8/8
f 8/8/8 1058/1058/1058 9/9/9
f 8/8/8 9/9/9 818/818/818
f 1078/1078/1078 9/9/9 1058/1058/1058
f 806/806/806 9/9/9 1078/1078/1078
f 807/807/807 9/9/9 806/806/806
f 815/815/815 9/9/9 807/807/807
f 818/818/818 9/9/9 815/815/815
