# Exported by s4extract — snowPal_3ball_lod00_g00
o snowPal_3ball_lod00_g00
v 0.330220 0.583410 -0.330220
v 0.279253 0.725691 -0.279253
v -0.405542 0.205274 0.163035
v 0.082830 0.048648 -0.334188
v -0.084051 0.081182 -0.405115
v 0.191174 1.269792 -0.181224
v 0.074162 1.278826 -0.237869
v 0.285357 1.192089 0.141793
v 0.051395 1.192089 -0.324422
v 0.191174 1.269792 -0.181224
v -0.230239 0.081182 -0.330953
v 0.232253 1.192089 -0.232253
v -0.037173 0.000000 0.494110
v 0.315815 0.000000 -0.070683
v 0.388329 0.081182 -0.054386
v 0.325154 0.205274 -0.325154
v -0.138009 1.192089 -0.281572
v 0.078496 0.000000 0.469328
v 0.368370 0.081182 -0.395288
v 0.365989 0.000000 -0.365989
v 0.063175 0.944882 -0.331868
v 0.244156 0.944882 -0.244156
v -0.331868 0.944882 0.063175
v 0.168650 0.000000 -0.339437
v 0.325154 0.205274 -0.325154
v 0.443936 0.205274 -0.082036
v -0.426235 0.325032 -0.207654
v -0.406092 0.205274 -0.204114
v -0.458890 0.251541 0.085454
v 0.510529 0.086797 -0.242202
v 0.080815 0.225050 -0.445157
v -0.191235 0.205274 -0.398462
v -0.205335 0.325032 -0.422389
v 0.041018 1.346090 -0.173839
v 0.065495 1.065739 -0.342245
v 0.121956 1.342611 -0.118171
v 0.470549 0.160898 -0.241836
v 0.183056 0.129097 -0.363120
v 0.263017 0.809986 0.114143
v 0.405786 0.583410 0.201734
v -0.561558 0.000000 0.078618
v -0.061771 0.725691 0.390038
v -0.511018 0.000000 -0.052310
v 0.301898 0.830495 -0.038882
v -0.342306 0.081182 0.216017
v 0.201184 0.827809 -0.199902
v 0.179271 0.725691 0.351828
v -0.221144 0.846426 0.222426
v -0.189404 0.000916 0.407740
v -0.355735 0.000000 -0.172801
v 0.198559 0.063053 -0.403650
v 0.168650 0.000000 -0.339437
v -0.116035 0.000000 0.425929
v 0.385766 0.000000 -0.058780
v 0.275652 0.000000 0.135201
v 0.183239 0.000000 0.263261
v -0.309467 0.821461 0.049014
v 0.325154 0.205274 -0.325154
v -0.037173 0.000000 0.494110
v 0.183056 0.129097 -0.363120
v 0.183239 0.000000 0.263261
v 0.190319 0.148935 0.385216
v 0.144418 0.830495 0.280291
v -0.032717 0.830495 0.295672
v 0.390038 0.725691 -0.061771
v -0.279253 0.725691 0.279253
v -0.390038 0.725691 0.061771
v -0.352866 0.325032 0.352866
v -0.405542 0.205274 0.163035
v -0.281572 1.192089 -0.138009
v -0.311848 1.192089 0.063969
v 0.141793 1.192089 0.285357
v -0.051395 1.192089 0.324422
v 0.232253 1.192089 -0.232253
v 0.324422 1.192089 -0.051395
v 0.257462 1.268022 -0.065556
v 0.230117 0.864311 -0.228835
v 0.048709 0.830495 -0.298419
v 0.325398 0.855643 -0.051517
v -0.366538 0.052677 -0.181774
v 0.331868 0.944882 -0.063175
v -0.330098 0.850027 0.041018
v 0.443936 0.205274 -0.082036
v -0.292865 0.944882 -0.141976
v -0.141976 0.944882 -0.292865
v -0.454923 0.583410 0.079412
v 0.404322 0.205274 0.203870
v -0.244156 1.270707 0.033877
v -0.461881 0.451260 0.090948
v -0.217909 0.036074 -0.294818
v -0.170726 1.260270 0.203626
v -0.232253 1.192089 0.232253
v 0.224013 1.291400 0.114143
v 0.029177 0.205274 0.423915
v -0.031191 0.081182 0.477568
v -0.381249 0.081182 -0.080938
v -0.458890 0.251541 0.085454
v -0.278704 0.000000 0.362937
v -0.032717 0.830495 0.295672
v -0.179271 0.725691 -0.351828
v 0.410181 0.179027 -0.127815
v -0.141427 0.805347 -0.280718
v -0.342306 0.081182 0.216017
v 0.041629 0.809253 -0.288836
v 0.000000 1.421229 0.000000
v -0.440396 0.205274 -0.019349
v -0.511018 0.000000 -0.052310
v -0.493499 0.081182 0.199536
v -0.189404 0.000916 0.407740
v 0.144418 0.830495 0.280291
v -0.337667 0.000000 0.215040
v 0.263017 0.809986 0.114143
v -0.318074 0.000427 0.316487
v 0.390038 0.725691 -0.061771
v -0.279009 0.813587 -0.143136
v 0.301898 0.830495 -0.038882
v -0.070805 0.040591 -0.352133
v -0.067387 0.000000 -0.373497
v -0.217909 0.036074 -0.294818
v -0.120247 1.347311 -0.121834
v 0.121956 1.342611 -0.118171
v -0.119819 1.344687 0.131417
v 0.041018 1.346090 -0.173839
v -0.217054 0.000000 -0.311787
v -0.026796 1.351523 0.176830
v -0.366538 0.052677 -0.181774
v -0.355735 0.000000 -0.172801
v 0.170970 1.341940 -0.027406
v -0.326192 0.000000 -0.050357
v -0.058109 1.349753 -0.164317
v -0.381249 0.081182 -0.080938
v -0.355735 0.000000 -0.172801
v -0.172374 1.349936 0.030458
v 0.081426 1.350913 0.161448
v -0.366538 0.052677 -0.181774
v 0.160349 1.350913 0.082525
v 0.121956 1.342611 -0.118171
v 0.201184 0.827809 -0.199902
v -0.221144 0.846426 0.222426
v 0.061771 0.725691 -0.390038
v 0.454923 0.583410 -0.079412
v 0.201184 0.827809 -0.199902
v 0.351828 0.725691 0.179271
v -0.217054 0.000000 -0.311787
v -0.141427 0.805347 -0.280718
v 0.410181 0.179027 -0.127815
v -0.120247 1.347311 -0.121834
v 0.014893 1.399316 -0.094061
v -0.043216 1.399316 -0.084844
v -0.237869 1.270768 -0.066349
v -0.032290 1.278765 0.249771
v -0.502106 0.205274 0.080632
v -0.551547 0.081182 0.080815
v -0.451810 0.228407 0.084173
v 0.183056 0.129097 -0.363120
v 0.385766 0.000000 -0.058780
v -0.381249 0.081182 -0.080938
v -0.366538 0.052677 -0.181774
v -0.385216 0.093267 -0.198743
v -0.385216 0.093267 -0.198743
v 0.088873 0.325032 -0.480620
v 0.096014 0.000000 -0.339010
v -0.440396 0.205274 -0.019349
v -0.493805 0.205274 0.021364
v -0.325948 0.205274 0.325948
v -0.476592 0.205274 0.138009
v -0.493499 0.081182 0.199536
v -0.482695 0.000000 0.218519
v 0.191357 0.000000 -0.363181
v 0.385766 0.000000 -0.058780
v 0.198559 0.063053 -0.403650
v -0.116035 0.000000 0.425929
v -0.242752 1.065739 0.242752
v -0.063175 0.944882 0.331868
v -0.058048 1.065739 0.334737
v -0.088934 0.451260 0.477568
v 0.207654 0.325032 0.426235
v -0.089666 0.325032 0.481414
v 0.345175 0.153574 -0.364707
v -0.271013 0.171092 0.368736
v -0.189404 0.000916 0.407740
v -0.266801 0.082464 0.371605
v -0.116035 0.000000 0.425929
v -0.093451 0.085577 0.423488
v -0.315632 0.088873 0.314167
v -0.326192 0.000000 -0.050357
v 0.510529 0.086797 -0.242202
v -0.167063 1.279741 -0.176952
v -0.082830 0.205274 0.444729
v -0.070805 0.040591 -0.352133
v 0.114143 1.291400 0.224013
v 0.070988 0.102057 -0.401025
v 0.365989 0.000000 -0.365989
v 0.474944 0.000000 -0.125191
v 0.485869 0.000000 -0.226943
v -0.337667 0.000000 0.215040
v -0.326192 0.000000 -0.050357
v -0.561558 0.000000 0.078618
v -0.489349 0.098883 -0.042849
v 0.148874 1.065739 0.298907
v -0.334737 1.065739 0.058048
v 0.298907 1.065739 0.148874
v 0.244156 0.944882 -0.244156
v 0.094061 1.399316 -0.014893
v 0.084844 1.399316 0.043216
v -0.298907 1.065739 -0.148874
v -0.148874 1.065739 -0.298907
v 0.043216 1.399316 0.084844
v 0.170970 1.341940 -0.027406
v -0.084844 1.399316 -0.043216
v -0.094061 1.399316 0.014893
v -0.119819 1.344687 0.131417
v -0.067326 1.399316 0.067326
v 0.170604 0.000000 0.417323
v -0.067387 0.000000 -0.373497
v 0.078496 0.000000 0.469328
v -0.318074 0.000427 0.316487
v -0.511018 0.000000 -0.052310
v -0.349997 0.451260 0.349997
v 0.480620 0.325032 -0.088873
v 0.079412 0.583410 -0.454923
v -0.206739 0.451260 -0.422084
v 0.349264 0.451260 -0.349264
v -0.201734 0.583410 -0.405786
v -0.337667 0.000000 0.215040
v -0.278704 0.000000 0.362937
v -0.037173 0.000000 0.494110
v -0.185558 0.167613 0.414088
v 0.388329 0.081182 -0.054386
v -0.482695 0.000000 0.218519
v -0.079412 0.583410 0.454923
v -0.330220 0.583410 0.330220
v 0.480620 0.325032 -0.088873
v 0.476775 0.451260 -0.088140
v 0.422084 0.451260 0.206739
v 0.425502 0.325032 0.208448
v -0.049808 0.855216 0.323506
v -0.244156 0.944882 0.244156
v 0.148263 0.846609 0.287798
v 0.352072 0.325032 -0.352072
v 0.292865 0.944882 0.141976
v -0.239517 0.869499 0.237807
v -0.290972 0.841177 -0.166819
v -0.146493 0.826772 -0.290728
v 0.141976 0.944882 0.292865
v 0.203076 0.205274 0.405054
v 0.029177 0.205274 0.423915
v -0.405786 0.583410 -0.201734
v -0.422877 0.451260 -0.206006
v 0.088140 0.451260 -0.476775
v 0.476775 0.451260 -0.088140
v -0.465727 0.325032 0.091680
v -0.561558 0.000000 0.078618
v -0.093451 0.085577 0.423488
v 0.474944 0.000000 -0.125191
v -0.051822 1.288470 -0.235793
v 0.474944 0.000000 -0.125191
v 0.486541 0.083990 -0.126473
v 0.470549 0.160898 -0.241836
v -0.193371 0.081365 0.411402
v 0.485869 0.000000 -0.226943
v 0.066532 0.146066 0.454923
v 0.206006 0.451260 0.422877
v 0.291094 0.844229 0.132271
v 0.230117 0.864311 -0.228835
v -0.026796 1.351523 0.176830
v 0.081426 1.350913 0.161448
v 0.160349 1.350913 0.082525
v -0.014893 1.399316 0.094061
v 0.168650 0.000000 -0.339437
v 0.082830 0.048648 -0.334188
v -0.159128 1.346029 -0.060795
v 0.067326 1.399316 -0.067326
v -0.337667 0.000000 0.215040
v -0.172374 1.349936 0.030458
v 0.250198 1.065739 -0.250198
v 0.342245 1.065739 -0.065495
v 0.250198 1.065739 -0.250198
v -0.159128 1.346029 -0.060795
v -0.058109 1.349753 -0.164317
v 0.183056 0.129097 -0.363120
v -0.326192 0.000000 -0.050357
v 0.410181 0.179027 -0.127815
v 0.301898 0.830495 -0.038882
v -0.309467 0.821461 0.049014
v 0.454923 0.583410 -0.079412
v -0.351828 0.725691 -0.179271
v 0.485869 0.000000 -0.226943
v 0.362632 0.081182 0.177745
v 0.315815 0.000000 -0.070683
v 0.388329 0.081182 -0.054386
v 0.183239 0.000000 0.263261
v 0.198498 0.081182 0.341879
v 0.275652 0.000000 0.135201
v 0.170604 0.000000 0.417323
v 0.078618 0.091741 0.468840
v 0.175731 0.081182 0.408167
v 0.191357 0.000000 -0.363181
v 0.315815 0.000000 -0.070683
v -0.279009 0.813587 -0.143136
v 0.201734 0.583410 0.405786
v 0.041629 0.809253 -0.288836
v 0.096014 0.000000 -0.339010
v -0.077092 1.210767 0.143747
v -0.102179 0.797046 -0.335836
v -0.040713 1.023744 0.275591
v 0.014710 0.000000 -0.463163
v 0.014710 0.000000 -0.463163
v 0.700909 0.000000 -0.529512
v -0.425807 0.000000 -0.143136
v -0.257584 0.000000 -0.374718
v 0.156137 0.051883 0.425014
v 0.118782 0.051883 0.373619
v -0.152048 0.000000 0.674968
v -0.340414 0.769517 -0.037905
v -0.169200 0.732650 -0.129769
v -0.188793 0.510285 0.317952
v -0.108710 0.670024 0.203076
v -0.224867 0.797595 -0.066105
v 0.285906 0.810596 0.043277
v -0.454190 0.122688 0.113105
v -0.420863 0.043948 0.015260
v -0.448453 0.000000 0.000000
v -0.397974 0.030886 -0.126534
v -0.333333 0.028993 -0.255753
v -0.100165 0.000000 -0.425258
v -0.445279 0.000000 0.658243
v 0.073186 1.269914 0.029970
v -0.045291 0.907526 -0.339803
v -0.293902 0.989440 -0.134286
v 0.132943 1.216444 0.009705
v -0.224867 0.797595 -0.066105
v -0.186230 0.788744 -0.129402
v -0.229262 0.388696 0.465299
v -0.186230 0.788744 -0.129402
v -0.449612 0.074651 0.000000
v -0.266435 0.095892 -0.376488
v 0.462003 0.388696 0.000000
v 0.447171 0.482085 0.000000
v 0.152536 0.613868 -0.424159
v -0.036501 0.050723 0.345907
v -0.084234 0.186535 0.488372
v 0.490325 0.270707 -0.479582
v 0.419459 0.551975 0.137826
v 0.374107 0.388696 0.273210
v 0.316426 0.594519 0.308552
v -0.024660 0.134652 0.427699
v -0.145395 0.218275 0.564793
v -0.246719 0.241897 0.528597
v 0.629616 0.286883 -0.320393
v 0.271928 0.163035 0.354819
v 0.454923 0.153269 -0.091802
v 0.218885 0.073064 0.330465
v 0.102057 0.078984 0.425014
v -0.129219 0.105902 -0.441983
v -0.246719 0.241897 0.528597
v -0.360007 0.000000 -0.272233
v 0.091925 1.102057 -0.217726
v 0.159617 0.388696 -0.446011
v 0.120796 0.904962 -0.307331
v 0.387353 0.272722 -0.460172
v 0.378197 0.000000 -0.037478
v 0.374962 0.272294 -0.413599
v -0.246719 0.241897 0.528597
v 0.490325 0.270707 -0.479582
v 0.753403 0.000000 -0.244217
v 0.383141 0.099982 0.091314
v 0.405481 0.042361 -0.040164
v -0.135018 1.104560 -0.231215
v 0.511445 0.284563 -0.394616
v -0.518098 0.192761 0.480437
v 0.511445 0.284563 -0.394616
v 0.466032 0.330648 -0.469206
v 0.425075 0.285357 -0.363548
v 0.504242 0.340109 -0.422450
v 0.387353 0.272722 -0.460172
v -0.342916 0.589330 0.207776
v 0.409571 0.330587 -0.461454
v 0.425075 0.285357 -0.363548
v 0.438442 0.342794 -0.394922
v 0.158701 0.152475 -0.465177
v -0.100165 0.000000 -0.425258
v -0.348471 0.770982 0.034243
v 0.227431 1.121467 -0.119819
v -0.154184 0.672893 0.170115
v -0.199170 0.780687 0.018190
v 0.120796 0.904962 -0.307331
v 0.168467 0.810230 -0.263261
v 0.123848 0.000000 0.351096
v -0.235488 0.067326 -0.360679
v -0.257584 0.000000 -0.374718
v 0.111152 0.000000 0.474089
v 0.036929 0.000000 0.379357
v -0.610633 0.000000 0.108771
v -0.130196 0.388696 0.455655
v 0.330892 0.395593 -0.444119
v -0.145395 0.218275 0.564793
v -0.300372 0.747238 -0.116279
v -0.231582 0.716413 0.170604
v -0.127815 0.613868 -0.424159
v -0.058719 0.000000 0.327718
v 0.193188 0.000000 0.246963
v -0.394311 0.653482 -0.195446
v 0.256485 1.094915 0.101630
v 0.014710 0.113349 -0.464872
v -0.328023 0.608313 -0.304950
v -0.409449 0.659220 0.137826
v 0.014710 0.388696 -0.468962
v -0.102179 0.797046 -0.335836
v 0.409876 0.115241 0.102606
v 0.103705 0.051883 0.459928
v 0.058353 0.051883 0.393274
v 0.036929 0.000000 0.379357
v 0.058353 0.051883 0.456815
v 0.177562 0.000000 0.425014
v 0.177562 0.000000 0.425014
v -0.454190 0.122688 0.113105
v 0.591528 0.250687 -0.181102
v 0.465727 0.238479 -0.169627
v 0.466398 0.293597 -0.300311
v 0.591528 0.250687 -0.181102
v 0.387353 0.272722 -0.460172
v 0.330892 0.395593 -0.444119
v 0.274736 0.426051 -0.489288
v 0.466398 0.293597 -0.300311
v -0.127022 0.819569 -0.210157
v 0.243179 0.836111 0.153818
v 0.378990 0.256791 -0.520723
v 0.287554 0.214308 -0.561253
v 0.336629 0.386803 -0.510285
v -0.420863 0.043948 0.015260
v 0.042971 0.056705 -0.448758
v -0.131417 0.388696 -0.446011
v -0.454190 0.122688 0.113105
v -0.431301 0.388696 0.144906
v -0.414271 0.388696 0.243057
v -0.409449 0.659220 0.137826
v -0.434109 0.674846 0.000000
v 0.123848 0.000000 0.351096
v 0.219923 0.820424 -0.216078
v 0.330892 0.395593 -0.444119
v 0.374962 0.272294 -0.413599
v 0.336629 0.386803 -0.510285
v 0.272844 0.375145 -0.537875
v 0.378990 0.256791 -0.520723
v 0.378990 0.256791 -0.520723
v 0.287554 0.214308 -0.561253
v 0.272844 0.375145 -0.537875
v 0.274736 0.426051 -0.489288
v 0.466398 0.293597 -0.300311
v 0.753403 0.000000 -0.244217
v -0.445279 0.000000 0.658243
v -0.600745 0.000000 0.523836
v 0.625465 0.000000 -0.067448
v -0.600745 0.000000 0.523836
v -0.152048 0.000000 0.674968
v 0.152536 0.613868 -0.424159
v 0.177562 0.000000 0.425014
v 0.296405 0.613868 -0.434414
v -0.041262 0.733565 0.292132
v -0.293902 0.989440 -0.134286
v -0.166880 1.193737 -0.018006
v -0.380944 0.389489 -0.255692
v 0.042971 0.056705 -0.448758
v 0.313496 1.047488 -0.041140
v 0.465727 0.238479 -0.169627
v 0.091192 1.239883 0.151071
v 0.454923 0.153269 -0.091802
v -0.438076 0.680034 -0.090093
v -0.196423 0.762315 -0.299213
v -0.127815 0.613868 -0.424159
v -0.448453 0.000000 0.000000
v -0.342916 0.589330 0.207776
v -0.084234 0.186535 0.488372
v 0.036929 0.000000 0.470732
v 0.102057 0.000000 0.425014
v 0.123848 0.000000 0.351096
v 0.111152 0.000000 0.474089
v 0.111152 0.000000 0.474089
v -0.363120 0.057987 -0.269792
v 0.558628 0.270341 -0.444546
v -0.255570 0.000000 -0.192883
v 0.131050 0.803577 -0.336141
v 0.126167 0.899286 -0.324910
v 0.014710 0.388696 0.468962
v 0.420619 0.586767 -0.164011
v -0.518098 0.192761 0.480437
v -0.128975 0.144784 0.618141
v -0.339620 0.188000 0.604651
v 0.300861 0.000000 0.216322
v 0.383141 0.099982 0.091314
v 0.490325 0.270707 -0.479582
v 0.148691 0.841421 0.227004
v -0.060978 0.905573 -0.288104
v -0.135018 1.104560 -0.231215
v -0.025392 0.757676 0.176341
v -0.196423 0.762315 -0.299213
v -0.265092 0.653665 -0.204053
v -0.328023 0.608313 -0.304950
v -0.265092 0.653665 -0.204053
v -0.239822 0.705609 -0.220167
v -0.185192 0.762009 -0.205884
v -0.143441 0.853079 -0.280657
v 0.700909 0.000000 -0.529512
v -0.045291 0.907526 -0.339803
v -0.169200 0.732650 -0.129769
v -0.127022 0.819569 -0.210157
v 0.062321 1.229384 -0.042788
v -0.186230 0.788744 -0.129402
v -0.454251 0.388696 0.000000
v -0.579564 0.102789 0.143563
v -0.447171 0.217359 0.266313
v -0.365562 0.388696 0.360007
v -0.405603 0.241897 0.402674
v 0.483489 0.000000 -0.653910
v 0.374962 0.272294 -0.413599
v 0.425075 0.285357 -0.363548
v 0.232192 0.333761 -0.539156
v -0.060978 0.905573 -0.288104
v 0.120796 0.904962 -0.307331
v -0.060978 0.905573 -0.288104
v 0.625465 0.000000 -0.067448
v -0.143441 0.853079 -0.280657
v -0.127022 0.819569 -0.210157
v 0.168467 0.810230 -0.263261
v 0.120796 0.904962 -0.307331
v 0.285906 0.810596 0.043277
v 0.216505 0.381615 -0.448453
v 0.279680 0.819386 -0.098334
v -0.123238 0.739425 0.110541
v 0.468412 0.169993 0.000000
v 0.409571 0.330587 -0.461454
v 0.466032 0.330648 -0.469206
v -0.058719 0.000000 0.327718
v 0.405481 0.042361 -0.040164
v -0.538546 0.000000 0.315754
v -0.610633 0.000000 0.108771
v 0.014710 0.000000 0.463163
v -0.405603 0.241897 0.402674
v 0.014710 0.000000 0.463163
v -0.197522 0.951108 0.147287
v 0.405481 0.042361 -0.040164
v 0.473357 0.000000 0.000000
v 0.378197 0.000000 -0.037478
v 0.154184 0.029909 0.253861
v 0.116035 0.092291 0.415675
v -0.263383 0.542025 0.254898
v -0.100592 0.052921 -0.425990
v -0.579564 0.102789 0.143563
v 0.285723 0.388696 0.358787
v 0.274736 0.426051 -0.489288
v 0.452237 0.355918 -0.432033
v 0.387353 0.272722 -0.460172
v 0.445584 0.245376 -0.566075
v -0.397974 0.030886 -0.126534
v -0.333333 0.028993 -0.255753
v -0.360007 0.000000 -0.272233
v 0.483489 0.000000 -0.653910
v 0.157847 0.000000 -0.586645
v 0.158579 0.075566 -0.567967
v 0.468412 0.169993 0.000000
v 0.387536 0.730147 0.144235
v 0.466398 0.293597 -0.300311
v 0.205640 0.181347 -0.539401
v -0.024660 0.134652 0.427699
v 0.511445 0.284563 -0.394616
v 0.144906 1.159373 -0.081304
v 0.014710 0.000000 -0.463163
v 0.483489 0.000000 -0.653910
v 0.180736 0.168834 0.428493
v -0.426662 0.061832 -0.140512
v -0.131417 0.388696 -0.446011
v -0.425807 0.000000 -0.143136
v -0.600745 0.000000 0.523836
v -0.447171 0.217359 0.266313
v 0.014710 0.000000 0.463163
v 0.049197 0.788378 0.336141
v 0.166575 0.789233 0.319722
v 0.330892 0.395593 -0.444119
v 0.014710 0.613868 -0.446011
v -0.431301 0.388696 -0.126778
v -0.002197 0.072575 0.451993
v 0.629616 0.286883 -0.320393
v -0.152048 0.000000 0.674968
v -0.128975 0.144784 0.618141
v -0.293536 0.389489 -0.381859
v 0.168467 0.810230 -0.263261
v -0.610633 0.000000 0.108771
v -0.494598 0.177684 0.304218
v -0.538546 0.000000 0.315754
v -0.100592 0.052921 -0.425990
v 0.042971 0.056705 -0.448758
v 0.159617 0.388696 0.446011
v 0.440640 0.388696 0.144906
v 0.390405 0.000000 0.106452
v 0.300861 0.000000 0.216322
v 0.452237 0.355918 -0.432033
v 0.438442 0.342794 -0.394922
v 0.295184 0.099615 0.169444
v 0.325154 0.115791 0.190685
v 0.152536 0.582860 0.424159
v 0.014710 0.529146 0.427638
v -0.235488 0.067326 -0.360679
v -0.100592 0.052921 -0.425990
v 0.405481 0.042361 -0.040164
v 0.157847 0.000000 -0.586645
v -0.058719 0.000000 0.327718
v 0.256485 1.094915 0.101630
v 0.227431 1.121467 -0.119819
v -0.024660 0.134652 0.427699
v -0.036501 0.050723 0.345907
v -0.002197 0.072575 0.451993
v 0.023256 1.275407 0.009522
v 0.227431 1.121467 -0.119819
v -0.077092 1.210767 0.143747
v -0.166880 1.193737 -0.018006
v 0.036929 0.000000 0.470732
v -0.040713 1.255936 -0.031618
v -0.036501 0.050723 0.345907
v 0.036929 0.000000 0.379357
v 0.154184 0.029909 0.253861
v 0.504242 0.340109 -0.422450
v 0.126167 0.899286 -0.324910
v -0.129219 0.105902 -0.441983
v 0.158701 0.152475 -0.465177
v -0.123238 0.739425 0.110541
v -0.305500 0.751633 0.114875
v 0.390405 0.000000 0.106452
v 0.295184 0.099615 0.169444
v 0.148630 0.976317 0.271684
v 0.091192 1.239883 0.151071
v 0.049197 0.788378 0.336141
v 0.131050 0.803577 -0.336141
v -0.060978 0.905573 -0.288104
v -0.135018 1.104560 -0.231215
v -0.025392 0.757676 0.176341
v 0.073003 1.180309 -0.105963
v -0.291705 0.956968 0.028322
v 0.148691 0.841421 0.227004
v 0.219923 0.820424 -0.216078
v 0.381615 0.710371 -0.132576
v 0.395410 0.600317 -0.313862
v 0.277055 0.778429 0.232009
v 0.279680 0.819386 -0.098334
v 0.243179 0.836111 0.153818
v 0.148691 0.841421 0.227004
v 0.091925 1.102057 -0.217726
v 0.012147 0.807422 -0.359092
v 0.377709 0.206556 0.238235
v 0.014710 0.177928 0.465788
v 0.158701 0.152475 -0.465177
v -0.199170 0.780687 0.018190
v 0.193188 0.000000 0.246963
v 0.205640 0.181347 -0.539401
v 0.442288 0.213331 0.143991
v 0.378197 0.000000 -0.037478
v -0.058719 0.000000 0.327718
v 0.014710 0.000000 0.463163
v 0.625465 0.000000 -0.067448
v 0.753403 0.000000 -0.244217
v 0.378197 0.000000 -0.037478
v -0.448453 0.000000 0.000000
v 0.473357 0.000000 0.000000
v -0.105231 0.513825 0.389855
v 0.406824 0.676006 0.000000
v 0.216505 0.381615 -0.448453
v 0.296405 0.613868 -0.434414
v -0.090460 0.032167 -0.024110
v -0.567784 0.050113 0.360129
v 0.662089 0.000000 0.706342
v 0.369346 0.043948 0.692669
v 0.807117 0.000000 0.000000
v -0.287371 0.050052 0.641946
v 0.179698 0.000000 0.831899
v -0.346579 0.000000 0.770433
v -0.582677 0.000000 0.648965
v -0.221754 0.000000 0.778368
v -0.183056 0.053470 0.672954
v -0.826711 0.000000 0.000000
v -0.077153 0.000000 0.846487
v -0.514192 0.052188 0.532015
v -0.062260 0.043154 0.731551
v -0.795215 0.000000 0.200330
v 0.784105 0.000000 -0.743454
v 0.702008 0.039919 -0.448575
v 0.657267 0.033632 -0.622841
v 0.270768 0.000000 -0.811939
v 0.641091 0.000000 -0.828542
v 0.469816 0.000000 -0.835256
v -0.817250 0.000000 -0.613746
v 0.466276 0.038821 -0.696759
v -0.667155 0.000000 0.619300
v 0.152353 0.043154 0.717695
v -0.728682 0.000000 0.523103
v -0.675334 0.062321 0.081975
v 0.439419 0.000000 0.831166
v 0.798511 0.000000 0.213636
v 0.274126 0.000000 0.761521
v 0.660807 0.052554 -0.041812
v 0.231215 0.071415 0.658854
v 0.769395 0.000000 -0.095892
v 0.783495 0.000000 -0.201062
v 0.669352 0.076115 0.176769
v 0.679363 0.052310 -0.212049
v 0.837514 0.000000 -0.302265
v -0.667033 0.000000 0.362266
v -0.630104 0.067509 -0.584752
v 0.000000 0.000000 -0.861076
v -0.696454 0.000000 -0.781908
v 0.837637 0.000000 -0.534823
v 0.245315 0.098212 0.395349
v 0.228407 0.056217 -0.680095
v -0.510895 0.000000 -0.813038
v -0.380883 0.000000 -0.861076
v 0.712385 0.000000 0.426296
v 0.597388 0.048587 0.354453
v 0.581090 0.000000 0.794055
v 0.521516 0.047366 0.625038
v 0.002197 0.055851 -0.721174
v -0.370323 0.073064 -0.701093
v -0.066838 0.000000 0.448331
v -0.212721 0.065434 0.073857
v -0.174327 0.000000 0.059574
v -0.370628 0.000000 0.118843
v -0.250931 0.000000 0.373131
v -0.543673 0.000000 0.168040
v -0.495147 0.000000 0.090277
v -0.493621 0.058231 0.152353
v 0.283709 0.000000 -0.639626
v -0.433742 0.000000 0.067204
v -0.058658 0.000000 -0.185436
v -0.189282 0.000000 -0.092230
v -0.406092 0.000000 0.248550
v 0.319661 0.000000 -0.297015
v 0.344503 0.053897 -0.358054
v 0.268510 0.000000 -0.348105
v 0.223097 0.000000 -0.052677
v -0.016297 0.000000 -0.372337
v -0.136300 0.076665 0.466703
v 0.084478 0.000000 0.126961
v -0.097113 0.000000 -0.179393
v -0.189282 0.000000 -0.092230
v -0.016297 0.000000 -0.372337
v -0.151621 0.050418 0.409205
v 0.163645 0.087286 -0.158945
v -0.091070 0.000000 0.330587
v 0.049441 0.308124 -0.085393
v 0.041323 0.000000 -0.179882
v 0.084417 0.000000 -0.167735
v 0.189465 0.000000 0.048160
v -0.174327 0.000000 0.059574
v -0.046878 0.000000 0.161936
v 0.066105 0.000000 -0.344503
v 0.036257 0.000000 0.465360
v 0.136727 0.000000 -0.141976
v 0.223097 0.000000 -0.052677
v -0.111030 0.289141 -0.182018
v 0.008790 0.000000 -0.450345
v 0.261857 0.086126 -0.056766
v -0.111030 0.289141 -0.182018
v 0.063480 0.354087 0.112922
v 0.234939 0.245071 -0.035342
v 0.234939 0.245071 -0.035342
v -0.135628 0.318501 -0.017518
v 0.035891 0.000000 0.372825
v 0.121406 0.000000 0.345175
v 0.115852 0.051883 0.365806
v -0.346029 0.097296 0.455228
v 0.011048 0.381493 0.003723
v -0.111030 0.289141 -0.182018
v 0.095648 0.336019 0.003845
v 0.190991 0.281694 0.074773
v 0.107795 0.250198 0.205945
v -0.066349 0.331624 0.107245
v 0.276140 0.047549 -0.413233
v 0.402979 0.076421 -0.401453
v 0.334066 0.114143 -0.411158
v 0.199963 0.114875 -0.420192
v 0.429714 0.068852 -0.469084
v 0.334066 0.114143 -0.411158
v 0.094610 0.077702 -0.377770
v 0.353354 0.069096 -0.473906
v 0.235671 0.061710 -0.467863
v 0.131844 0.108649 -0.406885
v -0.058658 0.000000 -0.185436
v -0.078984 0.072453 -0.218702
v -0.078984 0.072453 -0.218702
v -0.234023 0.061588 -0.109443
v -0.058658 0.000000 -0.185436
v -0.097113 0.000000 -0.179393
v -0.159250 0.170787 0.109992
v 0.049564 0.377281 0.019471
v -0.453519 0.000000 0.512543
v -0.038332 0.366538 -0.028017
v -0.609046 0.000000 0.378136
v 0.112922 0.000000 -0.334554
v 0.518403 0.000000 -0.029177
v 0.268510 0.000000 -0.348105
v 0.112922 0.000000 -0.334554
v 0.689922 0.000000 -0.364463
v 0.384362 0.000000 -0.223036
v 0.066105 0.000000 -0.344503
v 0.319661 0.000000 -0.297015
v 0.175243 0.000000 0.420070
v 0.101752 0.051883 0.452909
v 0.153147 0.051883 0.417933
v 0.168589 0.302204 -0.096075
v 0.056644 0.051883 0.385033
v 0.109809 0.000000 0.469389
v 0.175243 0.000000 0.420070
v 0.121406 0.000000 0.345175
v 0.099554 0.078984 0.416407
v 0.121406 0.000000 0.345175
v 0.035891 0.000000 0.372825
v 0.035891 0.000000 0.372825
v 0.109809 0.000000 0.469389
v 0.109809 0.000000 0.469389
v 0.066105 0.000000 -0.344503
v 0.036257 0.000000 0.465360
v 0.057071 0.051883 0.449368
v 0.064030 0.287188 -0.171580
v 0.217604 0.000000 -0.362510
v 0.137154 0.066838 -0.470732
v 0.137154 0.066838 -0.470732
v -0.038332 0.366538 -0.028017
v -0.231948 0.175304 0.018251
v -0.233657 0.200330 -0.107245
v 0.049564 0.377281 0.019471
v 0.063480 0.354087 0.112922
v 0.063480 0.354087 0.112922
v -0.066349 0.331624 0.107245
v -0.523103 0.102057 0.331502
v -0.234023 0.061588 -0.109443
v -0.016297 0.000000 -0.372337
v 0.008790 0.000000 -0.450345
v -0.063114 0.000000 0.359031
v -0.609046 0.000000 0.378136
v -0.136300 0.076665 0.466703
v 0.636636 0.000000 -0.150766
v 0.094610 0.077702 -0.377770
v 0.353354 0.069096 -0.473906
v -0.189282 0.000000 -0.092230
v -0.523103 0.102057 0.331502
v 0.397912 0.000000 -0.100226
v -0.135628 0.318501 -0.017518
v 0.280779 0.055667 -0.539034
v -0.046878 0.000000 0.161936
v -0.058292 0.065678 0.200635
v -0.174327 0.000000 0.059574
v 0.084478 0.000000 0.126961
v 0.283709 0.000000 -0.639626
v 0.261857 0.086126 -0.056766
v 0.217604 0.000000 -0.362510
v 0.189465 0.000000 0.048160
v 0.532198 0.000000 -0.607886
v 0.223097 0.000000 -0.052677
v -0.046878 0.000000 0.161936
v 0.221876 0.080815 0.063114
v -0.058292 0.065678 0.200635
v 0.136727 0.000000 -0.141976
v 0.041323 0.000000 -0.179882
v 0.084417 0.000000 -0.167735
v 0.048587 0.073247 -0.211378
v 0.100165 0.069218 0.162547
v -0.134163 0.063175 -0.203809
v -0.038271 0.226759 0.208936
v 0.555088 0.058475 -0.236831
v 0.199963 0.114875 -0.420192
v 0.540988 0.077641 -0.381554
v 0.397912 0.000000 -0.100226
v 0.384362 0.000000 -0.223036
v 0.518403 0.000000 -0.029177
v 0.636636 0.000000 -0.150766
v 0.689922 0.000000 -0.364463
v 0.532198 0.000000 -0.607886
v 0.094977 0.074590 -0.198071
v -0.160166 0.000000 0.528597
v 0.107795 0.250198 0.205945
v 0.016847 0.040042 -0.430568
v 0.344503 0.053897 -0.358054
v 0.011048 0.381493 0.003723
v 0.064030 0.287188 -0.171580
v -0.111030 0.289141 -0.182018
v 0.234939 0.245071 -0.035342
v 0.168589 0.302204 -0.096075
v 0.131844 0.108649 -0.406885
v 0.016847 0.040042 -0.430568
v 0.070683 0.056156 -0.417872
v 0.280779 0.055667 -0.539034
v 0.276140 0.047549 -0.413233
v 0.190991 0.281694 0.074773
vt 0.089788 0.845159
vt 0.089697 0.866481
vt 0.932850 0.840508
vt 0.161787 0.765247
vt 0.220468 0.770895
vt 0.025097 0.966477
vt 0.069674 0.967232
vt 0.438036 0.952917
vt 0.077285 0.953309
vt 0.539421 0.966598
vt 0.261451 0.770412
vt 0.025097 0.953309
vt 0.545340 0.759086
vt 0.798576 0.760385
vt 0.814311 0.772918
vt 0.927052 0.797774
vt 0.127781 0.953309
vt 0.573669 0.759086
vt 0.924062 0.771438
vt 0.927444 0.760385
vt 0.077285 0.920511
vt 0.539421 0.920118
vt 0.228833 0.920511
vt 0.989598 0.759902
vt 0.090090 0.788744
vt 0.019691 0.788653
vt 0.317534 0.806713
vt 0.317534 0.788834
vt 0.388808 0.795720
vt 0.872237 0.772073
vt 0.172659 0.791794
vt 0.242182 0.788774
vt 0.247014 0.806713
vt 0.935145 0.898041
vt 0.077285 0.936548
vt 0.944598 0.883696
vt 0.877008 0.783791
vt 0.984766 0.785029
vt 0.439063 0.902209
vt 0.704349 0.845220
vt 0.902257 0.809039
vt 0.537458 0.866481
vt 0.863599 0.809039
vt 0.482703 0.904987
vt 0.959367 0.825075
vt 0.539421 0.905743
vt 0.612417 0.866481
vt 0.278575 0.906588
vt 0.071667 0.775546
vt 0.052912 0.770351
vt 0.977457 0.769536
vt 0.061882 0.761683
vt 0.073962 0.774881
vt 0.074415 0.762469
vt 0.076499 0.766304
vt 0.077405 0.769053
vt 0.388808 0.884481
vt 0.927052 0.797774
vt 0.545340 0.759086
vt 0.135029 0.777448
vt 0.644491 0.759086
vt 0.612417 0.781012
vt 0.385607 0.904927
vt 0.339701 0.904293
vt 0.019691 0.866481
vt 0.461080 0.866481
vt 0.388808 0.866481
vt 0.461080 0.806713
vt 0.416805 0.788834
vt 0.181629 0.953309
vt 0.230072 0.953249
vt 0.382738 0.952917
vt 0.332725 0.953490
vt 0.539421 0.952917
vt 0.482915 0.952917
vt 0.482039 0.966356
vt 0.539421 0.910575
vt 0.077285 0.905380
vt 0.484908 0.908279
vt 0.316084 0.765881
vt 0.486569 0.920118
vt 0.224243 0.907947
vt 0.777134 0.788804
vt 0.183018 0.920511
vt 0.126391 0.920511
vt 0.388808 0.845250
vt 0.704349 0.788804
vt 0.224786 0.965933
vt 0.388808 0.825529
vt 0.261571 0.763737
vt 0.288178 0.963698
vt 0.281413 0.953249
vt 0.431754 0.967443
vt 0.561256 0.788351
vt 0.545340 0.770744
vt 0.842609 0.824592
vt 0.900354 0.842985
vt 0.478868 0.758180
vt 0.537458 0.884481
vt 0.247014 0.866481
vt 0.019691 0.784757
vt 0.247014 0.884481
vt 0.435982 0.771469
vt 0.172659 0.884481
vt 0.895582 0.883696
vt 0.869851 0.838696
vt 0.863599 0.809039
vt 0.931552 0.821633
vt 0.071667 0.775546
vt 0.612417 0.884481
vt 0.063090 0.775002
vt 0.704349 0.884481
vt 0.066140 0.776029
vt 0.777134 0.866481
vt 0.180210 0.903085
vt 0.019691 0.884481
vt 0.213280 0.764402
vt 0.215032 0.758633
vt 0.261571 0.763737
vt 0.153693 0.986712
vt 0.025097 0.986259
vt 0.287091 0.985292
vt 0.068889 0.986772
vt 0.257373 0.758754
vt 0.336772 0.987195
vt 0.316084 0.765881
vt 0.316024 0.758150
vt 0.483005 0.987648
vt 0.349487 0.758210
vt 0.112348 0.987618
vt 0.345470 0.770321
vt 0.316024 0.758150
vt 0.225270 0.987436
vt 0.389745 0.987527
vt 0.316084 0.765881
vt 0.431664 0.987648
vt 0.539421 0.986379
vt 0.089335 0.884481
vt 0.461351 0.884481
vt 0.172659 0.866481
vt 0.777134 0.845250
vt 0.025097 0.905531
vt 0.704349 0.866481
vt 0.052912 0.766878
vt 0.128566 0.901998
vt 0.785499 0.785301
vt 0.892502 0.905803
vt 0.918746 0.891790
vt 0.904129 0.896803
vt 0.194404 0.966054
vt 0.335473 0.966145
vt 0.900475 0.833743
vt 0.901653 0.818854
vt 0.901562 0.840206
vt 0.984766 0.785029
vt 0.816637 0.760385
vt 0.345470 0.770321
vt 0.316084 0.765881
vt 0.315752 0.771801
vt 0.315752 0.771801
vt 0.172659 0.806713
vt 0.158858 0.758543
vt 0.361023 0.788834
vt 0.886461 0.834287
vt 0.461080 0.788834
vt 0.915062 0.835012
vt 0.931552 0.821633
vt 0.942635 0.809039
vt 0.979118 0.760385
vt 0.816637 0.760385
vt 0.977457 0.769536
vt 0.522418 0.759086
vt 0.280296 0.936548
vt 0.336017 0.920511
vt 0.336017 0.936548
vt 0.537458 0.825529
vt 0.612417 0.806713
vt 0.537458 0.806713
vt 0.925089 0.785573
vt 0.481707 0.783730
vt 0.507166 0.759086
vt 0.483217 0.771469
vt 0.522418 0.759086
vt 0.527190 0.771559
vt 0.460778 0.771469
vt 0.056718 0.771529
vt 0.872237 0.772073
vt 0.152848 0.967262
vt 0.537458 0.788834
vt 0.213280 0.764402
vt 0.390500 0.968410
vt 0.172992 0.773371
vt 0.066201 0.758845
vt 0.074989 0.760506
vt 0.072694 0.759086
vt 0.967823 0.809039
vt 0.056718 0.771529
vt 0.054060 0.776089
vt 0.869639 0.820938
vt 0.384097 0.936155
vt 0.228411 0.936548
vt 0.439274 0.936155
vt 0.025097 0.920511
vt 0.918746 0.875572
vt 0.904099 0.870558
vt 0.182837 0.936548
vt 0.126542 0.936548
vt 0.887065 0.870558
vt 0.935145 0.869350
vt 0.887065 0.896803
vt 0.872418 0.891790
vt 0.846566 0.883696
vt 0.869790 0.883696
vt 0.080969 0.771167
vt 0.055117 0.764220
vt 0.079942 0.772979
vt 0.460747 0.758180
vt 0.052036 0.773824
vt 0.461080 0.825529
vt 0.019691 0.806713
vt 0.172659 0.845250
vt 0.247014 0.825529
vt 0.089909 0.825438
vt 0.247014 0.845250
vt 0.442113 0.758180
vt 0.068315 0.776120
vt 0.077677 0.774730
vt 0.509311 0.783217
vt 0.814311 0.772918
vt 0.059556 0.776875
vt 0.537458 0.845250
vt 0.461080 0.845250
vt 0.777134 0.806713
vt 0.777134 0.825529
vt 0.704349 0.825529
vt 0.704349 0.806713
vt 0.337799 0.907555
vt 0.279209 0.920511
vt 0.384037 0.907071
vt 0.089999 0.806713
vt 0.439425 0.920118
vt 0.278242 0.909669
vt 0.178005 0.906739
vt 0.127660 0.904836
vt 0.382829 0.920118
vt 0.612417 0.788804
vt 0.561256 0.788351
vt 0.317534 0.845250
vt 0.317534 0.825529
vt 0.172659 0.825559
vt 0.019691 0.825347
vt 0.388808 0.806713
vt 0.902257 0.809039
vt 0.527190 0.771559
vt 0.842911 0.760385
vt 0.109479 0.968410
vt 0.842911 0.760385
vt 0.841009 0.772707
vt 0.877008 0.783791
vt 0.507106 0.771469
vt 0.869579 0.760385
vt 0.570679 0.778083
vt 0.612417 0.825529
vt 0.440905 0.906769
vt 0.025097 0.910363
vt 0.856019 0.869350
vt 0.880512 0.861619
vt 0.910652 0.861619
vt 0.872418 0.875572
vt 0.136841 0.759207
vt 0.161787 0.765247
vt 0.191777 0.986621
vt 0.921404 0.883696
vt 0.063090 0.775002
vt 0.856019 0.898041
vt 0.539421 0.936155
vt 0.486297 0.936155
vt 0.025097 0.936548
vt 0.880512 0.905803
vt 0.910652 0.905803
vt 0.135029 0.777448
vt 0.825908 0.808888
vt 0.839378 0.792911
vt 0.777134 0.884481
vt 0.225632 0.904112
vt 0.019691 0.845069
vt 0.317534 0.866481
vt 0.869579 0.760385
vt 0.704349 0.771469
vt 0.766110 0.759086
vt 0.766110 0.771469
vt 0.644491 0.759086
vt 0.624618 0.771559
vt 0.704349 0.759086
vt 0.604565 0.759086
vt 0.571585 0.771257
vt 0.605803 0.770955
vt 0.061882 0.761079
vt 0.072362 0.763194
vt 0.317534 0.884481
vt 0.612417 0.845220
vt 0.077285 0.902571
vt 0.060070 0.762590
vt 0.200414 0.090223
vt 0.795979 0.460851
vt 0.212857 0.053106
vt 0.390228 0.110549
vt 0.214397 0.258504
vt 0.190569 0.110579
vt 0.376517 0.258504
vt 0.272414 0.316641
vt 0.873656 0.403257
vt 0.869247 0.413133
vt 0.300047 0.298611
vt 0.154086 0.444029
vt 0.098939 0.454237
vt 0.293675 0.405251
vt 0.304698 0.437143
vt 0.139529 0.464445
vt 0.545401 0.467284
vt 0.431694 0.284567
vt 0.407775 0.270131
vt 0.408167 0.258504
vt 0.376335 0.264242
vt 0.339581 0.264242
vt 0.265920 0.314980
vt 0.307145 0.301087
vt 0.913008 0.447683
vt 0.782147 0.482565
vt 0.097217 0.056942
vt 0.936112 0.449495
vt 0.108241 0.029610
vt 0.107878 0.462542
vt 0.302494 0.377617
vt 0.107878 0.462542
vt 0.173324 0.324463
vt 0.075986 0.324463
vt 0.556787 0.377617
vt 0.557451 0.395949
vt 0.728359 0.424519
vt 0.368392 0.302174
vt 0.316990 0.223923
vt 0.213612 0.153646
vt 0.515623 0.407697
vt 0.471318 0.377617
vt 0.455704 0.414341
vt 0.343144 0.214954
vt 0.278152 0.226551
vt 0.242786 0.237363
vt 0.152848 0.151924
vt 0.432691 0.342221
vt 0.062154 0.139632
vt 0.423811 0.321775
vt 0.858042 0.407214
vt 0.803590 0.329537
vt 0.298749 0.343701
vt 0.342238 0.258504
vt 0.919169 0.488183
vt 0.736845 0.377617
vt 0.409738 0.032902
vt 0.240823 0.166481
vt 0.188606 0.258534
vt 0.842428 0.367680
vt 0.242786 0.237363
vt 0.463828 0.110065
vt 0.134364 0.110579
vt 0.160488 0.275416
vt 0.192894 0.270101
vt 0.838019 0.485767
vt 0.422422 0.114747
vt 0.173294 0.220541
vt 0.422422 0.114747
vt 0.457637 0.117646
vt 0.440694 0.138062
vt 0.437976 0.119398
vt 0.490073 0.127491
vt 0.232005 0.412257
vt 0.472375 0.124592
vt 0.440694 0.138062
vt 0.449815 0.130149
vt 0.341725 0.149297
vt 0.255954 0.258504
vt 0.175347 0.444240
vt 0.360419 0.075636
vt 0.280417 0.438683
vt 0.175347 0.460760
vt 0.409738 0.032902
vt 0.384671 0.015657
vt 0.873173 0.415126
vt 0.306148 0.268017
vt 0.308685 0.258504
vt 0.853754 0.398002
vt 0.844029 0.416546
vt 0.067469 0.191608
vt 0.329373 0.377617
vt 0.903223 0.415942
vt 0.278152 0.226551
vt 0.122767 0.444029
vt 0.245082 0.439197
vt 0.803529 0.424519
vt 0.031590 0.258534
vt 0.092627 0.258534
vt 0.119173 0.420623
vt 0.976581 0.431707
vt 0.765869 0.329114
vt 0.088731 0.416395
vt 0.201743 0.421710
vt 0.764691 0.377617
vt 0.037147 0.448861
vt 0.516891 0.322349
vt 0.853814 0.401506
vt 0.849012 0.414130
vt 0.844029 0.416546
vt 0.840888 0.404858
vt 0.879515 0.400902
vt 0.879515 0.400902
vt 0.060191 0.227517
vt 0.109116 0.151562
vt 0.093019 0.165968
vt 0.144210 0.173095
vt 0.109116 0.151562
vt 0.857650 0.368103
vt 0.850522 0.388066
vt 0.864807 0.393382
vt 0.641923 0.356597
vt 0.068164 0.469216
vt 0.273440 0.022120
vt 0.877763 0.365687
vt 0.910773 0.365566
vt 0.872206 0.387372
vt 0.177763 0.300695
vt 0.209928 0.267504
vt 0.034097 0.377617
vt 0.200444 0.324463
vt 0.201652 0.377617
vt 0.232216 0.377617
vt 0.201743 0.421710
vt 0.171814 0.421710
vt 0.873173 0.415126
vt 0.372439 0.017529
vt 0.689943 0.371335
vt 0.675749 0.348171
vt 0.872206 0.387372
vt 0.897938 0.391479
vt 0.257222 0.156636
vt 0.877763 0.365687
vt 0.287605 0.150565
vt 0.897938 0.391479
vt 0.905699 0.404073
vt 0.641923 0.356597
vt 0.134364 0.110579
vt 0.216874 0.191608
vt 0.172720 0.191608
vt 0.087221 0.110579
vt 0.172720 0.191608
vt 0.279903 0.191608
vt 0.728359 0.424519
vt 0.477962 0.215135
vt 0.690457 0.423583
vt 0.336198 0.441764
vt 0.097217 0.056942
vt 0.125485 0.087475
vt 0.109298 0.377617
vt 0.379506 0.125921
vt 0.327077 0.058271
vt 0.603538 0.351674
vt 0.913008 0.427720
vt 0.588045 0.324463
vt 0.154931 0.422435
vt 0.060312 0.445207
vt 0.034882 0.412620
vt 0.018845 0.211058
vt 0.232005 0.412257
vt 0.328014 0.342221
vt 0.461321 0.217823
vt 0.468781 0.214954
vt 0.471620 0.210756
vt 0.471620 0.219484
vt 0.853754 0.398002
vt 0.108543 0.324463
vt 0.190569 0.151743
vt 0.278001 0.313741
vt 0.731017 0.464324
vt 0.733433 0.481840
vt 0.361356 0.377617
vt 0.600548 0.413858
vt 0.173294 0.220541
vt 0.280477 0.210484
vt 0.217025 0.221658
vt 0.123251 0.258534
vt 0.522599 0.313107
vt 0.463828 0.110065
vt 0.415416 0.473958
vt 0.022681 0.042536
vt 0.061610 0.076452
vt 0.325688 0.455777
vt 0.060312 0.445207
vt 0.098153 0.433730
vt 0.088731 0.416395
vt 0.098153 0.433730
vt 0.091268 0.442368
vt 0.077587 0.452757
vt 0.060523 0.464777
vt 0.243088 0.304802
vt 0.028812 0.488334
vt 0.098939 0.454237
vt 0.053788 0.031845
vt 0.912797 0.458404
vt 0.092204 0.028190
vt 0.172629 0.377617
vt 0.077587 0.207132
vt 0.232578 0.338385
vt 0.257434 0.377617
vt 0.173747 0.236759
vt 0.249400 0.110549
vt 0.203223 0.175602
vt 0.171331 0.171736
vt 0.910562 0.387009
vt 0.758047 0.493951
vt 0.728963 0.484679
vt 0.036302 0.487911
vt 0.254232 0.298067
vt 0.060523 0.464777
vt 0.068164 0.469216
vt 0.696346 0.466076
vt 0.728963 0.484679
vt 0.301527 0.017771
vt 0.926750 0.401808
vt 0.337829 0.016321
vt 0.165230 0.020278
vt 0.554461 0.343882
vt 0.472375 0.124592
vt 0.457637 0.117646
vt 0.384248 0.191608
vt 0.558538 0.311718
vt 0.306118 0.311597
vt 0.298537 0.314527
vt 0.289930 0.299245
vt 0.259759 0.343701
vt 0.353987 0.191608
vt 0.168069 0.052321
vt 0.035607 0.123112
vt 0.039956 0.110760
vt 0.027151 0.112119
vt 0.424536 0.296376
vt 0.378449 0.322530
vt 0.268367 0.408392
vt 0.033735 0.302658
vt 0.077587 0.207132
vt 0.439969 0.377617
vt 0.884982 0.397761
vt 0.453922 0.123475
vt 0.240823 0.166481
vt 0.241095 0.146941
vt 0.142066 0.297856
vt 0.106912 0.297463
vt 0.278816 0.316611
vt 0.249400 0.110549
vt 0.333722 0.110549
vt 0.331034 0.128247
vt 0.554461 0.343882
vt 0.513388 0.434727
vt 0.144210 0.173095
vt 0.315692 0.145371
vt 0.340487 0.320416
vt 0.174290 0.163703
vt 0.946954 0.464143
vt 0.261118 0.313802
vt 0.242937 0.309121
vt 0.393339 0.342221
vt 0.141824 0.324463
vt 0.803801 0.377617
vt 0.284917 0.315614
vt 0.308776 0.307278
vt 0.123975 0.232410
vt 0.353987 0.191608
vt 0.383040 0.443817
vt 0.413211 0.443817
vt 0.689943 0.371335
vt 0.764298 0.424519
vt 0.141522 0.377617
vt 0.346950 0.203930
vt 0.152848 0.151924
vt 0.279903 0.191608
vt 0.280477 0.210484
vt 0.076529 0.377617
vt 0.696346 0.466076
vt 0.067469 0.191608
vt 0.126120 0.220390
vt 0.126059 0.191608
vt 0.798305 0.321050
vt 0.762879 0.321865
vt 0.394909 0.377617
vt 0.517314 0.377617
vt 0.266464 0.297584
vt 0.271538 0.298852
vt 0.453922 0.123475
vt 0.449815 0.130149
vt 0.131224 0.275718
vt 0.477539 0.322711
vt 0.404815 0.412589
vt 0.369933 0.405220
vt 0.073117 0.305799
vt 0.255984 0.264302
vt 0.558538 0.311718
vt 0.252783 0.313500
vt 0.283528 0.299758
vt 0.295970 0.071710
vt 0.360419 0.075636
vt 0.343144 0.214954
vt 0.383614 0.203628
vt 0.346950 0.203930
vt 0.895129 0.452425
vt 0.978031 0.468099
vt 0.851458 0.432945
vt 0.826089 0.461243
vt 0.832371 0.403227
vt 0.875619 0.458495
vt 0.030986 0.262702
vt 0.461321 0.212417
vt 0.082147 0.263487
vt 0.437976 0.119398
vt 0.733433 0.481840
vt 0.033523 0.324463
vt 0.731651 0.335275
vt 0.240551 0.451821
vt 0.205337 0.444029
vt 0.160941 0.258534
vt 0.483761 0.298520
vt 0.247045 0.045798
vt 0.249038 0.094874
vt 0.383040 0.443817
vt 0.731017 0.464324
vt 0.454798 0.032992
vt 0.472043 0.073190
vt 0.196669 0.018284
vt 0.913914 0.471482
vt 0.133458 0.051264
vt 0.241488 0.028704
vt 0.673937 0.469428
vt 0.601575 0.437958
vt 0.651135 0.417512
vt 0.462046 0.443817
vt 0.606649 0.469186
vt 0.476391 0.472810
vt 0.415416 0.473958
vt 0.408590 0.072797
vt 0.769281 0.462542
vt 0.473009 0.349137
vt 0.357037 0.342221
vt 0.964682 0.369704
vt 0.135875 0.026892
vt 0.275705 0.299879
vt 0.939525 0.366472
vt 0.512814 0.350466
vt 0.262749 0.298822
vt 0.283528 0.299758
vt 0.289930 0.299245
vt 0.254232 0.298067
vt 0.245988 0.299033
vt 0.262749 0.298822
vt 0.290081 0.313711
vt 0.261118 0.299396
vt 0.332725 0.404888
vt 0.560290 0.428868
vt 0.721835 0.374868
vt 0.690457 0.423583
vt 0.729809 0.127582
vt 0.612447 0.080227
vt 0.916783 0.036888
vt 0.843395 0.037915
vt 0.952874 0.124804
vt 0.681366 0.044741
vt 0.796674 0.017590
vt 0.665631 0.028885
vt 0.606860 0.044016
vt 0.696708 0.024264
vt 0.707067 0.040482
vt 0.546095 0.124804
vt 0.732708 0.017590
vt 0.625524 0.058996
vt 0.736755 0.032902
vt 0.553918 0.099858
vt 0.947135 0.217340
vt 0.925300 0.180374
vt 0.914639 0.201967
vt 0.819355 0.225856
vt 0.911528 0.227940
vt 0.868884 0.228786
vt 0.548481 0.201182
vt 0.867405 0.210967
vt 0.586112 0.047731
vt 0.789697 0.034110
vt 0.571072 0.059630
vt 0.586172 0.114747
vt 0.861334 0.021335
vt 0.950729 0.098196
vt 0.820170 0.026378
vt 0.914307 0.129968
vt 0.809086 0.043412
vt 0.943481 0.136733
vt 0.947015 0.149840
vt 0.916089 0.102787
vt 0.919018 0.151079
vt 0.960454 0.162434
vt 0.585840 0.079713
vt 0.596924 0.196924
vt 0.751916 0.232017
vt 0.578562 0.222111
vt 0.960484 0.191367
vt 0.812408 0.075153
vt 0.808452 0.208612
vt 0.624769 0.226007
vt 0.657084 0.231987
vt 0.929286 0.071740
vt 0.899176 0.080770
vt 0.896609 0.025956
vt 0.880784 0.047006
vt 0.752550 0.213716
vt 0.661041 0.210967
vt 0.817754 0.252131
vt 0.598253 0.251950
vt 0.600035 0.244007
vt 0.935236 0.244853
vt 0.867586 0.260286
vt 0.961541 0.264634
vt 0.965135 0.252645
vt 0.952994 0.258353
vt 0.844905 0.344124
vt 0.956769 0.245064
vt 0.413724 0.238390
vt 0.569532 0.244007
vt 0.920105 0.260980
vt 0.903253 0.313228
vt 0.900022 0.321382
vt 0.885646 0.314406
vt 0.719389 0.244007
vt 0.826452 0.295500
vt 0.826965 0.259380
vt 0.431996 0.234192
vt 0.414087 0.239507
vt 0.419191 0.242225
vt 0.826452 0.295500
vt 0.840435 0.255061
vt 0.741557 0.254487
vt 0.842791 0.242316
vt 0.658806 0.324402
vt 0.414026 0.235460
vt 0.413724 0.234011
vt 0.427405 0.231142
vt 0.428070 0.241772
vt 0.434050 0.238058
vt 0.846717 0.298943
vt 0.417348 0.217098
vt 0.416261 0.232682
vt 0.421486 0.230145
vt 0.547273 0.278376
vt 0.819657 0.305044
vt 0.718695 0.254396
vt 0.547273 0.278376
vt 0.662490 0.286077
vt 0.715674 0.273181
vt 0.715674 0.273181
vt 0.582095 0.281849
vt 0.438670 0.181763
vt 0.467814 0.180343
vt 0.463888 0.178350
vt 0.870606 0.276020
vt 0.636850 0.313590
vt 0.628001 0.345362
vt 0.660678 0.310087
vt 0.692933 0.277500
vt 0.663789 0.273785
vt 0.622504 0.283420
vt 0.878307 0.321654
vt 0.905367 0.330141
vt 0.891203 0.326184
vt 0.863690 0.317033
vt 0.900293 0.338718
vt 0.891203 0.326184
vt 0.848801 0.304802
vt 0.884680 0.333493
vt 0.862482 0.324070
vt 0.852304 0.310631
vt 0.787070 0.244007
vt 0.791509 0.252705
vt 0.539361 0.252765
vt 0.569290 0.251497
vt 0.537337 0.244007
vt 0.545159 0.244007
vt 0.608310 0.264393
vt 0.645366 0.309694
vt 0.884347 0.291664
vt 0.628001 0.320476
vt 0.938588 0.291393
vt 0.478687 0.234373
vt 0.454224 0.233829
vt 0.472888 0.236759
vt 0.857317 0.301450
vt 0.456640 0.242860
vt 0.464855 0.235853
vt 0.480831 0.233920
vt 0.469475 0.236457
vt 0.474157 0.166119
vt 0.448455 0.166723
vt 0.468298 0.168474
vt 0.731741 0.279916
vt 0.443623 0.179347
vt 0.426681 0.218608
vt 0.432449 0.214652
vt 0.426681 0.210665
vt 0.452653 0.172431
vt 0.467814 0.180343
vt 0.417348 0.212175
vt 0.438670 0.181763
vt 0.448395 0.163219
vt 0.448395 0.163219
vt 0.846717 0.298943
vt 0.427013 0.168444
vt 0.435529 0.170075
vt 0.762184 0.278165
vt 0.873566 0.312020
vt 0.842942 0.317003
vt 0.842942 0.317003
vt 0.628001 0.320476
vt 0.588890 0.264937
vt 0.569622 0.267896
vt 0.645366 0.309694
vt 0.641078 0.297523
vt 0.641078 0.297523
vt 0.609518 0.305406
vt 0.927293 0.278648
vt 0.569290 0.251497
vt 0.484848 0.233346
vt 0.485995 0.235249
vt 0.832311 0.242799
vt 0.938588 0.291393
vt 0.826965 0.259380
vt 0.452895 0.237876
vt 0.848801 0.304802
vt 0.884680 0.333493
vt 0.569532 0.244007
vt 0.927293 0.278648
vt 0.460959 0.233618
vt 0.604444 0.325127
vt 0.860488 0.334369
vt 0.634977 0.244007
vt 0.633437 0.251980
vt 0.600035 0.244007
vt 0.666265 0.244007
vt 0.480287 0.242769
vt 0.718695 0.254396
vt 0.475304 0.236366
vt 0.694654 0.244007
vt 0.469566 0.245547
vt 0.719389 0.244007
vt 0.634977 0.244007
vt 0.697977 0.253762
vt 0.633437 0.251980
vt 0.747084 0.244007
vt 0.767983 0.244007
vt 0.756114 0.244007
vt 0.766714 0.252826
vt 0.665933 0.252403
vt 0.548028 0.251678
vt 0.637665 0.271007
vt 0.959337 0.325278
vt 0.863690 0.317033
vt 0.935266 0.338506
vt 0.948011 0.299789
vt 0.926961 0.310812
vt 0.982169 0.301842
vt 0.987001 0.322590
vt 0.965347 0.347506
vt 0.898119 0.359556
vt 0.758771 0.252977
vt 0.822707 0.268198
vt 0.663789 0.273785
vt 0.824972 0.303926
vt 0.900022 0.321382
vt 0.636850 0.313590
vt 0.671853 0.335033
vt 0.798637 0.278376
vt 0.704500 0.309694
vt 0.690608 0.319721
vt 0.852304 0.310631
vt 0.824972 0.303926
vt 0.837687 0.306795
vt 0.860488 0.334369
vt 0.878307 0.321654
vt 0.680883 0.297221
vn 0.676679 0.290193 -0.676679
vn 0.565029 0.568327 -0.598120
vn -0.218165 0.448507 0.866744
vn 0.230582 -0.739833 -0.632043
vn -0.165744 -0.364277 -0.916423
vn 0.348624 0.714869 -0.606155
vn 0.266008 0.694397 -0.668619
vn 0.794037 0.377741 0.476254
vn 0.041046 0.376234 -0.925615
vn 0.615504 0.710126 -0.341870
vn -0.552977 -0.363639 -0.749655
vn 0.423716 0.367548 -0.827872
vn -0.638869 0.194180 0.744406
vn -0.167553 -0.048016 0.984693
vn -0.167553 -0.048016 0.984693
vn -0.095661 0.581206 -0.808114
vn -0.503898 0.351815 -0.788869
vn 0.261480 0.064047 0.963082
vn 0.500115 0.128753 -0.856334
vn 0.446175 -0.379071 -0.810699
vn 0.161925 -0.197963 -0.966743
vn 0.891988 -0.115918 -0.436945
vn -0.972560 -0.030069 0.230702
vn -0.882643 -0.056536 -0.466632
vn 0.697358 -0.312203 -0.645152
vn 0.856643 -0.301647 -0.418536
vn -0.877751 -0.051064 -0.476388
vn -0.796253 -0.210288 -0.567239
vn -0.976623 -0.106660 0.186630
vn 0.738297 -0.074135 -0.670389
vn 0.123635 -0.276982 -0.952888
vn -0.427747 -0.203281 -0.880743
vn -0.420315 -0.121387 -0.899222
vn 0.191649 0.831140 -0.521994
vn 0.173112 0.031099 -0.984411
vn 0.483461 0.796087 -0.364021
vn 0.590189 0.794563 0.142642
vn -0.916781 0.029226 -0.398320
vn 0.643837 -0.696102 0.317671
vn 0.845672 0.304772 0.438123
vn -0.925728 0.123822 -0.357344
vn -0.090766 0.517537 0.850833
vn -0.903421 0.184014 -0.387258
vn 0.711719 -0.700210 -0.056225
vn -0.070518 0.216859 0.973653
vn 0.583263 -0.732613 -0.350831
vn 0.421772 0.488692 0.763733
vn -0.390299 -0.751441 0.531979
vn -0.002289 -0.999994 0.002406
vn -0.002740 -0.999996 0.001209
vn -0.882643 -0.056536 -0.466632
vn 0.000000 -1.000000 0.000000
vn -0.002646 -0.999996 0.001059
vn 0.000000 -1.000000 0.000000
vn 0.000000 -1.000000 0.000000
vn 0.000000 -1.000000 0.000000
vn -0.766112 0.610110 0.202084
vn 0.390696 0.897706 -0.203668
vn 0.206042 0.180773 0.961700
vn 0.392369 -0.403507 -0.826576
vn 0.963042 -0.257510 0.078982
vn 0.619880 -0.218092 0.753780
vn 0.500967 -0.614225 0.609722
vn -0.077525 -0.727327 0.681899
vn 0.709234 0.591303 -0.383858
vn -0.633816 0.498485 0.591430
vn -0.855074 0.517235 0.036290
vn -0.741192 -0.144810 0.655488
vn -0.876893 -0.240779 0.416033
vn -0.857698 0.355276 -0.371661
vn -0.888236 0.412727 0.201724
vn 0.466645 0.342426 0.815468
vn -0.085459 0.351353 0.932335
vn 0.835583 0.344268 -0.428113
vn 0.932415 0.360454 -0.025983
vn 0.676199 0.709467 -0.198525
vn 0.836735 -0.321391 -0.443377
vn 0.109212 -0.297117 -0.948575
vn 0.951269 -0.290903 -0.102285
vn -0.906320 -0.422399 -0.012810
vn 0.976143 -0.114080 -0.184743
vn -0.986994 -0.158230 0.028382
vn 0.947849 -0.297330 0.114792
vn -0.900617 -0.010340 -0.434490
vn -0.395143 -0.052911 -0.917094
vn -0.951588 0.274663 0.137986
vn 0.845104 -0.284253 0.452769
vn -0.698531 0.676808 0.232347
vn -0.977553 0.079217 0.195231
vn -0.462061 -0.603559 -0.649781
vn -0.513831 0.698049 0.498704
vn -0.612365 0.309356 0.727536
vn 0.700962 0.675425 0.229027
vn -0.106308 0.578844 0.808479
vn -0.166693 0.305916 0.937352
vn -0.180999 0.018120 -0.983316
vn -0.937907 -0.296995 0.179232
vn -0.644260 0.011487 0.764720
vn -0.006605 0.649847 0.760036
vn -0.463505 0.489322 -0.738734
vn 0.837133 -0.363214 -0.409004
vn -0.302592 0.721745 -0.622512
vn -0.933549 -0.146333 0.327219
vn 0.192229 0.757168 -0.624295
vn 0.000000 1.000000 0.000000
vn -0.443295 0.471768 -0.762184
vn -0.129519 -0.139165 -0.981763
vn -0.103518 0.295603 0.949686
vn 0.005291 -0.999984 -0.002109
vn 0.446498 0.688731 0.571217
vn 0.004800 -0.999988 0.001058
vn 0.647157 0.731600 0.214360
vn 0.005291 -0.999984 -0.002109
vn 0.842429 0.513488 0.163230
vn -0.750643 -0.607102 -0.260694
vn 0.648930 0.636718 -0.416509
vn -0.203302 0.435988 -0.876688
vn -0.012507 0.349665 -0.936791
vn -0.591270 0.094820 -0.800880
vn -0.503438 0.728185 -0.465077
vn 0.357883 0.757206 -0.546406
vn -0.522880 0.696540 0.491354
vn 0.138616 0.741284 -0.656722
vn -0.471080 0.373834 -0.798957
vn -0.055111 0.722007 0.689688
vn -0.603460 -0.252598 -0.756327
vn -0.659944 -0.019022 -0.751074
vn 0.636229 0.767859 -0.074862
vn -0.844206 -0.495810 0.203687
vn -0.272837 0.733157 -0.622929
vn -0.904344 -0.411674 0.112632
vn -0.904344 -0.411674 0.112632
vn -0.718654 0.689958 0.086565
vn 0.292030 0.764581 0.574574
vn -0.973510 -0.213572 -0.081645
vn 0.545800 0.765227 0.341365
vn 0.546230 0.783658 -0.295826
vn 0.535247 0.710157 -0.457370
vn -0.475970 0.611106 0.632456
vn 0.044177 0.565540 -0.823537
vn 0.957537 0.232281 0.170788
vn 0.395755 -0.667520 -0.630710
vn 0.717303 0.584751 0.378870
vn 0.000000 -1.000000 0.000000
vn -0.447013 -0.571423 -0.688226
vn 0.823010 -0.446918 -0.350600
vn -0.412017 0.827010 -0.382488
vn 0.036665 0.902731 -0.428640
vn -0.212840 0.907433 -0.362304
vn -0.727676 0.659903 -0.187127
vn -0.085900 0.668195 0.739010
vn -0.823063 0.554811 0.121457
vn -0.965007 0.260282 -0.031856
vn -0.514282 0.851971 0.098278
vn -0.089926 0.541421 -0.835929
vn 0.596119 -0.062159 0.800487
vn -0.945395 -0.311446 -0.096074
vn -0.551661 -0.524840 -0.648239
vn -0.968235 -0.249946 0.006967
vn -0.615749 -0.364026 -0.698812
vn 0.196170 -0.104504 -0.974985
vn 0.141501 0.135549 -0.980614
vn -0.971126 -0.180967 -0.155454
vn -0.774725 0.484522 -0.406252
vn -0.657560 -0.210174 0.723493
vn -0.671828 0.511562 0.535679
vn -0.796888 0.234345 0.556823
vn -0.376357 0.077380 0.923238
vn -0.113290 -0.527465 -0.841990
vn -0.167553 -0.048016 0.984693
vn -0.000265 -0.002248 -0.999997
vn -0.642024 0.190623 0.742609
vn -0.738940 0.059463 0.671142
vn -0.230276 -0.049082 0.971887
vn -0.142528 0.033798 0.989214
vn -0.130305 0.110294 0.985320
vn 0.431309 -0.093768 0.897318
vn -0.208091 -0.142661 0.967650
vn 0.211592 0.542748 -0.812806
vn -0.609610 0.001107 0.792701
vn -0.399500 -0.048196 0.915465
vn -0.562613 -0.007930 0.826683
vn -0.172313 0.012079 0.984968
vn -0.057538 -0.096540 0.993665
vn -0.858587 -0.038156 0.511246
vn 0.000000 -1.000000 0.000000
vn 0.972538 0.111515 0.204292
vn -0.538892 0.659329 -0.524291
vn -0.207573 -0.167757 0.963728
vn -0.061927 -0.766473 -0.639284
vn 0.383962 0.651709 0.654101
vn 0.207745 -0.560626 -0.801586
vn 0.000000 -1.000000 0.000000
vn 0.000000 -1.000000 0.000000
vn 0.000000 -1.000000 0.000000
vn 0.023982 -0.010656 0.999656
vn 0.007930 -0.999968 -0.000369
vn 0.000000 -1.000000 0.000000
vn -0.650774 0.275787 -0.707415
vn 0.466899 0.016850 0.884150
vn -0.996990 0.068561 0.036206
vn 0.880516 0.057264 0.470545
vn 0.436852 -0.117707 -0.891799
vn 0.456955 0.879127 -0.135381
vn 0.417785 0.901797 0.110535
vn -0.854427 0.070814 -0.514723
vn -0.475001 0.037900 -0.879168
vn 0.194277 0.904245 0.380259
vn 0.564408 0.820006 -0.095041
vn -0.384374 0.899896 -0.206021
vn -0.430149 0.902717 0.008584
vn -0.363515 0.840255 0.402279
vn -0.343083 0.895436 0.283706
vn 0.000000 -1.000000 0.000000
vn 0.000000 -1.000000 0.000000
vn 0.000000 -1.000000 0.000000
vn -0.943133 0.000739 0.332414
vn 0.000000 -1.000000 0.000000
vn -0.716552 0.093211 0.691278
vn 0.891269 -0.127051 -0.435314
vn 0.127929 0.305663 -0.943507
vn -0.501815 0.079269 -0.861335
vn 0.704224 0.090210 -0.704224
vn -0.390603 0.292007 -0.873019
vn -0.980139 -0.058288 0.189550
vn 0.025846 -0.999182 -0.031098
vn 0.000000 -1.000000 0.000000
vn -0.347606 0.081864 0.934060
vn 0.584608 0.139496 0.799233
vn 0.000000 -1.000000 0.000000
vn -0.127808 0.308331 0.942654
vn -0.682693 0.280575 0.674691
vn 0.975444 -0.125733 0.180831
vn 0.980793 0.070469 0.181879
vn 0.880274 0.098581 0.464111
vn 0.902515 -0.071954 0.424604
vn -0.065399 -0.289756 0.954864
vn -0.706800 -0.029459 0.706800
vn 0.531710 -0.145648 0.834309
vn 0.654791 -0.173472 -0.735633
vn 0.880593 -0.060065 0.470051
vn -0.700640 -0.247072 0.669372
vn -0.820066 -0.077684 -0.566972
vn -0.339608 -0.107476 -0.934406
vn 0.376291 -0.046221 0.925348
vn 0.490757 -0.243195 0.836669
vn 0.153138 -0.252238 0.955471
vn -0.830582 0.278669 -0.482158
vn -0.934929 0.065392 -0.348757
vn 0.128839 0.102061 -0.986400
vn 0.889550 0.133220 -0.436983
vn -0.990430 -0.035746 0.133308
vn -0.882942 0.044008 0.467415
vn -0.601859 0.350777 0.717441
vn 0.593712 -0.066017 0.801965
vn -0.161470 0.670474 -0.724149
vn 0.985259 -0.134431 0.105796
vn 0.856400 0.247042 0.453374
vn 0.614545 0.477850 -0.627690
vn -0.278008 -0.008490 0.960541
vn 0.969564 -0.190996 0.153187
vn 0.291953 0.392620 0.872131
vn 0.465591 0.085398 0.880870
vn 0.847127 -0.319968 0.424260
vn 0.404795 -0.377320 -0.832929
vn -0.059894 0.868573 0.491928
vn 0.223762 0.870473 0.438414
vn 0.443464 0.869240 0.218545
vn -0.132522 0.907842 0.397819
vn -0.119324 -0.103956 -0.987398
vn 0.012919 0.100205 -0.994883
vn -0.645229 0.709925 -0.282287
vn 0.311467 0.885960 -0.343605
vn 0.000000 -1.000000 0.000000
vn -0.516801 0.843404 0.146925
vn 0.893158 0.064435 -0.445103
vn 0.984411 0.031099 -0.173112
vn 0.445103 0.064435 -0.893158
vn -0.541421 0.823454 -0.169666
vn -0.139195 0.842617 -0.520212
vn -0.151464 -0.161983 -0.975100
vn 0.009912 -0.346600 -0.937961
vn 0.532055 0.789642 0.305587
vn 0.764847 0.583707 0.272570
vn -0.754568 -0.610275 0.241229
vn 0.837331 0.350577 -0.419491
vn -0.727074 0.549402 -0.411729
vn 0.719231 -0.313356 -0.620092
vn 0.723159 -0.550404 0.417250
vn 0.724064 -0.675114 0.141249
vn 0.848125 -0.522836 0.085589
vn 0.540591 -0.694606 0.474641
vn 0.774462 -0.415132 0.477361
vn 0.651560 -0.736397 0.182176
vn 0.817898 -0.084474 0.569128
vn 0.353832 0.108121 0.929038
vn 0.675097 0.114822 0.728739
vn 0.000000 -1.000000 0.000000
vn 0.000000 -1.000000 0.000000
vn -0.698191 0.664725 -0.265839
vn 0.450245 0.264589 0.852802
vn 0.140221 -0.454490 -0.879646
vn 0.000000 -1.000000 0.000000
vn -0.615998 0.439854 0.653510
vn -0.180948 0.362308 -0.914325
vn -0.276647 0.071337 0.958320
vn -0.661367 0.315203 -0.680618
vn -0.227395 0.177162 -0.957552
vn 0.745585 0.460510 -0.481698
vn -0.645748 0.722148 -0.248016
vn 0.000000 -1.000000 0.000000
vn 0.717368 0.599336 0.355218
vn 0.408528 0.612162 -0.677025
vn 0.000000 -1.000000 0.000000
vn -0.438790 0.890834 -0.117801
vn -0.209454 0.377358 -0.902070
vn -0.398046 0.705703 0.586125
vn -0.595169 0.629637 0.499331
vn -0.282171 0.949454 -0.137539
vn 0.695040 0.717758 -0.041742
vn -0.538402 0.557433 -0.631975
vn -0.712566 0.582912 -0.390467
vn -0.718131 0.626865 -0.302206
vn -0.719455 0.663470 -0.205407
vn -0.648534 0.614299 -0.449488
vn 0.000000 -1.000000 0.000000
vn 0.000000 -1.000000 0.000000
vn 0.470363 0.874627 -0.117417
vn -0.017059 0.506721 -0.861941
vn -0.945113 0.178155 -0.273902
vn 0.632362 0.769522 -0.089189
vn -0.904602 -0.416616 -0.090147
vn -0.655301 0.482559 -0.581135
vn -0.400792 0.557302 0.727173
vn -0.105061 -0.025405 -0.994141
vn -0.988636 -0.099683 -0.112524
vn -0.593989 -0.107990 -0.797192
vn 0.995717 0.055644 0.073835
vn 0.986953 0.161000 0.001534
vn 0.052328 0.290746 -0.955368
vn -0.001794 -0.857350 0.514732
vn 0.731464 0.608894 0.306933
vn 0.044350 0.962540 -0.267489
vn 0.935306 0.160023 0.315589
vn 0.824431 0.048652 0.563868
vn 0.696260 0.241114 0.676082
vn 0.799009 0.446669 0.402580
vn 0.574014 0.809529 0.123168
vn 0.280380 0.945052 -0.168120
vn 0.634716 0.687772 0.352284
vn 0.716951 -0.290171 0.633862
vn 0.200835 0.506112 0.838759
vn 0.516842 -0.749394 0.413864
vn -0.000000 1.000000 0.000000
vn -0.152967 -0.072806 -0.985546
vn -0.097437 0.348954 0.932061
vn -0.550123 0.733262 -0.399615
vn 0.151398 0.837888 -0.524426
vn 0.116925 0.092169 -0.988855
vn 0.892782 0.288192 -0.346244
vn -0.028325 0.967655 -0.250683
vn 0.836533 -0.543303 -0.070953
vn 0.893408 0.379023 0.241173
vn -0.101134 0.824351 0.556971
vn -0.182591 0.095400 -0.978550
vn 0.920472 0.352203 -0.169364
vn 0.891636 0.130420 0.433562
vn 0.989305 -0.131154 0.063837
vn -0.093773 0.824824 -0.557559
vn 0.970284 0.004589 -0.241925
vn -0.877284 0.430608 -0.212013
vn 0.334007 0.423148 0.842250
vn 0.405111 0.678769 -0.612501
vn 0.313772 0.397884 0.862111
vn 0.359445 0.454896 0.814782
vn -0.831867 0.341941 -0.437119
vn -0.438302 0.317754 0.840788
vn -0.699960 0.713790 0.023671
vn -0.881773 0.367034 0.296247
vn -0.847233 0.454851 0.274423
vn -0.687735 0.581658 -0.434390
vn -0.346712 0.121086 -0.930123
vn -0.488888 0.849157 0.199800
vn 0.636617 0.230411 -0.735955
vn 0.007544 0.586780 0.809711
vn -0.014788 0.960462 0.278019
vn -0.095058 0.400420 -0.911388
vn 0.652566 0.267463 -0.708958
vn -0.288817 0.357432 -0.888159
vn -0.509167 0.242486 -0.825802
vn -0.528620 0.432705 -0.730293
vn -0.052063 0.267370 0.962187
vn -0.924295 0.381679 0.000000
vn -0.398107 0.533984 -0.745903
vn 0.074494 0.304317 0.949654
vn -0.116349 0.750400 0.650663
vn -0.161721 0.555802 0.815433
vn -0.258364 0.742553 -0.617951
vn -0.063643 0.648923 0.758188
vn -0.146028 0.267431 -0.952447
vn 0.346748 -0.212083 0.913667
vn 0.302076 0.319202 0.898254
vn -0.778838 0.336039 -0.529612
vn 0.689387 0.723758 0.030334
vn -0.097933 -0.068434 -0.992837
vn -0.621314 0.292163 -0.727055
vn -0.500314 0.340010 0.796291
vn -0.004571 0.045871 -0.998937
vn -0.500502 0.397326 -0.769174
vn 0.752053 -0.540750 0.376836
vn 0.262089 0.530900 0.805887
vn -0.507718 0.631183 -0.586370
vn -0.288775 0.357481 -0.888153
vn -0.647451 0.597752 0.472758
vn 0.767246 0.316903 -0.557589
vn 0.577181 0.238342 0.781061
vn -0.423318 0.698122 -0.577432
vn 0.199182 0.495632 0.845385
vn -0.029739 0.830004 0.556964
vn 0.017232 0.946388 0.322573
vn 0.636535 0.612305 0.468941
vn 0.926119 0.377231 -0.000291
vn 0.846350 0.527267 0.075372
vn 0.517617 0.852873 -0.068411
vn 0.990123 0.127286 0.058772
vn -0.744081 -0.221782 -0.630203
vn 0.837598 -0.001000 0.546287
vn 0.924206 0.318092 -0.211329
vn 0.041457 0.125136 -0.991273
vn 0.866320 0.491392 -0.089572
vn -0.746744 -0.660538 0.077865
vn -0.156729 0.315834 -0.935780
vn -0.388034 0.003506 -0.921638
vn -0.998588 0.017425 0.050189
vn -0.968228 0.127421 0.215170
vn -0.820829 0.393609 0.413899
vn -0.942625 0.250575 0.220613
vn -0.943887 0.306496 0.123031
vn 0.767256 0.316960 -0.557544
vn 0.780806 0.129080 -0.611294
vn 0.815960 0.153699 -0.557302
vn 0.769808 0.144175 -0.621780
vn 0.315002 0.357318 -0.879260
vn 0.327222 0.253525 -0.910303
vn -0.080645 0.935590 -0.343756
vn 0.343928 0.174751 -0.922592
vn -0.176190 0.374665 -0.910265
vn -0.508318 0.443497 -0.738190
vn -0.532377 0.833499 0.147831
vn 0.895562 0.189486 -0.402571
vn 0.793466 0.396007 0.462159
vn -0.366166 0.407429 0.836615
vn -0.596247 0.410915 0.689665
vn 0.522523 0.430146 0.736168
vn -0.905358 0.327245 -0.270625
vn -0.028827 0.324819 0.945337
vn 0.835135 0.306494 -0.456739
vn 0.000000 -1.000000 0.000000
vn 0.691355 0.448418 -0.566524
vn -0.642372 0.527739 0.555742
vn -0.477380 -0.078066 -0.875222
vn -0.826680 0.532064 0.183051
vn -0.861007 0.001645 -0.508590
vn -0.626562 0.584893 -0.515093
vn 0.973171 0.138792 -0.183507
vn 0.995508 0.090172 -0.028875
vn 0.349513 0.916269 0.195685
vn 0.937915 -0.338399 -0.076169
vn -0.929714 0.279470 -0.239852
vn -0.466312 0.432264 -0.771817
vn -0.459747 0.273822 -0.844780
vn -0.447833 0.594629 -0.667729
vn -0.920879 0.355601 0.159779
vn 0.146517 0.073312 0.986488
vn 0.000000 -1.000000 0.000000
vn 0.000000 -1.000000 0.000000
vn 0.000000 -1.000000 0.000000
vn 0.000000 -1.000000 0.000000
vn 0.556906 0.262491 0.788006
vn -0.815028 -0.144862 -0.561022
vn 0.546300 0.531585 -0.647282
vn 0.000000 -1.000000 0.000000
vn 0.854749 0.239155 -0.460661
vn 0.916444 0.192400 -0.350876
vn 0.018083 0.174902 0.984420
vn 0.979147 0.193333 -0.062404
vn -0.479138 0.598691 0.641869
vn 0.025992 0.537280 0.843004
vn -0.179184 0.609147 0.772549
vn 0.535689 0.384349 0.751873
vn 0.309315 -0.880634 0.358899
vn 0.885398 0.176467 -0.430036
vn -0.441199 0.896779 0.033639
vn -0.720920 -0.071165 -0.689355
vn -0.670813 0.209884 -0.711308
vn -0.547722 0.822227 0.154736
vn -0.788429 0.610653 0.074045
vn -0.026107 0.768032 -0.639880
vn -0.786402 0.605233 0.123549
vn -0.788715 0.496261 0.362841
vn -0.767990 0.606155 0.206802
vn -0.738684 0.617837 0.269489
vn -0.542676 0.351572 -0.762823
vn 0.000000 -1.000000 0.000000
vn -0.633322 0.500166 -0.590540
vn -0.700523 0.588670 0.403405
vn -0.599532 -0.147008 -0.786734
vn 0.328091 0.786508 -0.523222
vn -0.727070 -0.403584 -0.555417
vn -0.999067 0.036705 0.022765
vn -0.274966 0.381786 -0.882402
vn -0.967539 0.193410 0.162667
vn -0.661158 0.550410 0.509822
vn -0.340583 0.922028 0.184034
vn 0.518209 0.428973 -0.739893
vn -0.249188 0.968450 -0.003250
vn -0.114614 0.990972 -0.069559
vn -0.731790 0.238925 -0.638277
vn 0.007592 0.999169 0.040053
vn 0.024455 0.998631 -0.046238
vn -0.505124 0.828034 0.243331
vn 0.000000 -1.000000 0.000000
vn -0.676186 0.692522 0.251368
vn -0.559151 0.702589 0.440135
vn 0.867019 0.486468 0.107834
vn 0.867019 0.486468 0.107834
vn 0.971243 -0.027040 0.236549
vn -0.838353 0.498230 -0.221202
vn 0.965227 -0.080753 -0.248626
vn -0.656043 -0.346598 0.670431
vn 0.902276 -0.427679 -0.054667
vn -0.135991 0.030280 -0.990247
vn -0.166631 0.072978 -0.983315
vn 0.859626 -0.209417 -0.466034
vn 0.902276 -0.427679 -0.054667
vn 0.000000 -1.000000 0.000000
vn 0.000000 -1.000000 0.000000
vn 0.000000 -1.000000 0.000000
vn -0.696075 0.373561 0.613132
vn 0.913693 -0.016234 -0.406080
vn -0.737019 0.029321 0.675236
vn -0.245217 0.430616 0.868584
vn 0.149065 0.505295 0.849974
vn -0.351470 0.282959 0.892414
vn 0.220868 -0.928340 0.299002
vn 0.109221 -0.756786 0.644473
vn -0.342555 0.583684 0.736185
vn -0.425617 -0.464397 -0.776650
vn -0.838114 0.517717 0.171855
vn 0.637614 0.015578 0.770198
vn 0.185604 0.674819 -0.714262
vn 0.200671 0.897784 0.392065
vn -0.208264 0.976969 -0.046447
vn 0.079945 0.417053 -0.905359
vn -0.671774 -0.720373 -0.172577
vn -0.454088 -0.733035 -0.506424
vn 0.000000 -1.000000 0.000000
vn -0.180868 0.290853 -0.939516
vn -0.367095 0.226551 -0.902173
vn -0.336555 0.343214 -0.876889
vn 0.983975 -0.136267 0.115001
vn 0.830375 0.478490 0.285525
vn -0.007482 0.996777 -0.079875
vn -0.662216 0.455325 -0.595104
vn -0.087093 -0.665120 0.741640
vn 0.047231 0.990478 -0.129313
vn 0.307781 0.824859 -0.474214
vn 0.000000 -1.000000 0.000000
vn 0.000000 -1.000000 0.000000
vn 0.450443 -0.162249 0.877939
vn -0.944852 -0.071907 -0.319507
vn -0.154580 0.035983 -0.987325
vn 0.000000 -1.000000 0.000000
vn 0.000000 -1.000000 0.000000
vn -0.706946 0.687858 -0.164557
vn 0.794154 0.160813 0.586054
vn 0.000873 0.485775 0.874083
vn 0.411483 0.521464 0.747500
vn -0.026621 0.069438 -0.997231
vn -0.024736 0.229853 -0.972911
vn -0.963266 0.005709 -0.268488
vn 0.808398 0.379476 0.449990
vn 0.794279 0.543097 -0.272336
vn 0.780329 0.116784 0.614368
vn 0.802601 0.267151 0.533350
vn -0.583415 0.051263 -0.810555
vn 0.358194 0.611570 -0.705464
vn -0.930368 0.171534 0.324024
vn -0.787420 0.613250 -0.062408
vn -0.963413 0.267360 0.018813
vn -0.134333 -0.342086 -0.930017
vn -0.033646 -0.288965 -0.956748
vn 0.296101 0.054105 0.953623
vn 0.942233 0.052975 0.330744
vn 0.000000 -1.000000 0.000000
vn 0.000000 -1.000000 0.000000
vn -0.106666 0.928655 -0.355277
vn 0.320422 0.528198 0.786344
vn 0.545212 0.313425 0.777501
vn 0.644720 -0.644365 0.411254
vn 0.317363 0.263405 0.910988
vn -0.212720 0.320529 0.923045
vn -0.365998 -0.611210 -0.701760
vn -0.303702 0.110661 -0.946319
vn 0.767808 -0.579894 0.272386
vn 0.000000 -1.000000 0.000000
vn 0.000000 -1.000000 0.000000
vn 0.836390 0.247742 0.488954
vn 0.648597 0.761107 0.006160
vn 0.919408 0.200201 -0.338538
vn 0.920734 0.054009 -0.386434
vn 0.924098 0.181638 -0.336231
vn -0.147161 0.982657 0.112821
vn 0.525709 0.825325 -0.206078
vn -0.319094 0.922514 0.217135
vn -0.450495 0.874814 -0.178196
vn -0.706729 0.440366 0.553726
vn -0.215580 0.907581 -0.360309
vn 0.348543 -0.447923 0.823336
vn 0.000000 -1.000000 0.000000
vn 0.366295 -0.067189 0.928070
vn 0.794997 0.496557 -0.348441
vn 0.134878 0.285021 -0.948984
vn -0.426983 -0.159458 -0.890089
vn 0.058597 0.009623 -0.998235
vn -0.136274 0.796935 0.588493
vn -0.197583 0.839909 0.505483
vn 0.894342 0.093280 0.437552
vn 0.443369 -0.889172 0.113125
vn 0.481034 0.211362 0.850842
vn 0.233599 0.493751 0.837641
vn -0.573776 0.724196 0.382519
vn 0.188891 0.338053 -0.921976
vn -0.010555 0.344458 -0.938742
vn 0.059937 0.294936 -0.953635
vn -0.351428 -0.341443 0.871731
vn 0.139208 0.796795 -0.587996
vn -0.943553 0.061821 0.325401
vn 0.031503 -0.336727 0.941075
vn 0.593791 0.692006 -0.410535
vn 0.777118 0.590672 -0.217242
vn 0.812776 0.380142 -0.441461
vn 0.579597 0.592704 0.559258
vn 0.720517 0.688620 -0.081594
vn 0.542899 0.805900 0.236189
vn 0.284916 0.851516 0.440162
vn 0.304594 0.338523 -0.890295
vn 0.041272 0.332796 -0.942095
vn 0.791535 -0.197010 0.578498
vn 0.170855 -0.153869 0.973208
vn -0.904221 0.216286 -0.368244
vn -0.794487 -0.412685 0.445513
vn 0.000000 -1.000000 0.000000
vn -0.627642 0.110575 -0.770609
vn 0.924029 -0.169079 0.342902
vn 0.000000 -1.000000 0.000000
vn 0.000000 -1.000000 0.000000
vn 0.000000 -1.000000 0.000000
vn 0.000000 -1.000000 0.000000
vn 0.000000 -1.000000 0.000000
vn 0.000000 -1.000000 0.000000
vn 0.000000 -1.000000 0.000000
vn 0.000000 -1.000000 0.000000
vn -0.431091 0.533339 0.727812
vn 0.907575 0.419807 -0.008335
vn -0.003136 0.099650 -0.995018
vn -0.065846 0.377156 -0.923806
vn -0.020584 0.999587 -0.020044
vn -0.002210 0.999549 0.029932
vn 0.267758 0.958732 0.095593
vn 0.020801 0.932242 0.361237
vn 0.423825 0.903369 -0.065553
vn -0.008877 0.999305 0.036203
vn 0.059773 0.937693 0.342284
vn -0.127494 0.938729 0.320208
vn -0.153770 0.932720 0.326172
vn -0.111170 0.921392 0.372395
vn -0.097711 0.995110 0.014481
vn -0.361266 0.932459 -0.002672
vn -0.046122 0.937142 0.345887
vn -0.148666 0.971192 0.186237
vn -0.035890 0.970995 0.236389
vn -0.369831 0.913827 0.167763
vn 0.159051 0.981517 -0.106431
vn 0.132477 0.990209 -0.044011
vn 0.114922 0.988620 -0.097073
vn 0.040007 0.934580 -0.353496
vn 0.072641 0.978010 -0.195501
vn -0.012112 0.962738 -0.270165
vn -0.331235 0.941933 -0.055180
vn 0.038805 0.968725 -0.245084
vn -0.195837 0.953959 0.227179
vn 0.081357 0.912536 0.400823
vn -0.291320 0.956067 0.032703
vn -0.053003 0.998184 0.028641
vn 0.016372 0.958047 0.286143
vn 0.416754 0.896914 0.147854
vn 0.027848 0.895180 0.444834
vn 0.002970 0.999296 -0.037411
vn 0.027097 0.978804 0.202997
vn 0.428685 0.903430 -0.006520
vn 0.432236 0.890403 0.142672
vn 0.207777 0.977504 0.036255
vn 0.093798 0.995589 -0.002002
vn 0.314196 0.949029 0.025002
vn -0.447223 0.889659 0.092185
vn -0.209799 0.974644 -0.077809
vn 0.024601 0.920763 -0.389345
vn -0.173272 0.948172 -0.266357
vn 0.239576 0.969751 -0.046769
vn -0.020666 0.999540 -0.022205
vn 0.043323 0.994202 -0.098414
vn -0.129506 0.926394 -0.353584
vn -0.038832 0.909908 -0.412988
vn 0.313191 0.945529 0.088803
vn 0.233520 0.962820 0.135818
vn 0.126700 0.965849 0.226016
vn 0.167796 0.978583 0.119245
vn 0.023228 0.999729 -0.001197
vn -0.001178 0.994610 -0.103679
vn 0.721918 0.555073 0.413193
vn -0.857440 -0.232361 0.459135
vn -0.851355 -0.517843 0.083869
vn 0.412997 0.908553 -0.062971
vn 0.147805 0.791862 -0.592545
vn -0.779280 0.559788 -0.281708
vn -0.526988 0.626269 -0.574519
vn 0.138100 0.961891 -0.235996
vn -0.064270 0.889322 -0.452742
vn 0.115629 0.855915 -0.504023
vn 0.000000 -1.000000 0.000000
vn -0.833838 -0.543516 0.096456
vn 0.453823 0.834268 -0.313117
vn -0.182735 0.891593 0.414330
vn -0.509621 0.664203 0.546919
vn -0.391789 0.767772 0.506979
vn 0.677093 -0.335951 -0.654738
vn -0.900548 0.324248 -0.289613
vn 0.372050 0.645684 0.666836
vn 0.000000 -1.000000 0.000000
vn 0.000000 -1.000000 0.000000
vn 0.000000 -1.000000 0.000000
vn -0.166404 0.854174 0.492642
vn -0.037524 0.865308 -0.499835
vn 0.649148 0.063780 -0.757984
vn -0.042205 0.825936 -0.562182
vn 0.129204 0.920848 -0.367894
vn 0.000000 -1.000000 0.000000
vn 0.000000 -1.000000 0.000000
vn 0.000000 -1.000000 0.000000
vn 0.000000 -1.000000 0.000000
vn 0.000000 -1.000000 0.000000
vn -0.857032 0.433586 0.278388
vn 0.000000 -1.000000 0.000000
vn 0.000000 -1.000000 0.000000
vn 0.000000 -1.000000 0.000000
vn -0.277501 0.120327 -0.953160
vn -0.387902 0.726942 -0.566646
vn 0.720973 0.014170 -0.692818
vn -0.676453 0.431556 -0.596800
vn 0.103535 0.701720 0.704890
vn 0.723959 0.191947 -0.662601
vn 0.937719 0.120689 0.325756
vn -0.764146 0.612829 0.201299
vn -0.290661 0.327778 -0.898932
vn -0.291194 0.327154 -0.898986
vn 0.234780 0.686024 -0.688658
vn 0.116707 0.988928 0.091656
vn 0.322865 0.598691 -0.733027
vn -0.062553 0.931559 -0.358169
vn 0.441611 0.882644 -0.160995
vn 0.796446 0.138354 0.588669
vn 0.804706 0.200942 0.558632
vn -0.603896 0.531190 0.594262
vn -0.606591 0.545659 -0.578190
vn 0.083460 0.953013 0.291206
vn -0.606591 0.545659 -0.578190
vn 0.343235 0.587243 0.733031
vn 0.093602 0.931366 -0.351845
vn 0.045076 0.893387 0.447022
vn 0.141638 0.493602 0.858077
vn 0.069903 0.992087 -0.104294
vn 0.110782 0.974397 -0.195646
vn 0.095823 0.618489 0.779929
vn 0.053147 -0.401617 -0.914264
vn 0.059067 0.101766 -0.993053
vn -0.241668 -0.089818 -0.966193
vn -0.976106 -0.201118 0.082273
vn -0.139008 -0.445153 -0.884599
vn -0.400692 -0.528392 -0.748496
vn -0.714336 0.302638 0.630979
vn 0.640204 0.759268 -0.116839
vn -0.297024 0.667667 0.682640
vn -0.434796 0.900369 -0.016971
vn -0.486899 0.667461 0.563405
vn 0.000000 -1.000000 0.000000
vn 0.000000 -1.000000 0.000000
vn 0.000000 -1.000000 0.000000
vn 0.102091 0.501779 0.858950
vn 0.000000 -1.000000 0.000000
vn 0.000000 -1.000000 0.000000
vn 0.000000 -1.000000 0.000000
vn 0.000000 -1.000000 0.000000
vn 0.915398 0.393371 0.085467
vn 0.257400 0.561123 0.786693
vn 0.805629 0.583270 0.103717
vn 0.640438 0.202021 -0.740964
vn -0.521802 0.616464 -0.589657
vn 0.000000 -1.000000 0.000000
vn 0.000000 -1.000000 0.000000
vn 0.000000 -1.000000 0.000000
vn -0.000000 1.000000 -0.000000
vn 0.773769 0.305132 -0.555136
vn 0.000000 -1.000000 0.000000
vn -0.928219 0.372005 0.004695
vn -0.060844 0.304911 0.950435
vn 0.558002 0.300900 0.773365
vn -0.241223 0.737791 0.630457
vn -0.708543 0.451432 0.542380
vn -0.650163 0.601832 0.463774
vn 0.252484 0.190593 -0.948644
vn 0.195875 0.524744 0.828418
vn -0.368948 0.396466 -0.840650
vn -0.150927 0.888658 -0.433021
vn 0.253998 0.815210 -0.520498
vn -0.917511 0.278286 0.284131
vn -0.834021 0.352339 -0.424577
vn 0.008131 0.970802 0.239746
vn 0.553025 0.832785 0.025148
vn -0.140843 0.942174 0.304092
vn -0.319096 0.922420 0.217529
vn 0.024029 0.987849 0.153546
vn -0.670961 -0.202099 -0.713420
vn 0.000000 -1.000000 0.000000
vn 0.000000 -1.000000 0.000000
vn 0.513918 0.829183 -0.219873
vn -0.793872 0.555652 -0.247018
vn 0.064934 0.780341 -0.621974
vn 0.000000 -1.000000 0.000000
vn -0.798708 0.578436 0.165762
vn -0.606591 0.545659 -0.578190
vn -0.562464 -0.568923 -0.599967
vn -0.783978 0.566096 -0.254784
vn 0.000000 -1.000000 0.000000
vn -0.447225 0.892273 -0.061965
vn -0.118850 0.915551 -0.384241
vn -0.544441 -0.494036 0.677873
vn -0.628604 -0.157717 0.761566
vn -0.551707 -0.484050 0.679201
vn 0.378211 -0.489619 0.785640
vn 0.000000 -1.000000 0.000000
vn 0.947344 -0.067910 0.312934
vn 0.000000 -1.000000 0.000000
vn 0.675094 -0.426681 0.601824
vn 0.000000 -1.000000 0.000000
vn 0.875619 -0.391692 0.282610
vn 0.220467 -0.475855 0.851444
vn 0.847903 -0.061791 0.526539
vn 0.233053 -0.205839 0.950430
vn 0.577862 -0.344069 -0.740062
vn 0.112431 -0.401912 -0.908750
vn 0.315294 -0.397961 -0.861520
vn 0.118466 -0.060303 -0.991125
vn 0.478140 -0.215742 0.851374
vn -0.572599 -0.085792 -0.815335
vn -0.234626 0.236739 0.942818
vn 0.078674 0.982302 0.169980
vn -0.046141 0.752060 -0.657478
vn 0.124655 0.992193 -0.003659
vn -0.223633 0.962330 0.154628
vn -0.294212 0.945716 0.138063
vn 0.059338 0.958083 0.280278
vn 0.412624 0.886107 0.211082
vn 0.480386 0.873055 -0.083692
vn 0.243892 0.901636 -0.357169
vn 0.416377 -0.022894 -0.908904
vn 0.078605 0.561779 0.823544
vn -0.007218 0.170711 0.985295
vn -0.264063 0.886471 0.380052
vn 0.262182 0.665627 0.698715
vn -0.216426 0.940886 0.260563
vn 0.025833 0.972410 -0.231843
vn 0.060545 0.175312 -0.982649
vn 0.551953 0.833416 0.027675
vn 0.246471 0.961503 -0.121506
vn -0.432128 0.788849 -0.437016
vn -0.463088 0.445241 -0.766362
vn -0.587425 0.808240 0.040980
vn -0.362560 0.446851 -0.817847
vn -0.032831 0.828105 0.559610
vn 0.514378 0.856842 -0.035172
f 170/170/170 15/15/15 14/14/14
f 132/132/132 131/131/131 135/135/135
f 129/129/129 131/131/131 132/132/132
f 119/119/119 127/127/127 126/126/126
f 124/124/124 127/127/127 119/119/119
f 119/119/119 117/117/117 124/124/124
f 124/124/124 117/117/117 118/118/118
f 117/117/117 271/271/271 118/118/118
f 118/118/118 271/271/271 162/162/162
f 271/271/271 270/270/270 162/162/162
f 281/281/281 270/270/270 271/271/271
f 225/225/225 217/217/217 103/103/103
f 103/103/103 217/217/217 185/185/185
f 165/165/165 103/103/103 185/185/185
f 165/165/165 69/69/69 103/103/103
f 165/165/165 68/68/68 69/69/69
f 69/69/69 68/68/68 252/252/252
f 29/29/29 69/69/69 252/252/252
f 29/29/29 252/252/252 163/163/163
f 98/98/98 185/185/185 217/217/217
f 182/182/182 185/185/185 98/98/98
f 180/180/180 185/185/185 182/182/182
f 165/165/165 185/185/185 180/180/180
f 180/180/180 228/228/228 165/165/165
f 165/165/165 228/228/228 189/189/189
f 189/189/189 178/178/178 165/165/165
f 165/165/165 178/178/178 68/68/68
f 68/68/68 178/178/178 219/219/219
f 68/68/68 219/219/219 252/252/252
f 181/181/181 182/182/182 98/98/98
f 260/260/260 182/182/182 181/181/181
f 260/260/260 228/228/228 182/182/182
f 182/182/182 228/228/228 180/180/180
f 181/181/181 183/183/183 260/260/260
f 260/260/260 183/183/183 184/184/184
f 184/184/184 228/228/228 260/260/260
f 189/189/189 228/228/228 184/184/184
f 247/247/247 189/189/189 184/184/184
f 189/189/189 247/247/247 178/178/178
f 178/178/178 247/247/247 177/177/177
f 178/178/178 177/177/177 176/176/176
f 219/219/219 178/178/178 176/176/176
f 219/219/219 176/176/176 232/232/232
f 219/219/219 232/232/232 89/89/89
f 252/252/252 219/219/219 89/89/89
f 177/177/177 247/247/247 246/246/246
f 246/246/246 87/87/87 177/177/177
f 177/177/177 87/87/87 236/236/236
f 177/177/177 236/236/236 263/263/263
f 176/176/176 177/177/177 263/263/263
f 176/176/176 263/263/263 231/231/231
f 232/232/232 176/176/176 231/231/231
f 247/247/247 62/62/62 246/246/246
f 62/62/62 87/87/87 246/246/246
f 289/289/289 87/87/87 62/62/62
f 291/291/291 87/87/87 289/289/289
f 83/83/83 87/87/87 291/291/291
f 87/87/87 83/83/83 236/236/236
f 236/236/236 83/83/83 233/233/233
f 233/233/233 234/234/234 236/236/236
f 236/236/236 234/234/234 235/235/235
f 263/263/263 236/236/236 235/235/235
f 293/293/293 289/289/289 62/62/62
f 292/292/292 289/289/289 293/293/293
f 294/294/294 289/289/289 292/292/292
f 289/289/289 294/294/294 291/291/291
f 291/291/291 294/294/294 290/290/290
f 297/297/297 293/293/293 62/62/62
f 295/295/295 293/293/293 297/297/297
f 61/61/61 293/293/293 295/295/295
f 62/62/62 262/262/262 297/297/297
f 262/262/262 296/296/296 297/297/297
f 296/296/296 295/295/295 297/297/297
f 18/18/18 295/295/295 296/296/296
f 95/95/95 18/18/18 296/296/296
f 59/59/59 18/18/18 95/95/95
f 94/94/94 262/262/262 62/62/62
f 94/94/94 95/95/95 262/262/262
f 95/95/95 296/296/296 262/262/262
f 254/254/254 95/95/95 94/94/94
f 254/254/254 13/13/13 95/95/95
f 172/172/172 13/13/13 254/254/254
f 83/83/83 291/291/291 146/146/146
f 234/234/234 141/141/141 235/235/235
f 235/235/235 141/141/141 40/40/40
f 301/301/301 235/235/235 40/40/40
f 263/263/263 235/235/235 301/301/301
f 231/231/231 263/263/263 301/301/301
f 231/231/231 301/301/301 42/42/42
f 66/66/66 231/231/231 42/42/42
f 232/232/232 231/231/231 66/66/66
f 141/141/141 114/114/114 40/40/40
f 40/40/40 114/114/114 143/143/143
f 47/47/47 40/40/40 143/143/143
f 301/301/301 40/40/40 47/47/47
f 42/42/42 301/301/301 47/47/47
f 42/42/42 47/47/47 99/99/99
f 139/139/139 42/42/42 99/99/99
f 66/66/66 42/42/42 139/139/139
f 143/143/143 114/114/114 112/112/112
f 110/110/110 143/143/143 112/112/112
f 47/47/47 143/143/143 110/110/110
f 99/99/99 47/47/47 110/110/110
f 112/112/112 114/114/114 284/284/284
f 57/57/57 66/66/66 139/139/139
f 67/67/67 66/66/66 57/57/57
f 86/86/86 66/66/66 67/67/67
f 232/232/232 66/66/66 86/86/86
f 89/89/89 232/232/232 86/86/86
f 89/89/89 86/86/86 249/249/249
f 249/249/249 252/252/252 89/89/89
f 300/300/300 67/67/67 57/57/57
f 287/287/287 67/67/67 300/300/300
f 248/248/248 67/67/67 287/287/287
f 86/86/86 67/67/67 248/248/248
f 249/249/249 86/86/86 248/248/248
f 249/249/249 248/248/248 222/222/222
f 222/222/222 27/27/27 249/249/249
f 27/27/27 252/252/252 249/249/249
f 163/163/163 252/252/252 27/27/27
f 28/28/28 163/163/163 27/27/27
f 28/28/28 157/157/157 163/163/163
f 102/102/102 287/287/287 300/300/300
f 100/100/100 287/287/287 102/102/102
f 100/100/100 248/248/248 287/287/287
f 224/224/224 248/248/248 100/100/100
f 222/222/222 248/248/248 224/224/224
f 221/221/221 222/222/222 224/224/224
f 250/250/250 222/222/222 221/221/221
f 250/250/250 33/33/33 222/222/222
f 33/33/33 27/27/27 222/222/222
f 33/33/33 28/28/28 27/27/27
f 100/100/100 102/102/102 140/140/140
f 140/140/140 224/224/224 100/100/100
f 221/221/221 224/224/224 140/140/140
f 2/2/2 221/221/221 140/140/140
f 1/1/1 221/221/221 2/2/2
f 1/1/1 250/250/250 221/221/221
f 223/223/223 250/250/250 1/1/1
f 223/223/223 161/161/161 250/250/250
f 161/161/161 33/33/33 250/250/250
f 140/140/140 102/102/102 104/104/104
f 140/140/140 104/104/104 2/2/2
f 2/2/2 104/104/104 138/138/138
f 2/2/2 138/138/138 65/65/65
f 286/286/286 2/2/2 65/65/65
f 1/1/1 2/2/2 286/286/286
f 251/251/251 1/1/1 286/286/286
f 223/223/223 1/1/1 251/251/251
f 220/220/220 223/223/223 251/251/251
f 240/240/240 223/223/223 220/220/220
f 240/240/240 161/161/161 223/223/223
f 240/240/240 31/31/31 161/161/161
f 161/161/161 31/31/31 33/33/33
f 65/65/65 138/138/138 116/116/116
f 159/159/159 157/157/157 28/28/28
f 80/80/80 157/157/157 159/159/159
f 218/218/218 230/230/230 198/198/198
f 186/186/186 230/230/230 218/218/218
f 274/274/274 230/230/230 186/186/186
f 197/197/197 49/49/49 111/111/111
f 50/50/50 49/49/49 197/197/197
f 49/49/49 50/50/50 53/53/53
f 53/53/53 50/50/50 144/144/144
f 144/144/144 227/227/227 53/53/53
f 144/144/144 215/215/215 227/227/227
f 227/227/227 215/215/215 56/56/56
f 227/227/227 56/56/56 216/216/216
f 56/56/56 214/214/214 216/216/216
f 56/56/56 215/215/215 303/303/303
f 56/56/56 303/303/303 55/55/55
f 303/303/303 299/299/299 55/55/55
f 52/52/52 299/299/299 303/303/303
f 298/298/298 299/299/299 52/52/52
f 54/54/54 299/299/299 298/298/298
f 298/298/298 193/193/193 54/54/54
f 54/54/54 193/193/193 194/194/194
f 194/194/194 193/193/193 195/195/195
f 113/113/113 109/109/109 226/226/226
f 111/111/111 109/109/109 113/113/113
f 196/196/196 45/45/45 168/168/168
f 168/168/168 45/45/45 108/108/108
f 45/45/45 3/3/3 108/108/108
f 282/282/282 107/107/107 96/96/96
f 96/96/96 107/107/107 199/199/199
f 96/96/96 199/199/199 106/106/106
f 106/106/106 199/199/199 164/164/164
f 106/106/106 164/164/164 154/154/154
f 97/97/97 106/106/106 154/154/154
f 97/97/97 154/154/154 3/3/3
f 166/166/166 3/3/3 154/154/154
f 167/167/167 3/3/3 166/166/166
f 199/199/199 153/153/153 164/164/164
f 164/164/164 153/153/153 152/152/152
f 154/154/154 164/164/164 152/152/152
f 152/152/152 166/166/166 154/154/154
f 153/153/153 166/166/166 152/152/152
f 167/167/167 166/166/166 153/153/153
f 253/253/253 167/167/167 153/153/153
f 168/168/168 167/167/167 253/253/253
f 43/43/43 153/153/153 199/199/199
f 41/41/41 153/153/153 43/43/43
f 58/58/58 259/259/259 179/179/179
f 179/179/179 259/259/259 19/19/19
f 19/19/19 171/171/171 179/179/179
f 179/179/179 171/171/171 155/155/155
f 179/179/179 155/155/155 16/16/16
f 19/19/19 259/259/259 30/30/30
f 30/30/30 20/20/20 19/19/19
f 20/20/20 171/171/171 19/19/19
f 169/169/169 171/171/171 20/20/20
f 288/288/288 20/20/20 30/30/30
f 283/283/283 37/37/37 58/58/58
f 37/37/37 283/283/283 258/258/258
f 258/258/258 187/187/187 37/37/37
f 187/187/187 258/258/258 261/261/261
f 261/261/261 258/258/258 257/257/257
f 258/258/258 283/283/283 229/229/229
f 258/258/258 229/229/229 255/255/255
f 255/255/255 229/229/229 156/156/156
f 101/101/101 25/25/25 26/26/26
f 26/26/26 25/25/25 220/220/220
f 220/220/220 25/25/25 240/240/240
f 25/25/25 31/31/31 240/240/240
f 25/25/25 60/60/60 31/31/31
f 31/31/31 60/60/60 192/192/192
f 192/192/192 5/5/5 31/31/31
f 31/31/31 5/5/5 32/32/32
f 33/33/33 31/31/31 32/32/32
f 32/32/32 28/28/28 33/33/33
f 11/11/11 28/28/28 32/32/32
f 160/160/160 28/28/28 11/11/11
f 60/60/60 4/4/4 192/192/192
f 190/190/190 192/192/192 4/4/4
f 5/5/5 192/192/192 190/190/190
f 5/5/5 190/190/190 11/11/11
f 32/32/32 5/5/5 11/11/11
f 11/11/11 190/190/190 90/90/90
f 90/90/90 160/160/160 11/11/11
f 158/158/158 160/160/160 90/90/90
f 51/51/51 24/24/24 38/38/38
f 169/169/169 24/24/24 51/51/51
f 93/93/93 128/128/128 136/136/136
f 76/76/76 128/128/128 93/93/93
f 76/76/76 137/137/137 128/128/128
f 10/10/10 137/137/137 76/76/76
f 76/76/76 74/74/74 10/10/10
f 93/93/93 136/136/136 191/191/191
f 191/191/191 8/8/8 93/93/93
f 8/8/8 75/75/75 93/93/93
f 93/93/93 75/75/75 76/76/76
f 75/75/75 74/74/74 76/76/76
f 277/277/277 74/74/74 75/75/75
f 276/276/276 74/74/74 277/277/277
f 277/277/277 22/22/22 276/276/276
f 191/191/191 136/136/136 134/134/134
f 125/125/125 191/191/191 134/134/134
f 151/151/151 191/191/191 125/125/125
f 151/151/151 72/72/72 191/191/191
f 72/72/72 8/8/8 191/191/191
f 72/72/72 202/202/202 8/8/8
f 202/202/202 75/75/75 8/8/8
f 277/277/277 75/75/75 202/202/202
f 241/241/241 277/277/277 202/202/202
f 81/81/81 277/277/277 241/241/241
f 81/81/81 22/22/22 277/277/277
f 81/81/81 77/77/77 22/22/22
f 122/122/122 151/151/151 125/125/125
f 91/91/91 151/151/151 122/122/122
f 91/91/91 73/73/73 151/151/151
f 73/73/73 72/72/72 151/151/151
f 73/73/73 200/200/200 72/72/72
f 200/200/200 202/202/202 72/72/72
f 200/200/200 241/241/241 202/202/202
f 122/122/122 88/88/88 91/91/91
f 88/88/88 71/71/71 91/91/91
f 91/91/91 71/71/71 92/92/92
f 92/92/92 73/73/73 91/91/91
f 92/92/92 175/175/175 73/73/73
f 175/175/175 200/200/200 73/73/73
f 175/175/175 245/245/245 200/200/200
f 245/245/245 241/241/241 200/200/200
f 133/133/133 88/88/88 122/122/122
f 88/88/88 133/133/133 150/150/150
f 150/150/150 71/71/71 88/88/88
f 70/70/70 71/71/71 150/150/150
f 70/70/70 201/201/201 71/71/71
f 201/201/201 173/173/173 71/71/71
f 71/71/71 173/173/173 92/92/92
f 173/173/173 175/175/175 92/92/92
f 173/173/173 174/174/174 175/175/175
f 174/174/174 245/245/245 175/175/175
f 150/150/150 133/133/133 272/272/272
f 150/150/150 272/272/272 188/188/188
f 188/188/188 70/70/70 150/150/150
f 17/17/17 70/70/70 188/188/188
f 17/17/17 206/206/206 70/70/70
f 206/206/206 201/201/201 70/70/70
f 84/84/84 201/201/201 206/206/206
f 23/23/23 201/201/201 84/84/84
f 201/201/201 23/23/23 173/173/173
f 173/173/173 23/23/23 238/238/238
f 238/238/238 174/174/174 173/173/173
f 188/188/188 272/272/272 120/120/120
f 130/130/130 188/188/188 120/120/120
f 256/256/256 188/188/188 130/130/130
f 17/17/17 188/188/188 256/256/256
f 17/17/17 256/256/256 9/9/9
f 9/9/9 207/207/207 17/17/17
f 207/207/207 206/206/206 17/17/17
f 207/207/207 84/84/84 206/206/206
f 85/85/85 84/84/84 207/207/207
f 85/85/85 243/243/243 84/84/84
f 243/243/243 82/82/82 84/84/84
f 84/84/84 82/82/82 23/23/23
f 123/123/123 256/256/256 130/130/130
f 7/7/7 256/256/256 123/123/123
f 9/9/9 256/256/256 7/7/7
f 9/9/9 7/7/7 12/12/12
f 12/12/12 35/35/35 9/9/9
f 35/35/35 207/207/207 9/9/9
f 35/35/35 85/85/85 207/207/207
f 21/21/21 85/85/85 35/35/35
f 78/78/78 85/85/85 21/21/21
f 244/244/244 85/85/85 78/78/78
f 244/244/244 243/243/243 85/85/85
f 121/121/121 7/7/7 123/123/123
f 6/6/6 7/7/7 121/121/121
f 12/12/12 7/7/7 6/6/6
f 278/278/278 35/35/35 12/12/12
f 203/203/203 35/35/35 278/278/278
f 21/21/21 35/35/35 203/203/203
f 265/265/265 21/21/21 203/203/203
f 78/78/78 21/21/21 265/265/265
f 265/265/265 142/142/142 78/78/78
f 78/78/78 142/142/142 302/302/302
f 302/302/302 244/244/244 78/78/78
f 145/145/145 244/244/244 302/302/302
f 244/244/244 145/145/145 243/243/243
f 243/243/243 145/145/145 115/115/115
f 115/115/115 82/82/82 243/243/243
f 285/285/285 82/82/82 115/115/115
f 285/285/285 242/242/242 82/82/82
f 82/82/82 242/242/242 23/23/23
f 23/23/23 242/242/242 238/238/238
f 242/242/242 174/174/174 238/238/238
f 237/237/237 174/174/174 242/242/242
f 237/237/237 245/245/245 174/174/174
f 48/48/48 242/242/242 285/285/285
f 48/48/48 237/237/237 242/242/242
f 64/64/64 237/237/237 48/48/48
f 64/64/64 239/239/239 237/237/237
f 239/239/239 245/245/245 237/237/237
f 239/239/239 241/241/241 245/245/245
f 264/264/264 241/241/241 239/239/239
f 79/79/79 241/241/241 264/264/264
f 81/81/81 241/241/241 79/79/79
f 79/79/79 77/77/77 81/81/81
f 77/77/77 79/79/79 46/46/46
f 63/63/63 239/239/239 64/64/64
f 239/239/239 63/63/63 264/264/264
f 264/264/264 63/63/63 39/39/39
f 44/44/44 264/264/264 39/39/39
f 79/79/79 264/264/264 44/44/44
f 46/46/46 79/79/79 44/44/44
f 280/280/280 147/147/147 149/149/149
f 149/149/149 147/147/147 210/210/210
f 149/149/149 210/210/210 105/105/105
f 149/149/149 105/105/105 148/148/148
f 148/148/148 280/280/280 149/149/149
f 34/34/34 280/280/280 148/148/148
f 273/273/273 34/34/34 148/148/148
f 36/36/36 34/34/34 273/273/273
f 147/147/147 279/279/279 210/210/210
f 279/279/279 211/211/211 210/210/210
f 105/105/105 210/210/210 211/211/211
f 275/275/275 211/211/211 279/279/279
f 275/275/275 213/213/213 211/211/211
f 105/105/105 211/211/211 213/213/213
f 105/105/105 213/213/213 269/269/269
f 208/208/208 105/105/105 269/269/269
f 205/205/205 105/105/105 208/208/208
f 204/204/204 105/105/105 205/205/205
f 273/273/273 105/105/105 204/204/204
f 148/148/148 105/105/105 273/273/273
f 212/212/212 213/213/213 275/275/275
f 212/212/212 269/269/269 213/213/213
f 266/266/266 269/269/269 212/212/212
f 266/266/266 208/208/208 269/269/269
f 267/267/267 208/208/208 266/266/266
f 267/267/267 268/268/268 208/208/208
f 208/208/208 268/268/268 205/205/205
f 268/268/268 209/209/209 205/205/205
f 205/205/205 209/209/209 204/204/204
f 209/209/209 36/36/36 204/204/204
f 204/204/204 36/36/36 273/273/273
f 622/622/622 552/552/552 598/598/598
f 316/316/316 333/333/333 426/426/426
f 484/484/484 526/526/526 525/525/525
f 535/535/535 468/468/468 531/531/531
f 663/663/663 656/656/656 522/522/522
f 662/662/662 657/657/657 658/658/658
f 451/451/451 421/421/421 454/454/454
f 350/350/350 421/421/421 451/451/451
f 420/420/420 421/421/421 350/350/350
f 419/419/419 421/421/421 420/420/420
f 455/455/455 371/371/371 590/590/590
f 590/590/590 371/371/371 589/589/589
f 549/549/549 590/590/590 589/589/589
f 588/588/588 590/590/590 549/549/549
f 371/371/371 514/514/514 589/589/589
f 589/589/589 514/514/514 575/575/575
f 417/417/417 589/589/589 575/575/575
f 549/549/549 589/589/589 417/417/417
f 453/453/453 452/452/452 487/487/487
f 487/487/487 452/452/452 489/489/489
f 487/487/487 489/489/489 514/514/514
f 514/514/514 489/489/489 364/364/364
f 488/488/488 364/364/364 489/489/489
f 397/397/397 364/364/364 488/488/488
f 452/452/452 456/456/456 489/489/489
f 489/489/489 456/456/456 488/488/488
f 365/365/365 376/376/376 533/533/533
f 533/533/533 376/376/376 532/532/532
f 366/366/366 309/309/309 583/583/583
f 583/583/583 309/309/309 481/481/481
f 566/566/566 583/583/583 481/481/481
f 563/563/563 583/583/583 566/566/566
f 563/563/563 566/566/566 517/517/517
f 516/516/516 563/563/563 517/517/517
f 553/553/553 516/516/516 517/517/517
f 309/309/309 515/515/515 481/481/481
f 481/481/481 515/515/515 554/554/554
f 343/343/343 481/481/481 554/554/554
f 566/566/566 481/481/481 343/343/343
f 554/554/554 445/445/445 343/343/343
f 343/343/343 445/445/445 361/361/361
f 554/554/554 447/447/447 445/445/445
f 560/560/560 447/447/447 554/554/554
f 447/447/447 560/560/560 564/564/564
f 564/564/564 560/560/560 381/381/381
f 560/560/560 464/464/464 381/381/381
f 307/307/307 464/464/464 560/560/560
f 559/559/559 307/307/307 560/560/560
f 559/559/559 560/560/560 558/558/558
f 558/558/558 560/560/560 554/554/554
f 444/444/444 551/551/551 443/443/443
f 446/446/446 444/444/444 443/443/443
f 429/429/429 444/444/444 446/446/446
f 528/528/528 396/396/396 449/449/449
f 449/449/449 448/448/448 528/528/528
f 528/528/528 448/448/448 518/518/518
f 518/518/518 651/651/651 528/528/528
f 654/654/654 651/651/651 518/518/518
f 654/654/654 518/518/518 429/429/429
f 429/429/429 518/518/518 448/448/448
f 363/363/363 422/422/422 423/423/423
f 423/423/423 422/422/422 430/430/430
f 430/430/430 424/424/424 423/423/423
f 430/430/430 422/422/422 428/428/428
f 441/441/441 459/459/459 442/442/442
f 459/459/459 642/642/642 442/442/442
f 442/442/442 642/642/642 450/450/450
f 642/642/642 486/486/486 450/450/450
f 459/459/459 640/640/640 642/642/642
f 642/642/642 640/640/640 641/641/641
f 641/641/641 486/486/486 642/642/642
f 665/665/665 486/486/486 641/641/641
f 665/665/665 339/339/339 486/486/486
f 486/486/486 339/339/339 466/466/466
f 425/425/425 486/486/486 466/466/466
f 587/587/587 640/640/640 459/459/459
f 641/641/641 640/640/640 644/644/644
f 644/644/644 665/665/665 641/641/641
f 320/320/320 665/665/665 644/644/644
f 665/665/665 320/320/320 562/562/562
f 344/344/344 665/665/665 562/562/562
f 339/339/339 665/665/665 344/344/344
f 594/594/594 339/339/339 344/344/344
f 338/338/338 339/339/339 594/594/594
f 466/466/466 339/339/339 338/338/338
f 561/561/561 466/466/466 338/338/338
f 468/468/468 466/466/466 561/561/561
f 562/562/562 320/320/320 645/645/645
f 645/645/645 643/643/643 562/562/562
f 643/643/643 346/346/346 562/562/562
f 562/562/562 346/346/346 344/344/344
f 345/345/345 344/344/344 346/346/346
f 594/594/594 344/344/344 345/345/345
f 345/345/345 649/649/649 594/594/594
f 594/594/594 649/649/649 655/655/655
f 655/655/655 338/338/338 594/594/594
f 561/561/561 338/338/338 655/655/655
f 410/410/410 561/561/561 655/655/655
f 605/605/605 561/561/561 410/410/410
f 645/645/645 646/646/646 643/643/643
f 643/643/643 646/646/646 578/578/578
f 643/643/643 578/578/578 346/346/346
f 346/346/346 578/578/578 601/601/601
f 601/601/601 550/550/550 346/346/346
f 345/345/345 346/346/346 550/550/550
f 550/550/550 649/649/649 345/345/345
f 351/351/351 649/649/649 550/550/550
f 649/649/649 351/351/351 600/600/600
f 649/649/649 600/600/600 655/655/655
f 655/655/655 600/600/600 410/410/410
f 410/410/410 600/600/600 491/491/491
f 491/491/491 605/605/605 410/410/410
f 578/578/578 646/646/646 577/577/577
f 578/578/578 577/577/577 601/601/601
f 601/601/601 577/577/577 602/602/602
f 601/601/601 602/602/602 593/593/593
f 593/593/593 550/550/550 601/601/601
f 593/593/593 570/570/570 550/550/550
f 550/550/550 570/570/570 351/351/351
f 351/351/351 570/570/570 353/353/353
f 600/600/600 351/351/351 353/353/353
f 600/600/600 353/353/353 629/629/629
f 491/491/491 600/600/600 629/629/629
f 593/593/593 602/602/602 485/485/485
f 650/650/650 593/593/593 485/485/485
f 570/570/570 593/593/593 650/650/650
f 650/650/650 546/546/546 570/570/570
f 353/353/353 570/570/570 546/546/546
f 353/353/353 546/546/546 545/545/545
f 629/629/629 353/353/353 545/545/545
f 602/602/602 664/664/664 485/485/485
f 485/485/485 664/664/664 395/395/395
f 474/474/474 485/485/485 395/395/395
f 650/650/650 485/485/485 474/474/474
f 474/474/474 565/565/565 650/650/650
f 565/565/565 546/546/546 650/650/650
f 546/546/546 565/565/565 341/341/341
f 545/545/545 546/546/546 341/341/341
f 602/602/602 460/460/460 664/664/664
f 460/460/460 318/318/318 664/664/664
f 664/664/664 318/318/318 317/317/317
f 334/334/334 664/664/664 317/317/317
f 395/395/395 664/664/664 334/334/334
f 356/356/356 395/395/395 334/334/334
f 474/474/474 395/395/395 356/356/356
f 632/632/632 460/460/460 602/602/602
f 632/632/632 496/496/496 460/460/460
f 496/496/496 318/318/318 460/460/460
f 626/626/626 318/318/318 496/496/496
f 385/385/385 318/318/318 626/626/626
f 547/547/547 318/318/318 385/385/385
f 317/317/317 318/318/318 547/547/547
f 547/547/547 513/513/513 317/317/317
f 317/317/317 513/513/513 334/334/334
f 539/539/539 334/334/334 513/513/513
f 356/356/356 334/334/334 539/539/539
f 493/493/493 496/496/496 632/632/632
f 539/539/539 513/513/513 512/512/512
f 512/512/512 513/513/513 436/436/436
f 436/436/436 435/435/435 512/512/512
f 512/512/512 435/435/435 434/434/434
f 435/435/435 510/510/510 434/434/434
f 434/434/434 510/510/510 336/336/336
f 434/434/434 336/336/336 431/431/431
f 431/431/431 336/336/336 555/555/555
f 547/547/547 436/436/436 513/513/513
f 377/377/377 436/436/436 547/547/547
f 547/547/547 399/399/399 377/377/377
f 377/377/377 399/399/399 407/407/407
f 407/407/407 435/435/435 377/377/377
f 385/385/385 399/399/399 547/547/547
f 385/385/385 626/626/626 399/399/399
f 626/626/626 386/386/386 399/399/399
f 399/399/399 386/386/386 627/627/627
f 407/407/407 399/399/399 627/627/627
f 627/627/627 386/386/386 383/383/383
f 627/627/627 383/383/383 437/437/437
f 437/437/437 383/383/383 438/438/438
f 510/510/510 437/437/437 438/438/438
f 435/435/435 437/437/437 510/510/510
f 383/383/383 386/386/386 315/315/315
f 383/383/383 315/315/315 438/438/438
f 438/438/438 315/315/315 469/469/469
f 438/438/438 469/469/469 510/510/510
f 510/510/510 469/469/469 581/581/581
f 581/581/581 336/336/336 510/510/510
f 571/571/571 336/336/336 581/581/581
f 555/555/555 336/336/336 571/571/571
f 315/315/315 386/386/386 319/319/319
f 315/315/315 319/319/319 398/398/398
f 315/315/315 398/398/398 469/469/469
f 469/469/469 398/398/398 403/403/403
f 469/469/469 403/403/403 581/581/581
f 581/581/581 403/403/403 463/463/463
f 463/463/463 571/571/571 581/581/581
f 480/480/480 571/571/571 463/463/463
f 480/480/480 555/555/555 571/571/571
f 556/556/556 555/555/555 480/480/480
f 480/480/480 337/337/337 556/556/556
f 556/556/556 337/337/337 603/603/603
f 398/398/398 319/319/319 333/333/333
f 473/473/473 435/435/435 436/436/436
f 463/463/463 337/337/337 480/480/480
f 586/586/586 337/337/337 463/463/463
f 433/433/433 337/337/337 586/586/586
f 624/624/624 337/337/337 433/433/433
f 624/624/624 603/603/603 337/337/337
f 548/548/548 603/603/603 624/624/624
f 586/586/586 463/463/463 406/406/406
f 406/406/406 471/471/471 586/586/586
f 586/586/586 471/471/471 433/433/433
f 406/406/406 463/463/463 403/403/403
f 403/403/403 498/498/498 406/406/406
f 398/398/398 498/498/498 403/403/403
f 316/316/316 498/498/498 398/398/398
f 398/398/398 335/335/335 316/316/316
f 470/470/470 471/471/471 406/406/406
f 409/409/409 471/471/471 470/470/470
f 470/470/470 503/503/503 409/409/409
f 409/409/409 503/503/503 505/505/505
f 340/340/340 587/587/587 667/667/667
f 340/340/340 667/667/667 579/579/579
f 579/579/579 666/666/666 340/340/340
f 666/666/666 359/359/359 340/340/340
f 359/359/359 580/580/580 340/340/340
f 580/580/580 648/648/648 340/340/340
f 340/340/340 648/648/648 633/633/633
f 648/648/648 623/623/623 633/633/633
f 329/329/329 623/623/623 648/648/648
f 329/329/329 520/520/520 623/623/623
f 666/666/666 625/625/625 359/359/359
f 625/625/625 408/408/408 359/359/359
f 408/408/408 580/580/580 359/359/359
f 572/572/572 580/580/580 408/408/408
f 400/400/400 580/580/580 572/572/572
f 400/400/400 305/305/305 580/580/580
f 580/580/580 305/305/305 648/648/648
f 305/305/305 329/329/329 648/648/648
f 405/405/405 408/408/408 625/625/625
f 405/405/405 572/572/572 408/408/408
f 355/355/355 572/572/572 405/405/405
f 405/405/405 591/591/591 355/355/355
f 592/592/592 591/591/591 405/405/405
f 625/625/625 592/592/592 405/405/405
f 519/519/519 520/520/520 329/329/329
f 483/483/483 587/587/587 457/457/457
f 483/483/483 484/484/484 587/587/587
f 495/495/495 330/330/330 462/462/462
f 462/462/462 330/330/330 638/638/638
f 541/541/541 462/462/462 638/638/638
f 304/304/304 462/462/462 541/541/541
f 306/306/306 304/304/304 541/541/541
f 306/306/306 631/631/631 304/304/304
f 630/630/630 631/631/631 306/306/306
f 631/631/631 630/630/630 608/608/608
f 332/332/332 638/638/638 330/330/330
f 652/652/652 638/638/638 332/332/332
f 638/638/638 652/652/652 541/541/541
f 541/541/541 652/652/652 530/530/530
f 636/636/636 541/541/541 530/530/530
f 306/306/306 541/541/541 636/636/636
f 636/636/636 639/639/639 306/306/306
f 306/306/306 639/639/639 630/630/630
f 427/427/427 630/630/630 639/639/639
f 608/608/608 630/630/630 427/427/427
f 332/332/332 330/330/330 509/509/509
f 507/507/507 509/509/509 330/330/330
f 527/527/527 608/608/608 427/427/427
f 608/608/608 527/527/527 465/465/465
f 465/465/465 609/609/609 608/608/608
f 465/465/465 527/527/527 529/529/529
f 440/440/440 465/465/465 529/529/529
f 384/384/384 465/465/465 440/440/440
f 440/440/440 388/388/388 384/384/384
f 388/388/388 647/647/647 384/384/384
f 360/360/360 647/647/647 388/388/388
f 461/461/461 495/495/495 507/507/507
f 507/507/507 495/495/495 494/494/494
f 523/523/523 521/521/521 505/505/505
f 524/524/524 521/521/521 523/523/523
f 502/502/502 524/524/524 523/523/523
f 506/506/506 524/524/524 502/502/502
f 502/502/502 501/501/501 506/506/506
f 506/506/506 501/501/501 500/500/500
f 499/499/499 500/500/500 501/501/501
f 499/499/499 501/501/501 497/497/497
f 523/523/523 497/497/497 502/502/502
f 502/502/502 497/497/497 501/501/501
f 611/611/611 540/540/540 534/534/534
f 612/612/612 540/540/540 611/611/611
f 611/611/611 610/610/610 612/612/612
f 544/544/544 543/543/543 542/542/542
f 542/542/542 543/543/543 352/352/352
f 543/543/543 454/454/454 352/352/352
f 352/352/352 454/454/454 418/418/418
f 352/352/352 418/418/418 419/419/419
f 349/349/349 348/348/348 342/342/342
f 585/585/585 342/342/342 348/348/348
f 582/582/582 342/342/342 585/585/585
f 342/342/342 582/582/582 347/347/347
f 582/582/582 585/585/585 576/576/576
f 576/576/576 585/585/585 584/584/584
f 606/606/606 569/569/569 568/568/568
f 568/568/568 569/569/569 482/482/482
f 482/482/482 326/326/326 568/568/568
f 662/662/662 326/326/326 482/482/482
f 662/662/662 311/311/311 326/326/326
f 662/662/662 557/557/557 311/311/311
f 662/662/662 573/573/573 557/557/557
f 662/662/662 482/482/482 569/569/569
f 662/662/662 569/569/569 504/504/504
f 662/662/662 504/504/504 660/660/660
f 662/662/662 660/660/660 661/661/661
f 661/661/661 595/595/595 662/662/662
f 662/662/662 595/595/595 596/596/596
f 662/662/662 596/596/596 653/653/653
f 662/662/662 653/653/653 607/607/607
f 661/661/661 660/660/660 659/659/659
f 401/401/401 621/621/621 619/619/619
f 401/401/401 402/402/402 621/621/621
f 621/621/621 402/402/402 599/599/599
f 490/490/490 599/599/599 402/402/402
f 628/628/628 599/599/599 490/490/490
f 367/367/367 599/599/599 628/628/628
f 628/628/628 368/368/368 367/367/367
f 628/628/628 362/362/362 368/368/368
f 375/375/375 598/598/598 372/372/372
f 372/372/372 598/598/598 374/374/374
f 370/370/370 492/492/492 622/622/622
f 622/622/622 492/492/492 373/373/373
f 622/622/622 373/373/373 597/597/597
f 378/378/378 597/597/597 373/373/373
f 380/380/380 597/597/597 378/378/378
f 378/378/378 376/376/376 380/380/380
f 380/380/380 376/376/376 379/379/379
f 308/308/308 604/604/604 432/432/432
f 382/382/382 604/604/604 308/308/308
f 382/382/382 390/390/390 604/604/604
f 391/391/391 390/390/390 382/382/382
f 390/390/390 391/391/391 325/325/325
f 325/325/325 391/391/391 357/357/357
f 357/357/357 310/310/310 325/325/325
f 325/325/325 310/310/310 324/324/324
f 310/310/310 323/323/323 324/324/324
f 324/324/324 323/323/323 322/322/322
f 321/321/321 322/322/322 323/323/323
f 394/394/394 417/417/417 472/472/472
f 511/511/511 417/417/417 394/394/394
f 439/439/439 313/313/313 415/415/415
f 415/415/415 313/313/313 312/312/312
f 312/312/312 313/313/313 354/354/354
f 411/411/411 312/312/312 354/354/354
f 479/479/479 312/312/312 411/411/411
f 416/416/416 312/312/312 479/479/479
f 313/313/313 412/412/412 354/354/354
f 412/412/412 414/414/414 354/354/354
f 414/414/414 411/411/411 354/354/354
f 411/411/411 414/414/414 392/392/392
f 392/392/392 414/414/414 617/617/617
f 617/617/617 414/414/414 393/393/393
f 393/393/393 414/414/414 412/412/412
f 389/389/389 412/412/412 313/313/313
f 413/413/413 412/412/412 389/389/389
f 662/662/662 538/538/538 314/314/314
f 662/662/662 314/314/314 327/327/327
f 662/662/662 327/327/327 536/536/536
f 537/537/537 662/662/662 536/536/536
f 574/574/574 536/536/536 327/327/327
f 634/634/634 647/647/647 387/387/387
f 635/635/635 647/647/647 634/634/634
f 616/616/616 618/618/618 369/369/369
f 615/615/615 618/618/618 616/616/616
f 613/613/613 618/618/618 615/615/615
f 613/613/613 508/508/508 618/618/618
f 637/637/637 618/618/618 508/508/508
f 618/618/618 637/637/637 369/369/369
f 369/369/369 637/637/637 358/358/358
f 637/637/637 567/567/567 358/358/358
f 358/358/358 567/567/567 614/614/614
f 615/615/615 467/467/467 613/613/613
f 613/613/613 467/467/467 328/328/328
f 613/613/613 328/328/328 508/508/508
f 328/328/328 331/331/331 508/508/508
f 331/331/331 567/567/567 508/508/508
f 637/637/637 508/508/508 567/567/567
f 467/467/467 331/331/331 328/328/328
f 404/404/404 331/331/331 467/467/467
f 404/404/404 614/614/614 331/331/331
f 331/331/331 614/614/614 567/567/567
f 477/477/477 458/458/458 476/476/476
f 458/458/458 478/478/478 476/476/476
f 478/478/478 475/475/475 476/476/476
f 475/475/475 620/620/620 476/476/476
f 620/620/620 477/477/477 476/476/476
f 690/690/690 679/679/679 707/707/707
f 707/707/707 679/679/679 695/695/695
f 695/695/695 720/720/720 707/707/707
f 713/713/713 707/707/707 720/720/720
f 709/709/709 707/707/707 713/713/713
f 709/709/709 690/690/690 707/707/707
f 679/679/679 683/683/683 695/695/695
f 683/683/683 669/669/669 695/695/695
f 719/719/719 695/695/695 669/669/669
f 720/720/720 695/695/695 719/719/719
f 708/708/708 720/720/720 719/719/719
f 714/714/714 720/720/720 708/708/708
f 714/714/714 713/713/713 720/720/720
f 706/706/706 669/669/669 683/683/683
f 706/706/706 694/694/694 669/669/669
f 694/694/694 681/681/681 669/669/669
f 673/673/673 669/669/669 681/681/681
f 673/673/673 668/668/668 669/669/669
f 669/669/669 668/668/668 719/719/719
f 692/692/692 681/681/681 694/694/694
f 692/692/692 676/676/676 681/681/681
f 676/676/676 675/675/675 681/681/681
f 681/681/681 675/675/675 673/673/673
f 675/675/675 677/677/677 673/673/673
f 673/673/673 677/677/677 678/678/678
f 678/678/678 668/668/668 673/673/673
f 668/668/668 678/678/678 711/711/711
f 668/668/668 711/711/711 699/699/699
f 719/719/719 668/668/668 699/699/699
f 677/677/677 682/682/682 678/678/678
f 711/711/711 678/678/678 682/682/682
f 711/711/711 682/682/682 700/700/700
f 711/711/711 700/700/700 718/718/718
f 711/711/711 718/718/718 716/716/716
f 703/703/703 711/711/711 716/716/716
f 699/699/699 711/711/711 703/703/703
f 680/680/680 682/682/682 677/677/677
f 680/680/680 674/674/674 682/682/682
f 682/682/682 674/674/674 693/693/693
f 700/700/700 682/682/682 693/693/693
f 693/693/693 698/698/698 700/700/700
f 698/698/698 671/671/671 700/700/700
f 718/718/718 700/700/700 671/671/671
f 674/674/674 698/698/698 693/693/693
f 696/696/696 671/671/671 698/698/698
f 696/696/696 718/718/718 671/671/671
f 717/717/717 718/718/718 696/696/696
f 717/717/717 670/670/670 718/718/718
f 670/670/670 715/715/715 718/718/718
f 718/718/718 715/715/715 716/716/716
f 715/715/715 697/697/697 716/716/716
f 716/716/716 697/697/697 703/703/703
f 697/697/697 672/672/672 703/703/703
f 703/703/703 672/672/672 699/699/699
f 672/672/672 701/701/701 699/699/699
f 701/701/701 704/704/704 699/699/699
f 719/719/719 699/699/699 704/704/704
f 719/719/719 704/704/704 712/712/712
f 687/687/687 719/719/719 712/712/712
f 708/708/708 719/719/719 687/687/687
f 702/702/702 704/704/704 701/701/701
f 702/702/702 705/705/705 704/704/704
f 705/705/705 685/685/685 704/704/704
f 712/712/712 704/704/704 685/685/685
f 712/712/712 685/685/685 686/686/686
f 712/712/712 686/686/686 691/691/691
f 691/691/691 687/687/687 712/712/712
f 689/689/689 687/687/687 691/691/691
f 688/688/688 689/689/689 691/691/691
f 686/686/686 688/688/688 691/691/691
f 684/684/684 688/688/688 686/686/686
f 684/684/684 686/686/686 710/710/710
f 710/710/710 685/685/685 705/705/705
f 710/710/710 686/686/686 685/685/685
f 775/775/775 777/777/777 841/841/841
f 883/883/883 821/821/821 786/786/786
f 786/786/786 821/821/821 863/863/863
f 786/786/786 863/863/863 785/785/785
f 785/785/785 863/863/863 861/861/861
f 861/861/861 863/863/863 862/862/862
f 862/862/862 863/863/863 876/876/876
f 862/862/862 876/876/876 860/860/860
f 876/876/876 863/863/863 821/821/821
f 876/876/876 821/821/821 745/745/745
f 860/860/860 876/876/876 745/745/745
f 860/860/860 745/745/745 737/737/737
f 737/737/737 745/745/745 759/759/759
f 745/745/745 762/762/762 759/759/759
f 807/807/807 762/762/762 745/745/745
f 745/745/745 821/821/821 807/807/807
f 881/881/881 830/830/830 828/828/828
f 831/831/831 830/830/830 881/881/881
f 881/881/881 794/794/794 831/831/831
f 831/831/831 794/794/794 845/845/845
f 845/845/845 794/794/794 770/770/770
f 751/751/751 740/740/740 752/752/752
f 742/742/742 740/740/740 751/751/751
f 741/741/741 740/740/740 742/742/742
f 750/750/750 740/740/740 741/741/741
f 731/731/731 750/750/750 741/741/741
f 756/756/756 750/750/750 731/731/731
f 756/756/756 731/731/731 755/755/755
f 755/755/755 731/731/731 748/748/748
f 755/755/755 748/748/748 749/749/749
f 781/781/781 818/818/818 799/799/799
f 822/822/822 781/781/781 799/799/799
f 778/778/778 781/781/781 822/822/822
f 784/784/784 781/781/781 778/778/778
f 822/822/822 890/890/890 778/778/778
f 778/778/778 890/890/890 783/783/783
f 782/782/782 783/783/783 890/890/890
f 846/846/846 783/783/783 782/782/782
f 846/846/846 824/824/824 783/783/783
f 824/824/824 868/868/868 783/783/783
f 886/886/886 868/868/868 824/824/824
f 736/736/736 890/890/890 822/822/822
f 736/736/736 735/735/735 890/890/890
f 890/890/890 735/735/735 780/780/780
f 734/734/734 735/735/735 736/736/736
f 888/888/888 753/753/753 840/840/840
f 840/840/840 886/886/886 888/888/888
f 888/888/888 886/886/886 824/824/824
f 824/824/824 879/879/879 888/888/888
f 888/888/888 879/879/879 818/818/818
f 818/818/818 879/879/879 743/743/743
f 809/809/809 754/754/754 814/814/814
f 814/814/814 811/811/811 809/809/809
f 809/809/809 811/811/811 810/810/810
f 787/787/787 865/865/865 757/757/757
f 865/865/865 787/787/787 790/790/790
f 842/842/842 865/865/865 790/790/790
f 833/833/833 865/865/865 842/842/842
f 833/833/833 827/827/827 865/865/865
f 760/760/760 865/865/865 827/827/827
f 760/760/760 827/827/827 764/764/764
f 790/790/790 787/787/787 789/789/789
f 765/765/765 808/808/808 766/766/766
f 766/766/766 808/808/808 767/767/767
f 767/767/767 808/808/808 812/812/812
f 806/806/806 767/767/767 812/812/812
f 767/767/767 806/806/806 813/813/813
f 813/813/813 806/806/806 804/804/804
f 804/804/804 806/806/806 817/817/817
f 817/817/817 806/806/806 805/805/805
f 808/808/808 820/820/820 812/812/812
f 820/820/820 805/805/805 812/812/812
f 805/805/805 806/806/806 812/812/812
f 815/815/815 820/820/820 808/808/808
f 819/819/819 820/820/820 815/815/815
f 816/816/816 820/820/820 819/819/819
f 805/805/805 820/820/820 816/816/816
f 761/761/761 773/773/773 772/772/772
f 773/773/773 864/864/864 772/772/772
f 772/772/772 864/864/864 858/858/858
f 772/772/772 858/858/858 763/763/763
f 763/763/763 858/858/858 852/852/852
f 852/852/852 858/858/858 856/856/856
f 856/856/856 858/858/858 854/854/854
f 858/858/858 864/864/864 854/854/854
f 854/854/854 864/864/864 850/850/850
f 850/850/850 864/864/864 857/857/857
f 857/857/857 864/864/864 859/859/859
f 859/859/859 864/864/864 866/866/866
f 866/866/866 864/864/864 878/878/878
f 878/878/878 761/761/761 866/866/866
f 866/866/866 761/761/761 774/774/774
f 866/866/866 774/774/774 791/791/791
f 791/791/791 848/848/848 866/866/866
f 722/722/722 848/848/848 791/791/791
f 849/849/849 848/848/848 722/722/722
f 847/847/847 848/848/848 849/849/849
f 774/774/774 764/764/764 791/791/791
f 791/791/791 764/764/764 826/826/826
f 722/722/722 791/791/791 826/826/826
f 722/722/722 826/826/826 788/788/788
f 732/732/732 722/722/722 788/788/788
f 723/723/723 722/722/722 732/732/732
f 764/764/764 827/827/827 826/826/826
f 788/788/788 826/826/826 827/827/827
f 795/795/795 793/793/793 832/832/832
f 832/832/832 793/793/793 768/768/768
f 832/832/832 768/768/768 733/733/733
f 832/832/832 733/733/733 728/728/728
f 793/793/793 877/877/877 768/768/768
f 768/768/768 877/877/877 739/739/739
f 721/721/721 739/739/739 877/877/877
f 836/836/836 739/739/739 721/721/721
f 728/728/728 733/733/733 724/724/724
f 730/730/730 728/728/728 724/724/724
f 727/727/727 728/728/728 730/730/730
f 726/726/726 728/728/728 727/727/727
f 726/726/726 843/843/843 728/728/728
f 837/837/837 843/843/843 726/726/726
f 733/733/733 768/768/768 725/725/725
f 838/838/838 725/725/725 768/768/768
f 744/744/744 725/725/725 838/838/838
f 725/725/725 744/744/744 746/746/746
f 746/746/746 744/744/744 836/836/836
f 836/836/836 744/744/744 838/838/838
f 834/834/834 835/835/835 802/802/802
f 802/802/802 835/835/835 851/851/851
f 802/802/802 851/851/851 796/796/796
f 796/796/796 851/851/851 853/853/853
f 853/853/853 851/851/851 855/855/855
f 853/853/853 855/855/855 798/798/798
f 798/798/798 855/855/855 803/803/803
f 803/803/803 855/855/855 800/800/800
f 803/803/803 800/800/800 801/801/801
f 801/801/801 800/800/800 839/839/839
f 839/839/839 797/797/797 801/801/801
f 801/801/801 797/797/797 844/844/844
f 758/758/758 738/738/738 887/887/887
f 889/889/889 758/758/758 887/887/887
f 889/889/889 887/887/887 823/823/823
f 729/729/729 758/758/758 846/846/846
f 779/779/779 729/729/729 846/846/846
f 875/875/875 729/729/729 779/779/779
f 869/869/869 875/875/875 779/779/779
f 874/874/874 875/875/875 869/869/869
f 869/869/869 867/867/867 874/874/874
f 874/874/874 867/867/867 873/873/873
f 867/867/867 872/872/872 873/873/873
f 782/782/782 779/779/779 846/846/846
f 782/782/782 776/776/776 779/779/779
f 776/776/776 869/869/869 779/779/779
f 869/869/869 776/776/776 734/734/734
f 734/734/734 871/871/871 869/869/869
f 869/869/869 871/871/871 867/867/867
f 870/870/870 867/867/867 871/871/871
f 870/870/870 872/872/872 867/867/867
f 782/782/782 780/780/780 776/776/776
f 880/880/880 776/776/776 780/780/780
f 734/734/734 776/776/776 880/880/880
f 884/884/884 771/771/771 891/891/891
f 885/885/885 771/771/771 884/884/884
f 885/885/885 747/747/747 771/771/771
f 825/825/825 771/771/771 747/747/747
f 769/769/769 771/771/771 825/825/825
f 792/792/792 771/771/771 769/769/769
f 829/829/829 771/771/771 792/792/792
f 891/891/891 771/771/771 829/829/829
f 882/882/882 747/747/747 885/885/885
f 770/770/770 747/747/747 882/882/882
f 825/825/825 747/747/747 770/770/770
