# Exported by s4extract — objcet_tableCoffee_lod00_g02
o objcet_tableCoffee_lod00_g02
v -0.821009 0.000275 -0.299142
v -0.774926 0.000275 -0.285287
v -0.150731 0.325571 -0.245796
v -0.813349 0.010285 0.258522
v -0.791711 0.000275 0.296915
v -0.774926 0.000275 0.284799
v -0.821009 0.000275 0.298654
v -0.782830 0.010285 0.284158
v -0.822352 0.037812 -0.267739
v -0.791711 0.000275 -0.297403
v -0.063112 0.300272 -0.276894
v -0.821009 0.000275 0.298654
v -0.813562 0.041963 0.242470
v -0.824366 0.000275 0.269509
v -0.813349 0.010285 0.258522
v -0.063112 0.300272 -0.276894
v -0.813349 0.010285 0.258522
v -0.782830 0.010285 0.284158
v -0.063387 0.300668 -0.245125
v -0.766717 0.041963 0.281777
v -0.782830 0.010285 0.284158
v -0.150456 0.325388 -0.277291
v -0.789422 0.037812 0.294870
v -0.820032 0.037812 0.297922
v 0.000000 0.289804 -0.276681
v -0.795343 0.010285 0.293130
v -0.816218 0.010285 0.292947
v -0.529557 0.318949 -0.246834
v 0.000000 0.290323 -0.244758
v -0.820032 0.037812 0.297922
v -0.816218 0.010285 0.292947
v 0.323618 0.362438 -0.245796
v 0.408795 0.352397 -0.246834
v 0.529557 0.318949 -0.246834
v -0.236518 0.352214 -0.277291
v 0.314432 0.451613 -0.244301
v 0.605182 0.291269 -0.239265
v 0.756493 0.451613 -0.229377
v 0.756493 0.277200 -0.229377
v -0.150456 0.325388 -0.277291
v -0.323344 0.362255 -0.277291
v 0.150456 0.325388 -0.277291
v -0.408277 0.352214 -0.278359
v -0.789422 0.037812 -0.295358
v -0.782830 0.010285 -0.284646
v -0.782830 0.010285 -0.284646
v -0.756493 0.277200 -0.229896
v -0.756493 0.277200 -0.229896
v -0.812159 0.277200 -0.210883
v -0.812159 0.277200 -0.210883
v -0.813349 0.010285 -0.259011
v -0.813562 0.041963 -0.242958
v -0.766717 0.041963 -0.282266
v -0.731925 0.261238 -0.278756
v -0.756493 0.277200 -0.229896
v -0.605182 0.291269 -0.239265
v -0.756493 0.451613 -0.229896
v 0.703726 0.450728 -0.334483
v 0.731986 0.261269 -0.278726
v 0.313913 0.451613 -0.288278
v 0.731895 0.451613 -0.297861
v 0.604480 0.291391 -0.277963
v 0.529557 0.318949 -0.277963
v 0.820032 0.037812 0.298593
v -0.774926 0.000275 0.284799
v 0.822352 0.037812 0.267922
v -0.791711 0.000275 0.296915
v 0.782830 0.010285 0.284799
v 0.821009 0.000275 0.299295
v 0.782830 0.010285 0.284799
v 0.782830 0.010285 0.284799
v 0.791711 0.000275 0.297555
v -0.815363 0.000275 0.250862
v 0.816218 0.010285 0.293588
v 0.789422 0.037812 0.295541
v 0.813349 0.010285 0.259194
v 0.774926 0.000275 0.285440
v 0.813562 0.041963 0.243141
v 0.774926 0.000275 0.285440
v 0.815363 0.000275 0.251534
v 0.791070 0.184149 0.300089
v 0.763207 0.168218 0.277779
v 0.819758 0.184973 0.299570
v 0.763207 0.168218 0.277779
v 0.820002 0.010285 0.273080
v 0.795343 0.010285 0.293771
v 0.821009 0.000275 0.299295
v 0.813349 0.010285 0.259194
v 0.815363 0.000275 0.251534
v 0.791711 0.000275 0.297555
v 0.824366 0.000275 0.270180
v 0.774926 0.000275 0.285440
v 0.815363 0.000275 0.251534
v 0.826838 0.185369 0.273751
v 0.802026 0.223304 0.317240
v 0.766717 0.041963 0.282449
v 0.821009 0.000275 -0.299295
v 0.813349 0.010285 0.259194
v 0.824366 0.000275 0.270180
v 0.820032 0.037812 -0.298593
v 0.831355 0.223365 0.314127
v 0.839503 0.223304 0.285775
v 0.824366 0.000275 -0.270180
v 0.822352 0.037812 -0.267922
v 0.815363 0.000275 -0.251534
v 0.816218 0.010285 -0.293588
v 0.816218 0.010285 -0.293588
v 0.811945 0.277200 0.211127
v 0.819178 0.225349 0.240761
v 0.820002 0.010285 -0.273080
v 0.791711 0.000275 -0.297555
v 0.782830 0.010285 -0.284799
v 0.813349 0.010285 -0.259194
v 0.815363 0.000275 -0.251534
v 0.815363 0.000275 -0.251534
v 0.774926 0.000275 -0.285440
v 0.774926 0.000275 -0.285440
v 0.791711 0.000275 -0.297555
v 0.811945 0.277200 0.211127
v 0.732017 0.261269 0.278817
v 0.821009 0.000275 -0.299295
v 0.774926 0.000275 -0.285440
v 0.782830 0.010285 -0.284799
v 0.820032 0.037812 -0.298593
v 0.782830 0.010285 -0.284799
v 0.821009 0.000275 -0.299295
v 0.824366 0.000275 -0.270180
v 0.813562 0.041963 -0.243141
v 0.813349 0.010285 -0.259194
v 0.813349 0.010285 -0.259194
v 0.795343 0.010285 -0.293771
v -0.820002 0.010285 -0.272927
v -0.795343 0.010285 -0.293619
v -0.774926 0.000275 0.284799
v -0.815363 0.000275 0.250862
v -0.756493 0.451613 -0.229896
v -0.408795 0.352397 -0.246834
v -0.774926 0.000275 -0.285287
v -0.791711 0.000275 -0.297403
v -0.824366 0.000275 -0.269997
v -0.821009 0.000275 -0.299142
v -0.605182 0.291269 -0.239265
v 0.000000 0.290323 -0.244758
v -0.604480 0.291391 -0.277963
v 0.236763 0.352397 -0.245796
v -0.813349 0.010285 -0.259011
v -0.820032 0.037812 -0.298410
v -0.816218 0.010285 -0.293435
v -0.360027 0.451613 -0.244545
v -0.756493 0.277200 -0.229896
v -0.323618 0.362438 -0.245796
v -0.774926 0.000275 -0.285287
v -0.782830 0.010285 -0.284646
v -0.815363 0.000275 -0.251350
v -0.813349 0.010285 -0.259011
v -0.236763 0.352397 -0.245796
v -0.815363 0.000275 -0.251350
v -0.815363 0.000275 -0.251350
v -0.150731 0.325571 -0.245796
v -0.824366 0.000275 -0.269997
v -0.815363 0.000275 0.250862
v -0.063387 0.300668 -0.245125
v -0.821009 0.000275 0.298654
v -0.824366 0.000275 0.269509
v 0.000000 0.289804 -0.276681
v -0.822352 0.037812 0.267251
v -0.820002 0.010285 0.272439
v 0.150731 0.325571 -0.245796
v 0.063387 0.300668 -0.245125
v 0.408277 0.352214 -0.278359
v 0.323344 0.362255 -0.277291
v 0.236518 0.352214 -0.277291
v 0.736686 0.496445 0.286203
v 0.722465 0.450667 0.311441
v 0.703726 0.450728 0.335307
v 0.063112 0.300272 -0.276894
v -0.604480 0.291391 -0.277963
v -0.359386 0.451613 -0.288369
v -0.529557 0.318949 -0.277963
v -0.731925 0.261238 -0.278756
v -0.731895 0.451613 -0.297739
v 0.722434 0.450728 -0.310648
v 0.823695 0.347972 -0.230506
v -0.860561 0.447920 -0.256935
v -0.823969 0.348277 0.229957
v -0.840876 0.450301 -0.231513
v 0.843776 0.449751 0.232887
v 0.827113 0.496445 0.217261
v 0.844905 0.496445 0.246895
v 0.860469 0.447523 0.263771
v 0.731895 0.451613 -0.297861
v -0.749168 0.348216 0.292917
v 0.812037 0.277200 -0.210456
v -0.777703 0.310007 0.318644
v 0.736686 0.496445 -0.285379
v 0.751823 0.449934 0.306681
v -0.849696 0.447218 -0.300363
v 0.812311 0.450484 -0.291910
v 0.841060 0.449171 -0.233161
v 0.751823 0.449965 -0.305857
v 0.817774 0.496445 0.194403
v 0.751823 0.449965 -0.305857
v 0.766717 0.041963 -0.282449
v 0.812311 0.263894 0.060701
v 0.812311 0.287820 0.136723
v 0.749229 0.347819 0.293191
v 0.731895 0.451613 0.297922
v 0.731895 0.451613 -0.297861
v 0.823695 0.347972 -0.230506
v -0.794855 0.282968 0.330210
v -0.817347 0.447005 -0.328196
v 0.824396 0.495834 -0.217505
v 0.834742 0.450728 0.208594
v -0.802118 0.496445 -0.307901
v -0.834346 0.496445 -0.281289
v 0.841060 0.449171 -0.233161
v 0.833674 0.450728 -0.207739
v 0.816706 0.496445 -0.193548
v 0.766717 0.041963 0.282449
v 0.813562 0.041963 0.243141
v -0.844752 0.496445 -0.239875
v -0.860561 0.447920 -0.256935
v -0.766289 0.496445 -0.308451
v 0.834742 0.450728 0.208594
v 0.833674 0.450728 -0.207739
v 0.833674 0.450728 -0.207739
v 0.816706 0.496445 -0.193548
v 0.788446 0.047853 0.304514
v 0.789422 0.037812 0.295541
v -0.834346 0.496445 -0.281289
v -0.766289 0.496445 -0.308451
v -0.802118 0.496445 -0.307901
v -0.844752 0.496445 -0.239875
v 0.703726 0.450728 -0.334483
v -0.703726 0.450728 -0.334483
v 0.817774 0.496445 0.194403
v 0.834742 0.450728 0.208594
v 0.828761 0.051210 0.308664
v 0.831660 0.047853 0.268227
v -0.781640 0.447859 -0.329295
v -0.703726 0.450728 -0.334483
v -0.703726 0.450728 0.335307
v -0.689657 0.496445 0.312571
v -0.722465 0.450667 0.311441
v 0.707968 0.496445 0.290353
v 0.703726 0.450728 0.335307
v 0.722465 0.450667 0.311441
v 0.689657 0.496445 0.312571
v -0.703726 0.450728 -0.334483
v -0.689657 0.496445 -0.311747
v -0.703726 0.450728 0.335307
v 0.820032 0.037812 0.298593
v 0.813562 0.041963 0.243141
v 0.689657 0.496445 0.312571
v 0.703726 0.450728 0.335307
v -0.689657 0.496445 -0.311747
v 0.722434 0.450728 -0.310648
v 0.707968 0.496445 -0.289529
v 0.689657 0.496445 -0.311747
v -0.703726 0.450728 0.335307
v -0.689657 0.496445 0.312571
v 0.751823 0.449965 -0.305857
v 0.703726 0.450728 -0.334483
v 0.736686 0.496445 -0.285379
v 0.689657 0.496445 -0.311747
v 0.749199 0.347942 -0.293191
v -0.731895 0.451613 0.297433
v -0.408277 0.352214 0.278542
v -0.529557 0.318949 0.247017
v -0.604480 0.291391 0.278146
v -0.812067 0.277200 0.210547
v -0.731986 0.261269 0.278512
v 0.751823 0.449934 0.306681
v 0.843776 0.449751 0.232887
v -0.770806 0.073885 0.263375
v -0.766717 0.041963 0.281777
v -0.786981 0.074221 0.277779
v -0.786981 0.074221 0.277779
v -0.766717 0.041963 0.281777
v -0.802454 0.074984 0.276650
v -0.806238 0.074221 0.261605
v -0.788446 0.047853 0.303842
v -0.828761 0.051210 0.307993
v -0.831660 0.047853 0.267556
v -0.802454 0.074984 0.276650
v -0.828761 0.051210 0.307993
v -0.794885 0.073885 0.243171
v -0.770806 0.073885 0.263375
v -0.794885 0.073885 0.243171
v -0.786981 0.074221 0.277779
v -0.770806 0.073885 0.263375
v -0.736686 0.496445 0.286203
v -0.722434 0.450728 -0.310648
v -0.751823 0.449995 -0.305887
v -0.827448 0.184576 0.273507
v -0.802637 0.222541 0.317820
v -0.832423 0.222602 0.314676
v -0.832423 0.222602 0.314676
v -0.722434 0.450728 -0.310648
v -0.722465 0.450667 0.311441
v -0.707968 0.496445 -0.289529
v -0.819452 0.225105 0.240181
v -0.840663 0.222541 0.285928
v -0.820276 0.184179 0.299509
v -0.820276 0.184179 0.299509
v 0.768700 0.287790 0.136479
v 0.150731 0.325571 0.245979
v 0.236763 0.352397 0.245979
v 0.063387 0.300668 0.245308
v 0.408795 0.352397 0.247017
v 0.323618 0.362438 0.245979
v 0.802118 0.496445 0.308725
v 0.802118 0.496445 0.308725
v 0.849574 0.446974 0.301096
v 0.817255 0.446791 0.328867
v 0.834346 0.496445 -0.281289
v 0.834346 0.496445 -0.281289
v 0.817255 0.446791 0.328867
v 0.707968 0.496445 0.290353
v 0.766289 0.496445 -0.308451
v 0.844905 0.496445 0.246895
v 0.781610 0.447645 0.329997
v 0.766289 0.496445 0.309305
v 0.707968 0.496445 -0.289529
v 0.844905 0.496445 0.246895
v 0.827113 0.496445 0.217261
v 0.802118 0.496445 -0.307901
v 0.824396 0.495834 -0.217505
v 0.736686 0.496445 0.286203
v 0.862911 0.450728 -0.173528
v 0.756493 0.277200 0.230079
v 0.846767 0.450728 -0.185675
v 0.834346 0.496445 0.282144
v 0.860469 0.447523 0.263771
v 0.860469 0.447523 0.263771
v 0.736686 0.496445 0.286203
v 0.817286 0.446852 -0.328074
v 0.849574 0.446974 0.301096
v 0.842494 0.496445 -0.246712
v 0.802118 0.496445 -0.307901
v 0.736686 0.496445 -0.285379
v 0.605182 0.291269 0.239448
v 0.756493 0.277200 0.230079
v 0.811945 0.277200 0.211127
v 0.781610 0.447645 0.329997
v 0.858180 0.447645 -0.263588
v 0.849635 0.447096 -0.300302
v 0.766289 0.496445 -0.308451
v 0.849635 0.447096 -0.300302
v 0.063112 0.300272 0.277078
v 0.063387 0.300668 0.245308
v 0.842494 0.496445 -0.246712
v 0.858180 0.447645 -0.263588
v 0.781610 0.447737 -0.329203
v 0.817286 0.446852 -0.328074
v 0.816706 0.496445 -0.193548
v 0.150456 0.325388 0.277474
v 0.063112 0.300272 0.277078
v 0.781610 0.447737 -0.329203
v 0.846767 0.450728 0.186529
v 0.829554 0.496445 -0.173040
v 0.862911 0.450728 0.174383
v 0.845393 0.496445 -0.161718
v 0.862911 0.450728 -0.173528
v 0.846767 0.450728 -0.185675
v 0.862911 0.450728 0.174383
v 0.846767 0.450728 0.186529
v 0.150731 0.325571 0.245979
v 0.236518 0.352214 0.277474
v 0.829554 0.496445 0.173864
v 0.845393 0.496445 0.162572
v 0.862911 0.450728 -0.173528
v 0.845393 0.496445 0.162572
v 0.862911 0.450728 0.174383
v 0.845393 0.496445 0.162572
v 0.845393 0.496445 -0.161718
v 0.829554 0.496445 -0.173040
v 0.817774 0.496445 0.194403
v 0.829554 0.496445 0.173864
v 0.845393 0.496445 -0.161718
v 0.689657 0.496445 -0.311747
v -0.722465 0.450667 0.311441
v 0.766289 0.496445 0.309305
v 0.834346 0.496445 0.282144
v -0.812067 0.277200 0.210547
v -0.731986 0.261269 0.278512
v -0.812067 0.277200 0.210547
v -0.731986 0.261269 0.278512
v 0.689657 0.496445 0.312571
v -0.707968 0.496445 0.290353
v -0.810480 0.120914 0.258278
v -0.803461 0.121769 0.278176
v -0.803461 0.121769 0.278176
v -0.782678 0.120914 0.281594
v -0.763115 0.116214 0.263588
v -0.782678 0.120914 0.281594
v -0.796381 0.116214 0.235694
v -0.763115 0.116214 0.263588
v 0.529557 0.318949 0.247017
v 0.756493 0.451613 0.230079
v -0.736686 0.496445 -0.285379
v -0.766289 0.496445 0.309305
v -0.840876 0.450301 -0.231513
v -0.781610 0.447707 0.330027
v -0.707968 0.496445 0.290353
v -0.816706 0.496445 0.194403
v -0.781610 0.447707 0.330027
v -0.854427 0.446455 0.265450
v -0.841792 0.449751 0.232795
v -0.751823 0.449934 0.306681
v -0.829554 0.496445 0.173864
v -0.736686 0.496445 -0.285379
v -0.751823 0.449995 -0.305887
v -0.849696 0.447218 -0.300363
v -0.824091 0.496750 -0.215857
v -0.845393 0.496445 0.162572
v -0.862911 0.450728 0.174383
v -0.838710 0.495315 0.248604
v -0.817347 0.447005 -0.328196
v -0.845393 0.496445 -0.161718
v -0.862911 0.450728 -0.173528
v -0.841792 0.449751 0.232795
v -0.825098 0.496384 0.217139
v 0.812311 0.255104 0.000580
v 0.812311 0.255104 0.000580
v 0.779015 0.255104 0.000580
v 0.812037 0.277200 -0.210456
v -0.844752 0.496445 -0.239875
v -0.781640 0.447859 -0.329295
v -0.751823 0.449995 -0.305887
v -0.766289 0.496445 0.309305
v -0.736686 0.496445 0.286203
v -0.751823 0.449934 0.306681
v -0.802118 0.496445 0.308725
v -0.834346 0.496445 0.282144
v -0.829554 0.496445 -0.173040
v -0.845393 0.496445 0.162572
v -0.845393 0.496445 -0.161718
v 0.830958 0.451613 -0.213477
v 0.812037 0.277200 -0.210456
v -0.817316 0.446883 0.328928
v -0.854427 0.446455 0.265450
v -0.736686 0.496445 0.286203
v -0.862911 0.450728 0.174383
v -0.829554 0.496445 -0.173040
v -0.829554 0.496445 0.173864
v -0.816706 0.496445 -0.193548
v 0.779015 0.263894 -0.059481
v 0.812311 0.263894 -0.059481
v -0.849605 0.447035 0.301096
v -0.802118 0.496445 0.308725
v -0.834346 0.496445 0.282144
v -0.838710 0.495315 0.248604
v -0.846767 0.450728 -0.185675
v -0.845393 0.496445 -0.161718
v -0.846767 0.450728 0.186529
v -0.845393 0.496445 0.162572
v 0.812311 0.287820 -0.135533
v 0.768700 0.287790 -0.135289
v -0.825098 0.496384 0.217139
v -0.833674 0.450728 0.208594
v -0.816706 0.496445 0.194403
v -0.816706 0.496445 0.194403
v -0.833674 0.450728 0.208594
v -0.707968 0.496445 -0.289529
v -0.833674 0.450728 0.208594
v -0.689657 0.496445 0.312571
v -0.689657 0.496445 -0.311747
v -0.816706 0.496445 -0.193548
v -0.833674 0.450728 -0.207739
v -0.833674 0.450728 -0.207739
v 0.812311 0.287820 -0.135533
v 0.000000 0.290323 0.244942
v -0.833674 0.450728 -0.207739
v -0.816706 0.496445 -0.193548
v -0.846767 0.450728 -0.185675
v -0.862911 0.450728 -0.173528
v -0.846767 0.450728 0.186529
v -0.862911 0.450728 0.174383
v 0.289743 0.451613 0.245216
v -0.063387 0.300668 0.245308
v -0.150731 0.325571 0.245979
v -0.408795 0.352397 0.247017
v -0.236763 0.352397 0.245979
v -0.862911 0.450728 -0.173528
v -0.824091 0.496750 -0.215857
v -0.756493 0.277200 0.229560
v -0.605182 0.291269 0.239448
v -0.731986 0.261269 0.278512
v -0.604480 0.291391 0.278146
v -0.529557 0.318949 0.278146
v -0.364696 0.451613 0.288491
v -0.849605 0.447035 0.301096
v -0.817316 0.446883 0.328928
v 0.731986 0.261269 -0.278726
v 0.813562 0.041963 -0.243141
v -0.860561 0.447920 -0.256935
v 0.830958 0.451613 -0.213477
v 0.843013 0.309702 -0.263192
v 0.828761 0.051210 -0.308664
v 0.828761 0.051210 -0.308664
v 0.831660 0.047853 -0.268227
v 0.820032 0.037812 -0.298593
v 0.819269 0.225288 -0.240699
v 0.761437 0.225257 -0.289254
v 0.731986 0.261269 -0.278726
v 0.812037 0.277200 -0.210456
v 0.820032 0.037812 -0.298593
v 0.822352 0.037812 -0.267922
v 0.788446 0.047853 -0.304514
v 0.789422 0.037812 -0.295541
v 0.786950 0.074221 -0.278451
v 0.786950 0.074221 -0.278451
v 0.766717 0.041963 -0.282449
v 0.828761 0.051210 -0.308664
v -0.831660 0.047853 -0.268044
v -0.828761 0.051210 -0.308481
v -0.820032 0.037812 -0.298410
v -0.788446 0.047853 -0.304331
v 0.323618 0.362438 -0.245796
v 0.813562 0.041963 -0.243141
v 0.794458 0.282907 -0.329630
v 0.761437 0.225257 -0.289254
v -0.831660 0.047853 -0.268044
v -0.822352 0.037812 -0.267739
v 0.837519 0.253700 -0.323191
v 0.846461 0.252419 -0.287423
v 0.800775 0.252419 -0.325785
v 0.812037 0.277200 -0.210456
v 0.828761 0.051210 -0.308664
v 0.794885 0.073885 -0.243843
v 0.770806 0.073885 -0.264046
v 0.794885 0.073885 -0.243843
v 0.837519 0.253700 -0.323191
v 0.794458 0.282907 -0.329630
v 0.786950 0.074221 -0.278451
v 0.770806 0.073885 -0.264046
v 0.831660 0.047853 -0.268227
v 0.802454 0.074984 -0.277322
v -0.768700 0.287790 -0.136296
v -0.812311 0.263894 -0.060518
v -0.779015 0.263894 -0.060518
v -0.812311 0.287820 -0.136540
v 0.837611 0.285775 -0.323283
v 0.825587 0.314554 -0.308969
v 0.794885 0.073885 -0.243843
v 0.766717 0.041963 -0.282449
v 0.770806 0.073885 -0.264046
v 0.813562 0.041963 -0.243141
v 0.806238 0.074221 -0.262276
v 0.809198 0.168157 -0.239174
v 0.786950 0.074221 -0.278451
v 0.802454 0.074984 -0.277322
v -0.749138 0.348552 -0.293649
v -0.731895 0.451613 -0.297739
v 0.839839 0.223090 -0.285775
v 0.819269 0.225288 -0.240699
v 0.831660 0.223151 -0.314249
v 0.831660 0.223151 -0.314249
v 0.843013 0.309702 -0.263192
v 0.763115 0.116245 -0.264260
v 0.796350 0.116245 -0.236366
v 0.782647 0.121036 -0.282174
v 0.810419 0.121036 -0.258889
v 0.803400 0.121891 -0.278787
v 0.809198 0.168157 -0.239174
v 0.803400 0.121891 -0.278787
v 0.782647 0.121036 -0.282174
v -0.813562 0.041963 -0.242958
v -0.766717 0.041963 -0.282266
v -0.812311 0.287820 -0.136540
v -0.812311 0.263894 -0.060518
v 0.788446 0.047853 -0.304514
v 0.802454 0.074984 -0.277322
v 0.806238 0.074221 -0.262276
v 0.802454 0.074984 -0.277322
v 0.763115 0.116245 -0.264260
v 0.796350 0.116245 -0.236366
v 0.763207 0.168157 -0.277749
v 0.810419 0.121036 -0.258889
v -0.813562 0.041963 -0.242958
v -0.789422 0.037812 -0.295358
v 0.749199 0.347942 -0.293191
v 0.837611 0.285775 -0.323283
v 0.851344 0.282907 -0.281899
v 0.777490 0.309702 -0.318186
v 0.731986 0.261269 -0.278726
v 0.150456 0.325388 -0.277291
v 0.763207 0.168157 -0.277749
v 0.791162 0.183905 -0.300089
v 0.408277 0.352214 -0.278359
v 0.408795 0.352397 -0.246834
v 0.323344 0.362255 -0.277291
v -0.813562 0.041963 -0.242958
v -0.794885 0.073885 -0.243660
v -0.768700 0.287790 -0.136296
v -0.779015 0.263894 -0.060518
v 0.801904 0.353282 -0.280068
v 0.749199 0.347942 -0.293191
v -0.791589 0.182806 -0.300913
v -0.763237 0.167760 -0.277810
v -0.820704 0.183569 -0.300424
v -0.761467 0.224921 -0.289529
v -0.827906 0.183966 -0.274239
v -0.803125 0.221992 -0.319193
v -0.763237 0.167760 -0.277810
v -0.809381 0.167760 -0.239082
v -0.802454 0.074984 -0.277139
v -0.831660 0.047853 -0.268044
v -0.806238 0.074221 -0.262093
v -0.828761 0.051210 -0.308481
v -0.323618 0.362438 -0.245796
v -0.323344 0.362255 -0.277291
v -0.236518 0.352214 -0.277291
v -0.236763 0.352397 -0.245796
v 0.825587 0.314554 -0.308969
v 0.777490 0.309702 -0.318186
v 0.830958 0.451613 -0.213477
v 0.801904 0.353282 -0.280068
v -0.848292 0.251900 -0.288644
v -0.839290 0.285958 -0.325236
v -0.853298 0.283029 -0.282998
v -0.844783 0.310373 -0.263894
v 0.823695 0.347972 -0.230506
v 0.812311 0.450484 -0.291910
v -0.801691 0.251900 -0.327769
v -0.839198 0.253243 -0.325144
v -0.731925 0.261238 -0.278756
v -0.795251 0.283029 -0.331706
v -0.770806 0.073885 -0.263863
v -0.786950 0.074221 -0.278268
v -0.770806 0.073885 -0.263863
v -0.786950 0.074221 -0.278268
v -0.408277 0.352214 -0.278359
v 0.819910 0.184759 -0.299600
v 0.826991 0.185156 -0.273721
v 0.802210 0.223090 -0.317362
v 0.819910 0.184759 -0.299600
v -0.408795 0.352397 -0.246834
v -0.529557 0.318949 -0.277963
v -0.830958 0.451613 -0.213599
v -0.812159 0.277200 -0.210883
v -0.529557 0.318949 -0.246834
v -0.756493 0.451613 0.229560
v -0.756493 0.277200 0.229560
v -0.768700 0.287790 0.135472
v -0.756493 0.277200 0.229560
v -0.812311 0.450514 -0.291757
v -0.824274 0.348582 -0.230445
v -0.779015 0.263894 0.059664
v -0.802240 0.353862 -0.280343
v -0.809381 0.167760 -0.239082
v -0.810511 0.120762 -0.258797
v -0.803491 0.121586 -0.278726
v -0.782708 0.120762 -0.282113
v -0.833216 0.222053 -0.316019
v 0.605182 0.291269 -0.239265
v -0.841548 0.221992 -0.286966
v -0.812159 0.277200 -0.210883
v -0.819666 0.224952 -0.240669
v -0.731925 0.261238 -0.278756
v -0.794885 0.073885 -0.243660
v -0.794885 0.073885 -0.243660
v -0.761467 0.224921 -0.289529
v -0.761467 0.224921 -0.289529
v -0.826991 0.315317 -0.310617
v -0.777917 0.310373 -0.320017
v -0.819666 0.224952 -0.240669
v -0.812159 0.277200 -0.210883
v -0.806238 0.074221 -0.262093
v -0.802454 0.074984 -0.277139
v -0.749138 0.348552 -0.293649
v -0.802240 0.353862 -0.280343
v -0.779015 0.255104 -0.000427
v -0.830958 0.451613 -0.213599
v -0.812067 0.277200 0.210547
v -0.775140 0.451613 0.005554
v -0.763115 0.116184 -0.264077
v -0.763115 0.116184 -0.264077
v -0.779015 0.255104 -0.000427
v -0.812311 0.255104 -0.000427
v -0.812067 0.277200 0.210547
v -0.812311 0.255104 -0.000427
v -0.779015 0.263894 0.059664
v -0.812311 0.287820 0.135716
v -0.812311 0.263894 0.059664
v -0.830958 0.451613 0.213019
v -0.768700 0.287790 0.135472
v -0.812311 0.287820 0.135716
v -0.812311 0.263894 0.059664
v 0.063112 0.300272 -0.276894
v 0.063387 0.300668 -0.245125
v -0.824030 0.451613 0.005158
v 0.236518 0.352214 -0.277291
v 0.236763 0.352397 -0.245796
v 0.150731 0.325571 -0.245796
v 0.529557 0.318949 -0.246834
v 0.529557 0.318949 -0.277963
v -0.766717 0.041963 -0.282266
v -0.770806 0.073885 -0.263863
v 0.812037 0.277200 -0.210456
v 0.756493 0.277200 -0.229377
v 0.604480 0.291391 -0.277963
v 0.731986 0.261269 -0.278726
v -0.731895 0.451613 0.297433
v -0.796381 0.116184 -0.236183
v -0.766717 0.041963 -0.282266
v -0.788446 0.047853 -0.304331
v -0.796381 0.116184 -0.236183
v -0.812067 0.277200 0.210547
v -0.830958 0.451613 0.213019
v -0.766717 0.041963 0.281777
v -0.812311 0.450514 0.291269
v -0.823969 0.348277 0.229957
v -0.749168 0.348216 0.292917
v -0.731895 0.451613 0.297433
v -0.731986 0.261269 0.278512
v -0.843867 0.310007 0.263100
v -0.813562 0.041963 0.242470
v -0.813562 0.041963 0.242470
v -0.822352 0.037812 0.267251
v -0.820032 0.037812 0.297922
v -0.813562 0.041963 0.242470
v -0.794885 0.073885 0.243171
v -0.831660 0.047853 0.267556
v -0.828761 0.051210 0.307993
v -0.828761 0.051210 0.307993
v -0.820032 0.037812 0.297922
v -0.794855 0.282968 0.330210
v -0.761437 0.225074 0.288888
v -0.801233 0.252174 0.326304
v -0.826258 0.314920 0.309336
v -0.838343 0.253487 0.323710
v -0.847346 0.252174 0.287576
v -0.838343 0.253487 0.323710
v -0.794855 0.282968 0.330210
v -0.838435 0.285867 0.323801
v -0.843867 0.310007 0.263100
v -0.852290 0.282968 0.281991
v -0.809290 0.167974 0.238563
v -0.763237 0.167974 0.277230
v -0.763237 0.167974 0.277230
v -0.809290 0.167974 0.238563
v -0.791375 0.183386 0.300027
v -0.761437 0.225074 0.288888
v -0.819452 0.225105 0.240181
v 0.779015 0.263894 0.060701
v -0.802087 0.353557 0.279702
v -0.812311 0.450514 0.291269
v -0.823969 0.348277 0.229957
v 0.756493 0.451613 0.230079
v 0.756493 0.277200 0.230079
v -0.830958 0.451613 0.213019
v -0.826258 0.314920 0.309336
v -0.777703 0.310007 0.318644
v -0.802087 0.353557 0.279702
v -0.749168 0.348216 0.292917
v -0.838435 0.285867 0.323801
v -0.789422 0.037812 0.294870
v -0.802454 0.074984 0.276650
v -0.786981 0.074221 0.277779
v -0.796381 0.116214 0.235694
v -0.810480 0.120914 0.258278
v -0.806238 0.074221 0.261605
v -0.802454 0.074984 0.276650
v -0.788446 0.047853 0.303842
v 0.605182 0.291269 0.239448
v 0.604480 0.291391 0.278146
v 0.732017 0.261269 0.278817
v 0.408277 0.352214 0.278542
v 0.529557 0.318949 0.247017
v 0.779015 0.263894 0.060701
v 0.768700 0.287790 0.136479
v 0.529557 0.318949 0.278146
v 0.830958 0.451613 0.213752
v 0.408795 0.352397 0.247017
v 0.732017 0.261269 0.278817
v 0.236763 0.352397 0.245979
v 0.150456 0.325388 0.277474
v 0.408277 0.352214 0.278542
v 0.756493 0.277200 0.230079
v 0.812311 0.263894 0.060701
v 0.811945 0.277200 0.211127
v 0.811945 0.277200 0.211127
v 0.731895 0.451613 0.297922
v 0.236518 0.352214 0.277474
v 0.323344 0.362255 0.277474
v 0.323344 0.362255 0.277474
v 0.323618 0.362438 0.245979
v 0.812311 0.287820 0.136723
v 0.529557 0.318949 0.278146
v 0.604480 0.291391 0.278146
v 0.803369 0.121982 0.278787
v 0.809168 0.168218 0.239204
v 0.782647 0.121097 0.282205
v 0.806238 0.074221 0.262276
v 0.796350 0.116245 0.236366
v 0.770806 0.073885 0.264046
v 0.786950 0.074221 0.278451
v 0.766717 0.041963 0.282449
v 0.788446 0.047853 0.304514
v 0.813562 0.041963 0.243141
v 0.766717 0.041963 0.282449
v 0.831660 0.047853 0.268227
v 0.794885 0.073885 0.243843
v 0.822352 0.037812 0.267922
v 0.831660 0.047853 0.268227
v 0.802454 0.074984 0.277322
v 0.796350 0.116245 0.236366
v 0.763115 0.116245 0.264260
v 0.770806 0.073885 0.264046
v 0.770806 0.073885 0.264046
v 0.828761 0.051210 0.308664
v 0.786950 0.074221 0.278451
v 0.802454 0.074984 0.277322
v 0.794885 0.073885 0.243843
v 0.794885 0.073885 0.243843
v 0.806238 0.074221 0.262276
v 0.763115 0.116245 0.264260
v 0.809168 0.168218 0.239204
v 0.810389 0.121097 0.258889
v 0.794305 0.282876 0.329447
v 0.732017 0.261269 0.278817
v 0.812311 0.450453 0.291910
v 0.823572 0.347850 0.230598
v 0.842677 0.309580 0.263253
v 0.777398 0.309580 0.318033
v 0.768700 0.287790 -0.135289
v 0.756493 0.277200 -0.229377
v 0.756493 0.277200 -0.229377
v 0.850978 0.282876 0.281899
v 0.801843 0.353160 0.280068
v 0.761437 0.225318 0.289285
v 0.819178 0.225349 0.240761
v 0.837306 0.285745 0.323130
v 0.779015 0.255104 0.000580
v 0.779015 0.263894 -0.059481
v 0.801843 0.353160 0.280068
v 0.749229 0.347819 0.293191
v 0.825312 0.314402 0.308847
v 0.761437 0.225318 0.289285
v 0.837214 0.253792 0.323038
v 0.846095 0.252510 0.287393
v 0.800592 0.252510 0.325602
v 0.830958 0.451613 0.213752
v 0.775140 0.451613 0.006561
v 0.756493 0.451613 -0.229377
v -0.323344 0.362255 0.277474
v -0.408795 0.352397 0.247017
v -0.323618 0.362438 0.245979
v -0.150456 0.325388 0.277474
v -0.236518 0.352214 0.277474
v -0.063112 0.300272 0.277078
v -0.150456 0.325388 0.277474
v -0.365398 0.451613 0.244514
v -0.605182 0.291269 0.239448
v -0.323618 0.362438 0.245979
v 0.000000 0.289804 0.276864
v 0.824030 0.451613 0.006195
v 0.812311 0.263894 -0.059481
v -0.150731 0.325571 0.245979
v -0.236763 0.352397 0.245979
v -0.236518 0.352214 0.277474
v -0.063387 0.300668 0.245308
v -0.529557 0.318949 0.247017
v -0.756493 0.277200 0.229560
v -0.756493 0.451613 0.229560
v 0.000000 0.290323 0.244942
v 0.289193 0.451613 0.288430
v -0.063112 0.300272 0.277078
v 0.000000 0.289804 0.276864
v -0.323344 0.362255 0.277474
v -0.529557 0.318949 0.278146
v -0.408277 0.352214 0.278542
vt 0.174484 0.026122
vt 0.194225 0.012437
vt 0.528781 0.557780
vt 0.229588 0.052402
vt 0.900427 0.310420
vt 0.890012 0.311631
vt 0.914657 0.308664
vt 0.229800 0.032511
vt 0.259895 0.111896
vt 0.184264 0.015223
vt 0.481217 0.561625
vt 0.914657 0.308664
vt 0.942723 0.334883
vt 0.928887 0.310299
vt 0.936123 0.316687
vt 0.481217 0.561625
vt 0.229588 0.052402
vt 0.229800 0.032511
vt 0.484214 0.546032
vt 0.886742 0.335065
vt 0.893221 0.316869
vt 0.524815 0.572948
vt 0.898883 0.329706
vt 0.914657 0.328222
vt 0.450637 0.557174
vt 0.901941 0.315869
vt 0.914687 0.314840
vt 0.440101 0.037688
vt 0.450637 0.541673
vt 0.914657 0.328222
vt 0.914687 0.314840
vt 0.671445 0.048921
vt 0.694546 0.046317
vt 0.727305 0.037597
vt 0.568625 0.585059
vt 0.668932 0.072627
vt 0.747954 0.030361
vt 0.773961 0.072990
vt 0.774173 0.026758
vt 0.524815 0.572948
vt 0.613041 0.590115
vt 0.376459 0.572948
vt 0.656609 0.586876
vt 0.259743 0.080317
vt 0.272580 0.074656
vt 0.229800 0.032541
vt 0.393233 0.026879
vt 0.110449 0.188799
vt 0.815440 0.498074
vt 0.100428 0.197337
vt 0.229588 0.052463
vt 0.254566 0.124158
vt 0.254354 0.068176
vt 0.794428 0.549938
vt 0.793490 0.520479
vt 0.419483 0.030482
vt 0.393505 0.073081
vt 0.723611 0.129154
vt 0.106846 0.549968
vt 0.293986 0.644280
vt 0.126526 0.644280
vt 0.143874 0.562230
vt 0.182629 0.573735
vt 0.261196 0.096122
vt 0.194225 0.012377
vt 0.259895 0.111956
vt 0.184264 0.015162
vt 0.229800 0.032571
vt 0.280785 0.096122
vt 0.272580 0.074686
vt 0.229800 0.032571
vt 0.279029 0.081922
vt 0.224047 0.055581
vt 0.274609 0.096152
vt 0.259743 0.080348
vt 0.229588 0.052493
vt 0.194225 0.012467
vt 0.254566 0.124188
vt 0.277818 0.071477
vt 0.278000 0.120797
vt 0.187200 0.075231
vt 0.197949 0.050889
vt 0.185142 0.094759
vt 0.308065 0.027212
vt 0.273670 0.108899
vt 0.273580 0.083406
vt 0.174484 0.026153
vt 0.272732 0.117588
vt 0.224047 0.055672
vt 0.184264 0.015253
vt 0.279150 0.110352
vt 0.224319 0.029301
vt 0.194921 0.038808
vt 0.184687 0.115741
vt 0.159255 0.069872
vt 0.254354 0.068237
vt 0.174484 0.026122
vt 0.229588 0.052493
vt 0.184839 0.036537
vt 0.914778 0.328101
vt 0.158861 0.094759
vt 0.159255 0.117951
vt 0.184839 0.036507
vt 0.930612 0.329433
vt 0.194921 0.038778
vt 0.914808 0.314719
vt 0.914808 0.314719
vt 0.102426 0.173418
vt 0.154047 0.157735
vt 0.927555 0.315627
vt 0.900578 0.310299
vt 0.229800 0.032541
vt 0.229588 0.052463
vt 0.224047 0.055612
vt 0.939423 0.311328
vt 0.224319 0.029271
vt 0.194225 0.012437
vt 0.184264 0.015223
vt 0.372766 0.071083
vt 0.367225 0.015344
vt 0.914778 0.308543
vt 0.890133 0.311510
vt 0.893342 0.316748
vt 0.914778 0.328101
vt 0.229800 0.032541
vt 0.914778 0.308543
vt 0.929008 0.310177
vt 0.942844 0.334762
vt 0.229588 0.052463
vt 0.936244 0.316596
vt 0.902062 0.315748
vt 0.273670 0.108838
vt 0.273580 0.083375
vt 0.224319 0.029210
vt 0.939302 0.311449
vt 0.193922 0.177445
vt 0.472891 0.046408
vt 0.277818 0.071446
vt 0.279029 0.081861
vt 0.279150 0.110291
vt 0.280785 0.096092
vt 0.751496 0.543974
vt 0.583703 0.029695
vt 0.757370 0.562200
vt 0.647889 0.046196
vt 0.272732 0.117558
vt 0.261196 0.096092
vt 0.274609 0.096122
vt 0.486212 0.072718
vt 0.155319 0.178141
vt 0.495992 0.048951
vt 0.224319 0.029271
vt 0.229800 0.032541
vt 0.224047 0.055612
vt 0.229588 0.052463
vt 0.519547 0.046226
vt 0.278000 0.120737
vt 0.194921 0.038778
vt 0.542860 0.039081
vt 0.184839 0.036507
vt 0.194921 0.038717
vt 0.566536 0.032450
vt 0.174484 0.026092
vt 0.184839 0.036477
vt 0.450637 0.557174
vt 0.930461 0.329555
vt 0.927403 0.315748
vt 0.624576 0.039050
vt 0.600900 0.032450
vt 0.244665 0.586876
vt 0.288233 0.590115
vt 0.332649 0.585059
vt 0.846565 0.223980
vt 0.729545 0.334278
vt 0.723581 0.341847
vt 0.420058 0.561625
vt 0.757370 0.562200
vt 0.632691 0.644280
vt 0.718646 0.573705
vt 0.794428 0.549938
vt 0.774748 0.644280
vt 0.729545 0.136723
vt 0.953229 0.530440
vt 0.925859 0.243054
vt 0.953108 0.530561
vt 0.941209 0.251834
vt 0.768209 0.308785
vt 0.939998 0.216865
vt 0.924587 0.209447
vt 0.926132 0.179806
vt 0.874116 0.573251
vt 0.864367 0.520600
vt 0.992074 0.486902
vt 0.866002 0.494290
vt 0.934246 0.161822
vt 0.738871 0.332885
vt 0.903515 0.236060
vt 0.913264 0.572191
vt 0.840691 0.128821
vt 0.937758 0.132121
vt 0.951897 0.223344
vt 0.738871 0.138146
vt 0.886863 0.334974
vt 0.112296 0.274572
vt 0.099973 0.235213
vt 0.058706 0.054158
vt 0.016077 0.055460
vt 0.874116 0.573251
vt 0.953229 0.530440
vt 0.872572 0.473732
vt 0.881443 0.235001
vt 0.843174 0.160429
vt 0.955863 0.193643
vt 0.881050 0.265368
vt 0.902183 0.266186
vt 0.768209 0.162246
vt 0.828399 0.134513
vt 0.831729 0.165819
vt 0.254354 0.068237
vt 0.254566 0.124188
vt 0.829458 0.705499
vt 0.925859 0.243054
vt 0.863005 0.269940
vt 0.764848 0.301609
vt 0.764848 0.169421
vt 0.828399 0.134513
vt 0.831729 0.165819
vt 0.250690 0.081801
vt 0.259743 0.080348
vt 0.824281 0.684790
vt 0.790280 0.671226
vt 0.808174 0.671499
vt 0.923134 0.272634
vt 0.170124 0.361163
vt 0.818316 0.361163
vt 0.951897 0.223344
vt 0.955863 0.193643
vt 0.250902 0.096394
vt 0.251326 0.109746
vt 0.862944 0.239633
vt 0.813957 0.250290
vt 0.976451 0.070296
vt 0.972213 0.101784
vt 0.961192 0.070477
vt 0.832244 0.229642
vt 0.810990 0.199607
vt 0.826340 0.198396
vt 0.817772 0.228188
vt 0.311546 0.129154
vt 0.815955 0.281142
vt 0.311577 0.341847
vt 0.261196 0.096122
vt 0.254566 0.124188
vt 0.810293 0.433767
vt 0.817317 0.405882
vt 0.811292 0.390471
vt 0.952714 0.136935
vt 0.948627 0.166545
vt 0.963099 0.166848
vt 0.169125 0.405882
vt 0.176180 0.433736
vt 0.937758 0.132121
vt 0.967974 0.137116
vt 0.934246 0.161822
vt 0.177149 0.390471
vt 0.872814 0.530591
vt 0.774718 0.644280
vt 0.656579 0.586936
vt 0.714861 0.558779
vt 0.757370 0.562291
vt 0.815440 0.498135
vt 0.794398 0.549999
vt 0.841448 0.192583
vt 0.942935 0.187618
vt 0.884925 0.356198
vt 0.886742 0.335065
vt 0.900124 0.360104
vt 0.900124 0.360104
vt 0.246936 0.027273
vt 0.915323 0.360709
vt 0.928281 0.358650
vt 0.900336 0.338728
vt 0.914929 0.338516
vt 0.928281 0.338123
vt 0.915323 0.360709
vt 0.914929 0.338516
vt 0.942057 0.354957
vt 0.263921 0.034933
vt 0.263740 0.050646
vt 0.900124 0.360104
vt 0.884925 0.356198
vt 0.943208 0.095728
vt 0.829156 0.251623
vt 0.844415 0.248232
vt 0.934276 0.404731
vt 0.888407 0.430164
vt 0.913264 0.430588
vt 0.913264 0.430588
vt 0.305612 0.136723
vt 0.305612 0.334278
vt 0.830397 0.282232
vt 0.976270 0.435402
vt 0.936486 0.430164
vt 0.913264 0.404277
vt 0.913264 0.404277
vt 0.158044 0.199123
vt 0.542860 0.039111
vt 0.519547 0.046256
vt 0.566536 0.032480
vt 0.472891 0.046438
vt 0.495992 0.049011
vt 0.881140 0.204875
vt 0.061673 0.979533
vt 0.902152 0.173872
vt 0.878718 0.174569
vt 0.878991 0.145564
vt 0.045566 0.684790
vt 0.760095 0.340545
vt 0.108693 0.970359
vt 0.079567 0.671226
vt 0.040359 0.945563
vt 0.859584 0.181350
vt 0.863338 0.211415
vt 0.108693 0.680672
vt 0.924587 0.209447
vt 0.049169 0.932937
vt 0.061673 0.671499
vt 0.049169 0.718064
vt 0.846565 0.223980
vt 0.774143 0.180261
vt 0.393233 0.026909
vt 0.769026 0.176415
vt 0.902788 0.203997
vt 0.926132 0.179806
vt 0.773931 0.317383
vt 0.094342 0.968270
vt 0.901668 0.115802
vt 0.770540 0.331492
vt 0.040359 0.705469
vt 0.899942 0.146139
vt 0.094342 0.682731
vt 0.419483 0.030512
vt 0.110449 0.188829
vt 0.100428 0.197397
vt 0.748468 0.340727
vt 0.856586 0.121282
vt 0.879415 0.115408
vt 0.917382 0.152073
vt 0.770570 0.139538
vt 0.420028 0.561655
vt 0.417030 0.546063
vt 0.857949 0.150953
vt 0.773931 0.153647
vt 0.919955 0.121887
vt 0.760095 0.130486
vt 0.054377 0.728631
vt 0.376429 0.573009
vt 0.420028 0.561655
vt 0.748468 0.130274
vt 0.969700 0.196489
vt 0.819073 0.166091
vt 0.979963 0.197155
vt 0.809355 0.166757
vt 0.804753 0.137359
vt 0.814926 0.136965
vt 0.774143 0.290740
vt 0.769026 0.294615
vt 0.372463 0.557810
vt 0.332619 0.585089
vt 0.964825 0.225887
vt 0.974665 0.226463
vt 0.575074 0.463983
vt 0.407160 0.491898
vt 0.401286 0.463983
vt 0.040843 0.906506
vt 0.040843 0.744526
vt 0.047958 0.738864
vt 0.054377 0.922401
vt 0.047958 0.912168
vt 0.569200 0.491898
vt 0.117837 0.670984
vt 0.961192 0.070477
vt 0.079567 0.979805
vt 0.045566 0.966242
vt 0.991923 0.487023
vt 0.367225 0.015253
vt 0.372766 0.070992
vt 0.833606 0.477335
vt 0.117837 0.981440
vt 0.957740 0.101814
vt 0.931763 0.375514
vt 0.914717 0.376483
vt 0.914717 0.376483
vt 0.897641 0.375242
vt 0.879990 0.370186
vt 0.897641 0.375242
vt 0.284509 0.053946
vt 0.284752 0.032117
vt 0.440101 0.037718
vt 0.193922 0.177475
vt 0.775475 0.682762
vt 0.926132 0.086252
vt 0.267888 0.161852
vt 0.928311 0.056036
vt 0.761124 0.970359
vt 0.815440 0.922431
vt 0.286689 0.340727
vt 0.263225 0.319927
vt 0.267585 0.309299
vt 0.296287 0.332885
vt 0.821889 0.912168
vt 0.845232 0.278902
vt 0.844415 0.248232
vt 0.264587 0.139538
vt 0.819134 0.717489
vt 0.367255 0.489476
vt 0.373069 0.461530
vt 0.826310 0.949559
vt 0.275063 0.130486
vt 0.205215 0.489476
vt 0.199281 0.462015
vt 0.849713 0.063120
vt 0.851379 0.093821
vt 0.116081 0.303819
vt 0.116081 0.303819
vt 0.122227 0.303819
vt 0.101790 0.410272
vt 0.923134 0.272634
vt 0.286689 0.130274
vt 0.296287 0.138146
vt 0.790250 0.979836
vt 0.943208 0.095728
vt 0.946205 0.065966
vt 0.808144 0.979533
vt 0.824251 0.966272
vt 0.821889 0.738894
vt 0.829761 0.906506
vt 0.829791 0.744526
vt 0.018529 0.396436
vt 0.101790 0.410272
vt 0.910115 0.050132
vt 0.868667 0.055067
vt 0.775475 0.968300
vt 0.813321 0.070417
vt 0.961767 0.290165
vt 0.826915 0.099967
vt 0.815440 0.728631
vt 0.118382 0.335368
vt 0.112326 0.333067
vt 0.887953 0.049799
vt 0.908511 0.080469
vt 0.887438 0.079924
vt 0.869272 0.083920
vt 0.966642 0.259979
vt 0.971516 0.290710
vt 0.823464 0.070266
vt 0.817136 0.099997
vt 0.102305 0.372426
vt 0.110843 0.373940
vt 0.819649 0.933785
vt 0.836967 0.068176
vt 0.839631 0.098090
vt 0.839631 0.098090
vt 0.836967 0.068176
vt 0.761124 0.680672
vt 0.270310 0.301609
vt 0.751980 0.981471
vt 0.751980 0.671014
vt 0.949111 0.287652
vt 0.953290 0.257224
vt 0.270310 0.169421
vt 0.102305 0.372426
vt 0.583703 0.029725
vt 0.953290 0.257224
vt 0.949111 0.287652
vt 0.266131 0.176415
vt 0.261015 0.180291
vt 0.266131 0.294615
vt 0.261015 0.290740
vt 0.505226 0.072657
vt 0.600900 0.032480
vt 0.624576 0.039081
vt 0.694546 0.046377
vt 0.647889 0.046226
vt 0.976784 0.260645
vt 0.937909 0.282172
vt 0.793490 0.520570
vt 0.751496 0.544034
vt 0.794398 0.549999
vt 0.757370 0.562291
vt 0.718646 0.573796
vt 0.632691 0.644280
vt 0.264587 0.331492
vt 0.275063 0.340545
vt 0.833727 0.477244
vt 0.942844 0.334762
vt 0.261227 0.153647
vt 0.952351 0.574038
vt 0.947719 0.496863
vt 0.915050 0.338426
vt 0.915050 0.338426
vt 0.928402 0.338002
vt 0.914778 0.328101
vt 0.338735 0.064695
vt 0.339250 0.021793
vt 0.367225 0.015313
vt 0.372766 0.071053
vt 0.914778 0.328101
vt 0.930612 0.329433
vt 0.900457 0.338607
vt 0.899004 0.329585
vt 0.900245 0.359983
vt 0.900245 0.359983
vt 0.886863 0.334974
vt 0.915050 0.338426
vt 0.251326 0.109716
vt 0.250902 0.096364
vt 0.261196 0.096092
vt 0.250690 0.081771
vt 0.287870 0.574402
vt 0.942844 0.334762
vt 0.880717 0.473823
vt 0.852711 0.433767
vt 0.251326 0.109716
vt 0.259895 0.111896
vt 0.913415 0.451448
vt 0.941361 0.451842
vt 0.884441 0.451842
vt 0.992074 0.486902
vt 0.915050 0.338426
vt 0.942178 0.354866
vt 0.263921 0.034993
vt 0.263740 0.050707
vt 0.913415 0.451448
vt 0.880717 0.473823
vt 0.900245 0.359983
vt 0.885046 0.356077
vt 0.928402 0.338002
vt 0.915444 0.360618
vt 0.107088 0.233668
vt 0.112296 0.274542
vt 0.116444 0.272241
vt 0.099973 0.235182
vt 0.912568 0.474035
vt 0.913809 0.497469
vt 0.942178 0.354866
vt 0.246936 0.027333
vt 0.885046 0.356077
vt 0.246603 0.057882
vt 0.928402 0.358560
vt 0.307701 0.059517
vt 0.900245 0.359983
vt 0.915444 0.360618
vt 0.058706 0.054128
vt 0.016077 0.055430
vt 0.936607 0.430073
vt 0.976391 0.435280
vt 0.913415 0.430466
vt 0.913415 0.430466
vt 0.947719 0.496863
vt 0.284752 0.032178
vt 0.949566 0.369641
vt 0.897762 0.375151
vt 0.931884 0.375393
vt 0.914838 0.376362
vt 0.960919 0.392167
vt 0.914838 0.376362
vt 0.897762 0.375151
vt 0.254566 0.124158
vt 0.254354 0.068176
vt 0.099973 0.235182
vt 0.112296 0.274542
vt 0.900457 0.338607
vt 0.915444 0.360618
vt 0.928402 0.358560
vt 0.915444 0.360618
vt 0.880111 0.370065
vt 0.284509 0.053977
vt 0.308065 0.027182
vt 0.931884 0.375393
vt 0.254566 0.124158
vt 0.259743 0.080317
vt 0.872814 0.530591
vt 0.912568 0.474035
vt 0.943208 0.473005
vt 0.874964 0.496439
vt 0.833727 0.477244
vt 0.376459 0.572948
vt 0.869545 0.391349
vt 0.893887 0.402128
vt 0.244665 0.586876
vt 0.246664 0.571344
vt 0.288233 0.590115
vt 0.246603 0.057882
vt 0.234462 0.123462
vt 0.158044 0.199093
vt 0.153048 0.216199
vt 0.914021 0.533649
vt 0.872814 0.530591
vt 0.187200 0.075170
vt 0.197949 0.050828
vt 0.185142 0.094699
vt 0.339250 0.021793
vt 0.184687 0.115711
vt 0.159255 0.069842
vt 0.308065 0.027182
vt 0.307701 0.059517
vt 0.228710 0.096758
vt 0.251326 0.109716
vt 0.230768 0.109716
vt 0.250902 0.096364
vt 0.613404 0.574371
vt 0.613041 0.590115
vt 0.568625 0.585059
vt 0.571623 0.569557
vt 0.913809 0.497469
vt 0.874964 0.496439
vt 0.952351 0.574038
vt 0.914021 0.533649
vt 0.137486 0.122644
vt 0.115293 0.093881
vt 0.116323 0.124491
vt 0.092465 0.129032
vt 0.953229 0.530440
vt 0.913264 0.572191
vt 0.137486 0.065724
vt 0.137880 0.094699
vt 0.112084 0.015041
vt 0.115475 0.062030
vt 0.233251 0.066360
vt 0.229345 0.081559
vt 0.263921 0.034993
vt 0.229345 0.081559
vt 0.656609 0.586876
vt 0.913415 0.404186
vt 0.934397 0.404641
vt 0.888528 0.430073
vt 0.913415 0.404186
vt 0.654611 0.571344
vt 0.718646 0.573705
vt 0.018499 0.211203
vt 0.100428 0.197337
vt 0.714861 0.558718
vt 0.195708 0.280204
vt 0.108481 0.408788
vt 0.159104 0.259858
vt 0.157136 0.280870
vt 0.017106 0.094578
vt 0.058888 0.134543
vt 0.153533 0.242933
vt 0.055679 0.095335
vt 0.197161 0.142233
vt 0.213935 0.113198
vt 0.212935 0.096152
vt 0.214177 0.079076
vt 0.158861 0.094699
vt 0.149778 0.544004
vt 0.159255 0.117921
vt 0.102426 0.173357
vt 0.154047 0.157704
vt 0.367225 0.015313
vt 0.234462 0.123462
vt 0.263740 0.050707
vt 0.339250 0.021793
vt 0.155531 0.033994
vt 0.091859 0.095123
vt 0.092889 0.056278
vt 0.338735 0.064695
vt 0.372766 0.071053
vt 0.230768 0.109716
vt 0.228710 0.096758
vt 0.058706 0.054128
vt 0.055679 0.095335
vt 0.151353 0.229581
vt 0.015290 0.133665
vt 0.101790 0.410242
vt 0.194830 0.230156
vt 0.219263 0.061425
vt 0.284752 0.032178
vt 0.122227 0.303789
vt 0.116081 0.303789
vt 0.101790 0.410242
vt 0.116081 0.303789
vt 0.118382 0.335337
vt 0.102305 0.372396
vt 0.112326 0.333036
vt 0.018529 0.396405
vt 0.110843 0.373879
vt 0.102305 0.372396
vt 0.112326 0.333036
vt 0.420058 0.561625
vt 0.417060 0.546032
vt 0.019014 0.301034
vt 0.332649 0.585059
vt 0.329652 0.569557
vt 0.372493 0.557780
vt 0.186383 0.558749
vt 0.182629 0.573735
vt 0.246936 0.027333
vt 0.233251 0.066360
vt 0.085804 0.498104
vt 0.107754 0.520539
vt 0.143874 0.562230
vt 0.106846 0.549968
vt 0.873995 0.573372
vt 0.284509 0.053977
vt 0.254354 0.068176
vt 0.250690 0.081771
vt 0.219687 0.130879
vt 0.991923 0.487023
vt 0.952230 0.574129
vt 0.886742 0.335065
vt 0.913143 0.572312
vt 0.953108 0.530561
vt 0.872693 0.530712
vt 0.873995 0.573372
vt 0.833606 0.477335
vt 0.947598 0.496954
vt 0.942723 0.334883
vt 0.942723 0.334883
vt 0.930461 0.329555
vt 0.914657 0.328222
vt 0.246603 0.057822
vt 0.942057 0.354957
vt 0.928281 0.338123
vt 0.914929 0.338516
vt 0.914929 0.338516
vt 0.914657 0.328222
vt 0.880595 0.473944
vt 0.852559 0.433888
vt 0.884289 0.451963
vt 0.913688 0.497590
vt 0.913264 0.451539
vt 0.941209 0.451963
vt 0.913264 0.451539
vt 0.880595 0.473944
vt 0.912447 0.474156
vt 0.947598 0.496954
vt 0.943056 0.473126
vt 0.960798 0.392288
vt 0.308065 0.027121
vt 0.869393 0.391470
vt 0.307701 0.059457
vt 0.893766 0.402218
vt 0.339250 0.021762
vt 0.338735 0.064664
vt 0.153048 0.216229
vt 0.913900 0.533740
vt 0.913143 0.572312
vt 0.953108 0.530561
vt 0.393505 0.073142
vt 0.155319 0.178171
vt 0.952230 0.574129
vt 0.913688 0.497590
vt 0.874843 0.496560
vt 0.913900 0.533740
vt 0.872693 0.530712
vt 0.912447 0.474156
vt 0.898883 0.329706
vt 0.915323 0.360709
vt 0.900124 0.360104
vt 0.949445 0.369762
vt 0.931763 0.375514
vt 0.928281 0.358650
vt 0.915323 0.360709
vt 0.900336 0.338728
vt 0.149748 0.544004
vt 0.143874 0.562261
vt 0.106846 0.549968
vt 0.244635 0.586906
vt 0.186383 0.558749
vt 0.116444 0.272271
vt 0.107088 0.233699
vt 0.182598 0.573766
vt 0.018499 0.211233
vt 0.246633 0.571374
vt 0.106846 0.549968
vt 0.329622 0.569618
vt 0.376429 0.573009
vt 0.244635 0.586906
vt 0.107754 0.520539
vt 0.112296 0.274572
vt 0.085804 0.498104
vt 0.100428 0.197397
vt 0.126496 0.644280
vt 0.332619 0.585089
vt 0.288203 0.590145
vt 0.288203 0.590145
vt 0.287840 0.574432
vt 0.099973 0.235213
vt 0.182598 0.573766
vt 0.143874 0.562261
vt 0.212935 0.096182
vt 0.307701 0.059548
vt 0.214177 0.079106
vt 0.230768 0.109746
vt 0.219687 0.130910
vt 0.233251 0.066390
vt 0.229345 0.081589
vt 0.254354 0.068237
vt 0.250690 0.081801
vt 0.246603 0.057913
vt 0.246936 0.027364
vt 0.251326 0.109746
vt 0.234462 0.123522
vt 0.259895 0.111956
vt 0.251326 0.109746
vt 0.228710 0.096788
vt 0.284509 0.054037
vt 0.284752 0.032208
vt 0.263921 0.035024
vt 0.233251 0.066390
vt 0.250902 0.096394
vt 0.229345 0.081589
vt 0.228710 0.096788
vt 0.234462 0.123522
vt 0.263740 0.050737
vt 0.230768 0.109746
vt 0.219263 0.061455
vt 0.197161 0.142263
vt 0.213935 0.113228
vt 0.115475 0.062061
vt 0.112084 0.015071
vt 0.017106 0.094608
vt 0.058888 0.134573
vt 0.092465 0.129063
vt 0.092889 0.056308
vt 0.159104 0.259888
vt 0.108481 0.408819
vt 0.157136 0.280930
vt 0.116323 0.124552
vt 0.055679 0.095365
vt 0.339250 0.021853
vt 0.338735 0.064755
vt 0.115293 0.093912
vt 0.151353 0.229642
vt 0.153533 0.242963
vt 0.055679 0.095365
vt 0.058706 0.054158
vt 0.091859 0.095153
vt 0.155531 0.034055
vt 0.137880 0.094759
vt 0.137486 0.122705
vt 0.137486 0.065754
vt 0.015290 0.133695
vt 0.194769 0.227522
vt 0.195708 0.280234
vt 0.613041 0.590145
vt 0.654581 0.571374
vt 0.613374 0.574432
vt 0.524785 0.573009
vt 0.568595 0.585089
vt 0.481217 0.561655
vt 0.524785 0.573009
vt 0.682708 0.072657
vt 0.747954 0.030391
vt 0.671445 0.048951
vt 0.450607 0.557235
vt 0.019014 0.301034
vt 0.112326 0.333067
vt 0.528751 0.557810
vt 0.571592 0.569618
vt 0.568595 0.585089
vt 0.484184 0.546063
vt 0.727305 0.037658
vt 0.774173 0.026788
vt 0.773961 0.073021
vt 0.450607 0.541703
vt 0.293986 0.644280
vt 0.481217 0.561655
vt 0.450607 0.557235
vt 0.613041 0.590145
vt 0.718646 0.573796
vt 0.656579 0.586936
vn 0.000000 -1.000000 0.000000
vn 0.000000 -1.000000 0.000000
vn -0.289801 -0.957082 0.003133
vn 0.585103 0.415297 -0.696551
vn 0.243907 0.455865 0.855977
vn 0.520525 0.457194 0.721130
vn 0.052136 0.475659 0.878083
vn 0.584669 0.416175 -0.696391
vn -0.970487 -0.136486 0.198813
vn 0.000000 -1.000000 0.000000
vn -0.025628 -0.125368 -0.991779
vn -0.873851 0.475661 0.100653
vn -0.915662 -0.186585 -0.356018
vn -0.885231 0.456028 -0.091678
vn -0.917274 -0.017259 -0.397884
vn -0.209967 -0.977636 0.011898
vn 0.600509 -0.358217 -0.714891
vn 0.600174 -0.358636 -0.714963
vn -0.245720 -0.969311 0.007612
vn 0.516617 -0.200232 0.832475
vn 0.555745 -0.029203 0.830840
vn -0.282687 -0.959198 0.005275
vn 0.367153 -0.151241 0.917783
vn 0.055212 -0.122950 0.990876
vn 0.000000 -0.999868 0.016250
vn 0.193576 -0.043246 0.980132
vn 0.009713 0.122259 0.992451
vn 0.072281 -0.109472 0.991358
vn 0.000000 -0.999907 0.013664
vn -0.986932 -0.110053 0.117702
vn -0.978321 0.129165 0.161880
vn 0.006031 -0.016146 0.999851
vn -0.000441 -0.025942 0.999663
vn -0.088276 -0.161913 0.982849
vn -0.031893 -0.149564 -0.988237
vn -0.014197 -0.022896 0.999637
vn -0.051120 -0.038724 0.997942
vn -0.042282 -0.021698 0.998870
vn -0.065210 0.000000 0.997872
vn -0.046906 -0.164118 -0.985325
vn 0.006173 -0.120578 -0.992685
vn 0.038467 -0.135981 -0.989964
vn 0.027031 -0.113316 -0.993191
vn 0.367153 -0.151241 -0.917783
vn 0.555745 -0.029203 -0.830840
vn 0.600174 -0.358636 0.714963
vn 0.061802 0.000000 0.998088
vn 0.040132 -0.992262 0.117498
vn 0.124345 -0.923041 0.364052
vn 0.023702 -0.991622 0.126981
vn 0.600509 -0.358217 0.714891
vn -0.915662 -0.186585 0.356018
vn 0.516617 -0.200232 -0.832475
vn 0.153978 -0.957498 0.243902
vn 0.112222 -0.926529 0.359096
vn 0.052894 -0.030940 0.998121
vn 0.044225 -0.016633 0.998883
vn -0.000021 -1.000000 -0.000001
vn -0.029574 -0.099995 -0.994548
vn -0.007021 -0.094335 -0.995516
vn -0.024596 -0.103921 -0.994281
vn -0.026520 -0.107580 -0.993843
vn -0.043976 -0.148301 -0.987964
vn 0.634450 -0.159684 0.756290
vn 0.000000 -1.000000 0.000000
vn 0.970476 -0.136441 -0.198897
vn 0.000000 -1.000000 0.000000
vn -0.584262 0.416768 -0.696379
vn 0.515327 0.597129 0.614716
vn -0.555790 -0.029893 0.830785
vn -0.600083 -0.358335 -0.715190
vn -0.243907 0.455865 0.855977
vn 0.584669 0.416175 -0.696391
vn 0.633983 0.164136 0.755729
vn -0.367152 -0.152216 0.917622
vn -0.600050 -0.358375 -0.715197
vn 0.000000 -1.000000 0.000000
vn 0.915662 -0.186585 -0.356018
vn -0.520525 0.457194 0.721130
vn 0.800949 0.457094 -0.386710
vn -0.305957 -0.259076 0.916117
vn -0.577108 -0.174836 0.797734
vn 0.554396 -0.424592 0.715798
vn -0.635688 0.151279 -0.756978
vn 0.999315 -0.030799 -0.020515
vn -0.193569 -0.044158 0.980092
vn 0.000000 -1.000000 0.000000
vn 0.917156 -0.017310 -0.398152
vn -0.584359 0.415728 -0.696918
vn 0.000000 -1.000000 0.000000
vn 0.885248 0.455980 -0.091747
vn -0.584317 0.416175 -0.696686
vn 0.000000 -1.000000 0.000000
vn 0.961936 -0.238611 -0.133206
vn -0.266325 -0.305863 0.914067
vn -0.516644 -0.201064 0.832257
vn 0.000000 -1.000000 0.000000
vn -0.584317 0.416175 -0.696686
vn 0.000000 -1.000000 0.000000
vn 0.986918 -0.110182 -0.117700
vn 0.599656 -0.361019 0.714198
vn 0.959318 -0.265904 -0.094891
vn 0.000000 -1.000000 0.000000
vn 0.970476 -0.136441 0.198897
vn 0.000000 -1.000000 0.000000
vn 0.978325 0.129068 -0.161928
vn -0.009714 0.121680 -0.992522
vn 0.903254 -0.084570 -0.420691
vn 0.889206 -0.164864 -0.426770
vn 0.999315 -0.030799 0.020515
vn -0.243907 0.455865 -0.855977
vn -0.584317 0.416175 0.696686
vn -0.584610 0.415582 0.696794
vn -0.584317 0.416175 0.696686
vn 0.800949 0.457094 0.386710
vn -0.584096 0.416623 0.696604
vn 0.000000 -1.000000 0.000000
vn 0.000000 -1.000000 0.000000
vn -0.509547 -0.479425 -0.714502
vn -0.512882 -0.524494 -0.679601
vn -0.052136 0.475659 -0.878083
vn -0.520525 0.457194 -0.721130
vn -0.555790 -0.029893 -0.830785
vn -0.055204 -0.124032 -0.990741
vn -0.600083 -0.358335 0.715190
vn 0.873817 0.475702 -0.100755
vn 0.885248 0.455980 0.091747
vn 0.915662 -0.186585 0.356018
vn -0.600050 -0.358375 0.715197
vn 0.917156 -0.017310 0.398152
vn -0.193569 -0.044158 -0.980092
vn -0.999318 -0.030721 0.020504
vn 0.193576 -0.043246 -0.980132
vn 0.584341 0.416838 -0.696270
vn -0.800949 0.457094 -0.386710
vn 0.995363 -0.020468 0.093991
vn -0.000186 -0.022972 0.999736
vn 0.520525 0.457194 -0.721130
vn 0.243907 0.455865 -0.855977
vn -0.885231 0.456028 0.091678
vn -0.515664 0.597129 -0.614433
vn 0.197345 -0.963994 0.178243
vn 0.000000 -0.002838 0.999996
vn 0.290729 -0.956804 0.001485
vn 0.003857 -0.018089 0.999829
vn -0.917274 -0.017259 0.397884
vn -0.634535 -0.158866 -0.756391
vn -0.634044 0.164576 -0.755582
vn 0.015489 -0.020745 0.999665
vn 0.991602 0.000000 0.129325
vn -0.006031 -0.016492 0.999846
vn 0.584341 0.416838 0.696270
vn 0.584669 0.416175 0.696391
vn 0.584669 0.416175 0.696391
vn 0.585103 0.415297 0.696551
vn -0.003658 -0.017154 0.999846
vn -0.800949 0.457094 0.386710
vn 0.000000 -1.000000 0.000000
vn -0.013537 -0.032400 0.999383
vn 0.000000 -1.000000 0.000000
vn 0.000000 -1.000000 0.000000
vn -0.001788 -0.005180 0.999985
vn 0.000000 -1.000000 0.000000
vn 0.000000 -1.000000 0.000000
vn 0.000113 -0.074698 -0.997206
vn -0.970487 -0.136486 -0.198813
vn -0.999318 -0.030721 -0.020504
vn 0.012097 -0.027570 0.999547
vn 0.013348 -0.027657 0.999528
vn -0.029980 -0.127388 -0.991400
vn -0.006172 -0.122671 -0.992428
vn 0.028006 -0.131336 -0.990942
vn 0.141371 0.443924 0.884842
vn -0.000584 -1.000000 -0.000645
vn -0.000043 -1.000000 0.000000
vn 0.022437 -0.111908 -0.993465
vn 0.027991 -0.104455 -0.994136
vn 0.007238 -0.093295 -0.995612
vn 0.036700 -0.124854 -0.991496
vn 0.029658 -0.099180 -0.994627
vn 0.026353 -0.101787 -0.994457
vn -0.000849 -0.999999 0.000923
vn 0.861779 0.001761 0.507281
vn -0.791902 0.043858 0.609071
vn -0.856186 -0.002282 -0.516662
vn -0.834995 0.106059 0.539940
vn -0.037126 -0.998376 -0.043219
vn 0.889924 0.184307 -0.417212
vn 0.863954 0.125418 -0.487702
vn 0.877072 0.118447 -0.465526
vn 0.073307 -0.032659 -0.996775
vn 0.664130 0.007388 0.747581
vn 0.973265 -0.102021 0.205784
vn 0.648212 -0.018781 0.761228
vn -0.608166 0.145728 -0.780319
vn -0.033399 -0.998692 -0.038726
vn -0.709304 0.439428 -0.551172
vn 0.143783 -0.076162 -0.986674
vn 0.884660 0.154998 0.439719
vn -0.605935 0.144928 -0.782201
vn 0.902914 0.220621 -0.368881
vn -0.041030 -0.998312 0.041109
vn -0.515805 -0.336376 -0.787906
vn 0.998204 -0.058252 0.013998
vn 0.995834 -0.089805 -0.015792
vn 0.052283 -0.081595 0.995293
vn -0.039867 -0.052135 0.997844
vn -0.314858 -0.095087 -0.944364
vn 0.973265 -0.102021 0.205784
vn 0.621541 -0.060136 0.781070
vn -0.353648 0.446361 -0.822007
vn 0.903564 0.201802 0.377953
vn 0.910790 0.218424 -0.350360
vn -0.343925 0.445388 -0.826647
vn -0.820338 0.411275 -0.397365
vn -0.039595 -0.998405 0.040239
vn 0.929027 0.250121 0.272670
vn 0.923111 0.252634 0.289900
vn -0.476234 -0.611220 0.632149
vn 0.691964 -0.630816 -0.351080
vn -0.003585 0.999985 -0.004102
vn -0.899875 0.371383 -0.228689
vn 0.413463 0.246657 -0.876475
vn -0.002039 -0.999994 -0.002772
vn -0.001421 -0.999998 0.001665
vn 0.776036 0.430971 -0.460470
vn 0.772290 0.426768 -0.470571
vn -0.161228 -0.629879 0.759775
vn -0.264925 -0.656722 0.706068
vn 0.000000 1.000000 0.000000
vn -0.001280 0.999995 -0.003040
vn 0.000000 1.000000 0.000000
vn -0.899969 0.372707 -0.226153
vn 0.000000 0.445300 -0.895381
vn 0.000000 0.445300 -0.895381
vn 0.790180 0.425075 0.441505
vn 0.793321 0.428649 0.432322
vn 0.455934 -0.705194 0.542979
vn 0.794554 -0.597764 0.106594
vn 0.187322 0.331322 -0.924736
vn -0.689509 0.481342 -0.541190
vn -0.690069 0.481215 0.540589
vn -0.685108 0.477423 0.550176
vn -0.685108 0.477423 0.550176
vn 0.427303 0.486397 0.762122
vn 0.690069 0.481215 0.540589
vn 0.439072 0.486364 0.755424
vn 0.685108 0.477423 0.550176
vn 0.000000 -1.000000 0.000000
vn -0.684729 0.477693 -0.550415
vn 0.000021 -1.000000 -0.000001
vn 0.430748 -0.742352 0.513196
vn 0.694678 0.477075 -0.538351
vn 0.000000 0.445300 0.895381
vn 0.000000 0.445300 0.895381
vn 0.000000 0.445300 -0.895381
vn 0.438894 0.486748 -0.755281
vn 0.427121 0.487063 -0.761799
vn 0.684729 0.477693 -0.550415
vn 0.000000 0.445300 0.895381
vn 0.000000 0.445300 0.895381
vn 0.155596 0.440268 -0.884282
vn 0.689509 0.481342 -0.541190
vn 0.141937 0.444599 -0.884413
vn 0.000000 0.445300 -0.895381
vn -0.314858 -0.095087 -0.944364
vn 0.024805 -0.100014 0.994677
vn 0.026563 -0.111083 0.993456
vn 0.312915 -0.949781 -0.001075
vn 0.290569 -0.956853 -0.001482
vn 0.124086 -0.923609 -0.362696
vn 0.026220 -0.098898 0.994752
vn -0.407905 0.251463 0.877713
vn 0.881550 0.150408 -0.447489
vn 0.596913 0.456727 0.659618
vn 0.647834 0.480251 0.591329
vn 0.647834 0.480251 0.591329
vn -0.017178 0.703358 0.710628
vn 0.602478 -0.348534 -0.718015
vn 0.090566 0.727932 0.679642
vn -0.729780 0.557209 -0.396155
vn 0.303163 0.682879 0.664657
vn 0.129737 0.734535 0.666053
vn -0.707006 0.682618 -0.184866
vn -0.685067 0.727924 0.028471
vn -0.678482 0.734513 -0.012333
vn -0.846138 -0.121554 -0.518918
vn 0.626108 -0.225748 -0.746342
vn 0.627927 -0.213590 -0.748390
vn 0.657253 -0.122204 0.743697
vn 0.658551 -0.123397 0.742350
vn -0.141371 0.443924 0.884842
vn -0.438599 0.486913 -0.755345
vn -0.154235 0.440704 -0.884303
vn -0.959120 -0.245176 -0.141341
vn 0.273682 -0.311366 0.910027
vn -0.921217 -0.293608 0.255250
vn -0.091444 -0.323968 0.941638
vn 0.001132 -0.999999 0.000767
vn 0.000643 -1.000000 -0.000703
vn -0.427121 0.487063 -0.761799
vn -0.884769 -0.166251 -0.435367
vn -0.956862 -0.271566 -0.103280
vn -0.899103 -0.361157 0.247346
vn -0.046918 -0.373453 0.926462
vn -0.994419 -0.026660 -0.102079
vn 0.008462 -0.015386 -0.999846
vn 0.001850 -0.008678 -0.999961
vn 0.010818 -0.016829 -0.999800
vn 0.001615 -0.016208 -0.999867
vn 0.006031 -0.006264 -0.999962
vn 0.344852 0.441245 0.828480
vn 0.000000 1.000000 0.000000
vn 0.692402 0.437780 0.573523
vn 0.354665 0.442287 0.823769
vn 0.814256 0.410926 -0.410034
vn 0.000000 1.000000 0.000000
vn -0.025083 -0.999045 -0.035777
vn 0.000000 1.000000 0.000000
vn -0.002260 0.999978 0.006184
vn 0.000000 1.000000 0.000000
vn -0.185999 0.328113 0.926146
vn -0.412630 0.244460 0.877482
vn 0.000000 1.000000 0.000000
vn 0.888266 0.374402 0.266095
vn 0.000000 1.000000 0.000000
vn 0.000000 1.000000 0.000000
vn 0.003245 0.999993 0.001574
vn -0.608704 0.145307 0.779978
vn 0.000000 -1.000000 0.000000
vn -0.061802 0.000000 -0.998088
vn 0.000000 -1.000000 0.000000
vn 0.799651 0.412877 0.435994
vn 0.888340 0.374683 0.265453
vn -0.033317 -0.998729 -0.037832
vn 0.000000 1.000000 0.000000
vn 0.354048 0.443263 -0.823510
vn -0.020420 -0.999484 -0.024802
vn -0.006883 0.999940 0.008495
vn 0.344329 0.442699 -0.827922
vn 0.007826 0.999963 -0.003434
vn -0.048796 -0.038481 -0.998067
vn -0.040159 -0.992260 -0.117502
vn -0.023671 -0.991625 -0.126963
vn -0.035158 -0.998528 -0.041307
vn 0.951926 0.306311 -0.003113
vn 0.698739 0.438725 -0.565052
vn -0.412963 0.245352 -0.877077
vn -0.020041 -0.999486 0.025008
vn 0.209967 -0.977636 -0.011898
vn 0.245720 -0.969311 -0.007612
vn 0.938628 0.222588 0.263500
vn -0.024934 -0.999305 0.027703
vn -0.186408 0.329260 -0.925657
vn -0.026017 -0.998897 0.039087
vn 0.001078 0.999999 -0.000940
vn 0.282687 -0.959198 -0.005275
vn 0.021038 -0.106003 0.994143
vn -0.031840 -0.998916 0.033945
vn 0.692133 0.423222 0.584667
vn 0.673650 0.421421 -0.607125
vn 0.550940 0.400288 0.732280
vn 0.541445 0.402941 -0.737886
vn 0.550940 0.400288 -0.732280
vn 0.681279 0.422860 -0.597536
vn 0.000000 -1.000000 0.000000
vn 0.000000 -1.000000 0.000000
vn 0.289801 -0.957082 -0.003133
vn 0.238870 -0.971045 -0.003696
vn 0.684638 0.422342 0.594053
vn 0.540952 0.403077 0.738174
vn 0.933795 0.357809 0.000000
vn 0.933795 0.357809 0.000000
vn 0.933795 0.357809 0.000000
vn 0.000000 1.000000 0.000000
vn 0.000000 1.000000 0.000000
vn 0.000000 1.000000 0.000000
vn 0.000000 1.000000 0.000000
vn 0.000000 1.000000 0.000000
vn 0.933795 0.357809 0.000000
vn 0.000000 1.000000 0.000000
vn -0.141371 0.443924 0.884842
vn 0.000000 1.000000 0.000000
vn 0.000000 1.000000 0.000000
vn -0.866192 -0.079661 -0.493321
vn 0.514138 -0.522679 -0.680051
vn 0.510849 -0.478630 -0.714105
vn 0.623780 -0.095367 0.775760
vn 0.000000 1.000000 0.000000
vn -0.427303 0.486397 0.762122
vn -0.934076 -0.170268 0.313863
vn -0.919697 -0.256894 0.296923
vn -0.104332 -0.254595 0.961403
vn -0.145667 -0.163956 0.975653
vn 0.650494 -0.150159 0.744520
vn 0.613400 -0.159736 0.773450
vn 0.642482 0.018146 -0.766086
vn 0.637983 0.121513 -0.760403
vn -0.095620 -0.186122 -0.977863
vn -0.995070 -0.018480 -0.097433
vn 0.003965 0.999991 0.001740
vn 0.413023 0.244841 0.877192
vn 0.033361 -0.998593 0.041216
vn 0.186672 0.329002 0.925695
vn 0.000000 1.000000 0.000000
vn -0.000099 1.000000 0.000086
vn 0.038412 -0.998975 -0.023957
vn 0.042105 -0.998368 -0.038590
vn 0.048908 -0.997171 -0.057083
vn 0.044946 -0.997928 -0.046041
vn 0.000000 1.000000 0.000000
vn 0.146948 0.363906 -0.919771
vn 0.606296 0.145673 -0.781783
vn 0.020037 -0.999487 0.024992
vn 0.001437 0.999999 -0.000870
vn -0.933795 0.357809 0.000000
vn -0.933795 0.357809 0.000000
vn -0.006910 0.999975 -0.001620
vn 0.025039 -0.999010 0.036771
vn -0.933795 0.357809 0.000000
vn -0.933795 0.357809 0.000000
vn -0.917217 0.198798 -0.345241
vn -0.913123 0.216918 -0.345185
vn 0.000000 -1.000000 0.000000
vn 0.998226 -0.059531 0.000000
vn 0.000000 -1.000000 0.000000
vn -0.023465 -0.991728 0.126191
vn -0.775137 0.049039 0.629887
vn 0.034768 -0.998506 0.042154
vn 0.026604 -0.999070 0.033945
vn -0.004539 0.999903 -0.013186
vn 0.608704 0.145307 0.779978
vn 0.408185 0.251565 0.877554
vn 0.009897 0.999643 -0.024799
vn 0.031070 0.998807 -0.037670
vn 0.000000 1.000000 0.000000
vn 0.000000 1.000000 0.000000
vn 0.000000 1.000000 0.000000
vn 0.994564 -0.100807 0.026095
vn 0.994121 -0.107647 0.011615
vn -0.354502 0.444130 0.822847
vn -0.955044 0.295231 -0.027026
vn -0.008884 0.999946 0.005383
vn -0.550940 0.400288 0.732280
vn -0.673650 0.421421 -0.607125
vn -0.673535 0.421754 0.607021
vn 0.000244 1.000000 0.000212
vn -0.000347 -0.970965 -0.239220
vn 0.000000 -0.972308 -0.233703
vn -0.713827 0.436273 0.547829
vn -0.344699 0.442584 0.827830
vn -0.843249 0.400412 0.358611
vn -0.947792 0.247375 -0.201236
vn -0.681279 0.422860 -0.597536
vn -0.541445 0.402941 -0.737886
vn -0.681222 0.423022 0.597486
vn -0.540952 0.403077 0.738174
vn 0.000148 -0.988782 -0.149369
vn -0.017197 -0.999852 0.000771
vn -0.012877 0.999795 0.015601
vn -0.776036 0.430971 0.460470
vn -0.772393 0.426883 0.470297
vn -0.912229 0.234254 -0.336100
vn -0.919153 0.232201 -0.318184
vn 0.000000 1.000000 0.000000
vn 0.002224 -0.999993 -0.002975
vn 0.000000 1.000000 0.000000
vn 0.000000 1.000000 0.000000
vn -0.772290 0.426768 -0.470571
vn -0.776036 0.430971 -0.460470
vn 0.000521 -0.999999 0.000878
vn 0.995825 -0.089968 0.015450
vn 0.000000 0.001703 -0.999999
vn -0.924726 0.244070 0.292081
vn -0.919228 0.245676 0.307674
vn 0.000000 -1.000000 0.000000
vn 0.000000 -1.000000 0.000000
vn 0.000000 -1.000000 0.000000
vn 0.000000 -1.000000 0.000000
vn -0.013659 -0.020565 -0.999695
vn -0.000606 -0.003875 -0.999992
vn -0.014912 -0.037010 -0.999204
vn 0.000317 -0.025354 -0.999678
vn -0.004351 -0.020402 -0.999782
vn -0.550940 0.400288 -0.732280
vn -0.879846 0.174111 0.442217
vn 0.113064 -0.926771 -0.358208
vn 0.197807 -0.963974 -0.177841
vn 0.154431 -0.957590 -0.243253
vn 0.026489 -0.102596 0.994370
vn 0.035744 -0.121773 0.991914
vn 0.007927 -0.094746 0.995470
vn -0.021214 -0.999592 0.019130
vn 0.009331 -0.999956 0.001275
vn -0.314858 -0.095087 -0.944364
vn 0.691964 -0.630816 0.351080
vn 0.035989 -0.998548 0.040094
vn 0.973265 -0.102021 0.205784
vn 0.868097 -0.022773 0.495871
vn 0.794554 -0.597764 -0.106594
vn -0.034545 -0.586038 -0.809547
vn 0.765140 -0.643361 0.025446
vn -0.050199 -0.619745 -0.783196
vn -0.604628 -0.241895 0.758889
vn -0.629523 -0.203213 0.749937
vn -0.512630 -0.527893 0.677155
vn -0.509572 -0.485042 0.710683
vn 0.770702 -0.631315 -0.086367
vn 0.728655 -0.671390 0.135269
vn -0.161228 -0.629879 -0.759775
vn -0.350185 -0.299245 -0.887594
vn -0.648205 0.479860 -0.591239
vn 0.017143 0.703367 -0.710620
vn -0.648205 0.479860 -0.591239
vn -0.129737 0.734535 -0.666053
vn -0.794554 -0.597764 -0.106594
vn -0.455934 -0.705194 -0.542979
vn -0.430748 -0.742352 -0.513196
vn 0.161228 -0.629879 -0.759775
vn 0.000035 -0.999983 0.005814
vn 0.694678 0.477075 0.538351
vn -0.587631 -0.172235 -0.790585
vn -0.563462 -0.216555 -0.797254
vn -0.728655 -0.671390 0.135269
vn -0.728655 -0.671390 0.135269
vn 0.074816 -0.149333 -0.985953
vn 0.985034 -0.172070 0.010036
vn -0.188216 -0.201990 -0.961132
vn 0.871261 -0.078164 0.484557
vn 0.678482 0.734513 0.012333
vn 0.846204 -0.120869 0.518970
vn -0.626202 -0.225797 0.746249
vn -0.627904 -0.213753 0.748363
vn 0.961251 -0.126667 -0.244852
vn 0.127552 0.302496 -0.944578
vn -0.656806 -0.121196 -0.744256
vn -0.659242 -0.123430 -0.741731
vn 0.707006 0.682618 0.184866
vn 0.685067 0.727924 -0.028471
vn 0.017347 -0.999849 0.000886
vn 0.000000 -0.972308 -0.233703
vn 0.000347 -0.970964 -0.239227
vn -0.000146 -0.988714 -0.149813
vn 0.111432 0.146466 -0.982919
vn 0.805858 0.539821 -0.243281
vn 0.755600 0.452505 0.473611
vn -0.602550 -0.348231 0.718101
vn -0.597601 0.456533 -0.659129
vn -0.602432 -0.348677 0.717983
vn 0.729780 0.557209 0.396155
vn -0.633139 0.171800 0.754732
vn 0.075983 -0.072109 -0.994498
vn 0.953762 -0.046083 -0.297008
vn -0.046768 -0.077446 -0.995899
vn 0.048883 -0.047766 -0.997662
vn 0.958507 -0.267877 0.097498
vn 0.887998 -0.166900 0.428491
vn 0.922128 -0.289946 -0.256146
vn 0.091880 -0.320100 -0.942918
vn 0.775109 0.579753 -0.251183
vn -0.638157 0.119609 0.760558
vn 0.850994 -0.142390 0.505504
vn -0.610433 -0.156975 -0.776357
vn 0.878618 -0.146871 0.454377
vn 0.921762 -0.249685 -0.296670
vn 0.894596 -0.155251 0.419040
vn 0.103605 -0.246765 -0.963521
vn 0.144636 -0.158623 -0.976688
vn -0.691964 -0.630816 0.351080
vn 0.476234 -0.611220 -0.632149
vn -0.995830 -0.089841 0.015820
vn -0.998251 -0.057486 -0.013817
vn -0.303087 0.682757 -0.664817
vn -0.090517 0.727922 -0.679658
vn 0.933145 -0.110699 0.342032
vn 0.125678 -0.050345 -0.990793
vn -0.649682 -0.148783 -0.745504
vn -0.642753 0.017304 0.765878
vn -0.635394 0.151314 0.757218
vn 0.934935 -0.165274 -0.313975
vn -0.694678 0.477075 0.538351
vn 0.264925 -0.656722 -0.706068
vn -0.658232 0.005076 -0.752798
vn 0.948701 0.146291 -0.280295
vn 0.973401 0.007303 0.228993
vn -0.643429 -0.018993 -0.765270
vn -0.619656 -0.093960 -0.779229
vn 0.282687 -0.959198 0.005275
vn -0.577055 -0.174795 -0.797781
vn -0.307131 -0.259684 -0.915552
vn -0.205485 -0.978618 0.009066
vn -0.205820 -0.978572 0.005941
vn 0.000007 -0.999982 0.006067
vn 0.602480 -0.348837 0.717865
vn -0.755600 0.452505 0.473611
vn 0.994660 -0.029602 0.098869
vn 0.996921 -0.043537 0.065214
vn 0.898753 0.255453 -0.356351
vn 0.147350 0.041650 -0.988207
vn 0.318469 -0.270174 -0.908616
vn 0.584412 -0.178872 -0.791497
vn -0.547007 -0.447889 -0.707233
vn 0.637068 0.135829 0.758746
vn -0.956786 -0.250435 0.147790
vn 0.279163 -0.315284 -0.907008
vn 0.635199 0.154640 0.756709
vn 0.632786 0.175699 0.754130
vn -0.344666 0.844139 -0.410651
vn -0.707006 0.682618 0.184866
vn -0.729780 0.557209 0.396155
vn -0.323044 0.864659 -0.384718
vn -0.000035 -0.999983 0.005814
vn -0.000007 -0.999982 0.006067
vn -0.238870 -0.971045 0.003696
vn -0.177734 -0.984069 0.004307
vn 0.099140 0.542660 -0.834081
vn 0.113196 0.583692 -0.804046
vn 0.972536 -0.030238 -0.230779
vn 0.197394 0.260233 -0.945153
vn -0.984802 -0.172703 0.018376
vn -0.632938 0.174920 -0.754183
vn -0.971301 0.006007 0.237778
vn -0.928735 0.351169 0.118881
vn 0.950697 0.040978 -0.307403
vn 0.950090 -0.075772 -0.302635
vn 0.196915 -0.202562 -0.959267
vn -0.633733 -0.169091 -0.754845
vn 0.563910 -0.097083 -0.820110
vn 0.381479 -0.011841 -0.924302
vn 0.659226 -0.123605 -0.741716
vn 0.503028 -0.117353 -0.856266
vn 0.626096 -0.225828 0.746328
vn 0.514438 0.559189 -0.650124
vn 0.205485 -0.978618 0.009066
vn 0.046706 -0.363084 -0.930585
vn 0.961066 -0.240660 0.135775
vn -0.267501 -0.306925 -0.913367
vn 0.902877 -0.351733 -0.247179
vn 0.205820 -0.978572 0.005941
vn 0.284989 -0.958523 0.003815
vn -0.994561 -0.100692 0.026638
vn -0.994176 -0.106953 0.013238
vn 0.312915 -0.949781 0.001075
vn 0.995102 -0.018364 -0.097133
vn 0.039986 -0.992341 -0.116879
vn 0.994448 -0.026546 -0.101829
vn 0.991688 0.000000 -0.128665
vn -0.643515 -0.084090 -0.760800
vn -0.994765 0.021512 -0.099895
vn 0.997022 -0.039651 -0.066141
vn -0.635928 -0.155531 -0.755914
vn -0.890223 -0.158665 0.426999
vn -0.970322 -0.173002 0.168952
vn -0.596314 -0.308366 -0.741162
vn 0.338887 -0.177772 -0.923879
vn -0.597027 -0.370466 -0.711557
vn -0.197417 -0.964177 0.177167
vn -0.955063 -0.275466 0.109422
vn -0.894618 -0.086353 0.438409
vn -0.881466 -0.167654 0.441485
vn 0.512210 -0.525412 0.679399
vn -0.846130 -0.121640 0.518911
vn 0.627915 -0.213674 0.748376
vn 0.514181 -0.600047 0.612831
vn 0.575282 -0.218909 -0.788118
vn -0.504795 0.619220 -0.601455
vn 0.309834 0.333681 -0.890314
vn 0.604268 -0.239344 0.759983
vn 0.508783 -0.480384 0.714403
vn -0.932642 -0.112338 0.342869
vn -0.641385 -0.060825 -0.764804
vn 0.405177 0.292748 -0.866100
vn -0.461802 0.696232 -0.549546
vn 0.999806 -0.019720 0.000000
vn -0.993739 -0.047964 -0.100912
vn 0.023588 -0.991716 -0.126263
vn 0.999429 -0.033787 -0.000000
vn 0.650969 -0.150945 -0.743945
vn 0.637800 0.122989 0.760319
vn 0.000000 -1.000000 0.000000
vn -0.998226 -0.059531 0.000000
vn -0.994132 -0.107506 -0.012014
vn 0.000000 -1.000000 0.000000
vn 0.000347 -0.970977 0.239173
vn -0.995842 -0.089666 -0.016078
vn 0.000000 -0.972320 0.233653
vn -0.994578 -0.100350 -0.027284
vn 0.017284 -0.999850 -0.000799
vn -0.000147 -0.988772 0.149433
vn -0.998204 -0.058252 0.013998
vn 0.209967 -0.977636 0.011898
vn 0.245720 -0.969311 0.007612
vn -0.996762 -0.080403 0.000000
vn 0.238870 -0.971045 0.003696
vn 0.177734 -0.984069 0.004307
vn 0.289801 -0.957082 0.003133
vn -0.312915 -0.949781 0.001075
vn -0.284989 -0.958523 0.003815
vn 0.602478 -0.348534 0.718015
vn 0.597601 0.456533 -0.659129
vn -0.122449 -0.925096 0.359448
vn -0.112616 -0.927881 0.355464
vn -0.290566 -0.956854 0.001482
vn -0.153886 -0.958014 0.241927
vn -0.075981 -0.030843 0.996632
vn 0.642474 0.018840 0.766076
vn 0.648205 0.479860 -0.591239
vn 0.303087 0.682757 -0.664817
vn -0.850378 -0.144053 0.506069
vn -0.969813 -0.101902 -0.221537
vn -0.969813 -0.101902 -0.221537
vn 0.476234 -0.611220 0.632149
vn -0.145743 -0.074066 0.986546
vn -0.969813 -0.101902 -0.221537
vn 0.315831 -0.094007 0.944147
vn 0.315831 -0.094007 0.944147
vn 0.315831 -0.094007 0.944147
vn -0.862851 -0.027927 -0.504686
vn -0.691964 -0.630816 -0.351080
vn -0.694678 0.477075 -0.538351
vn -0.728655 -0.671390 -0.135269
vn -0.770702 -0.631315 0.086367
vn 0.602480 -0.348837 -0.717865
vn -0.755600 0.452505 -0.473611
vn -0.765140 -0.643361 -0.025446
vn -0.794554 -0.597764 0.106594
vn 0.034545 -0.586038 0.809547
vn 0.050199 -0.619745 0.783196
vn 0.573048 -0.230540 0.786427
vn 0.569012 -0.218803 0.792686
vn 0.192953 -0.202220 0.960144
vn -0.803273 0.544362 0.241708
vn -0.074202 -0.149269 0.986009
vn -0.984921 -0.172408 -0.014341
vn -0.961442 -0.126582 0.244146
vn -0.127471 0.302594 0.944557
vn -0.111196 0.146412 0.982954
vn -0.770588 0.586755 0.248822
vn -0.972186 0.007628 -0.234085
vn -0.892751 -0.156464 -0.422510
vn 0.635409 0.153495 -0.756766
vn 0.581813 -0.177357 0.793749
vn 0.633069 0.174208 -0.754238
vn 0.313160 -0.265873 0.911725
vn 0.629852 -0.200672 -0.750345
vn 0.605111 -0.237524 -0.759883
vn -0.997022 -0.039661 -0.066139
vn -0.896669 0.265005 0.354621
vn -0.950076 -0.073514 0.303236
vn -0.950362 0.046049 0.307719
vn -0.040078 -0.020552 -0.998985
vn -0.991602 0.000000 -0.129325
vn -0.972472 -0.027849 0.231349
vn -0.097930 0.547691 0.830930
vn -0.111380 0.591564 0.798528
vn -0.196188 0.270666 0.942470
vn -0.148863 0.046674 0.987756
vn -0.948821 0.146533 0.279761
vn 0.264925 -0.656722 0.706068
vn -0.126566 -0.052133 0.990587
vn -0.076223 -0.074211 0.994325
vn -0.850824 -0.143177 -0.505567
vn -0.877451 -0.148468 -0.456110
vn -0.932924 -0.111744 -0.342295
vn -0.953661 -0.047830 0.297058
vn 0.161228 -0.629879 0.759775
vn -0.197334 -0.964034 -0.178037
vn -0.025293 -0.108465 0.993778
vn -0.153973 -0.957561 -0.243659
vn -0.031944 -0.136763 0.990089
vn -0.312915 -0.949781 -0.001075
vn -0.000347 -0.970975 0.239181
vn -0.017316 -0.999850 -0.000690
vn -0.284989 -0.958523 -0.003815
vn 0.994566 -0.100560 -0.026932
vn -0.205820 -0.978572 -0.005941
vn -0.028817 -0.099844 0.994586
vn 0.177734 -0.984069 -0.004307
vn 0.035053 -0.124597 0.991588
vn -0.205485 -0.978618 -0.009066
vn -0.112243 -0.926486 -0.359201
vn 0.000000 -0.972320 0.233653
vn -0.124471 -0.922969 -0.364192
vn 0.994072 -0.108206 -0.010552
vn -0.023227 -0.104252 0.994280
vn 0.026287 -0.123276 0.992024
vn 0.000007 -0.999982 -0.006067
vn -0.006171 -0.124019 0.992261
vn 0.000035 -0.999983 -0.005814
vn 0.000146 -0.988721 0.149770
vn -0.049456 -0.165959 0.984892
vn -0.290536 -0.956863 -0.001481
vn 0.600834 -0.290494 0.744723
vn -0.633329 0.171745 -0.754585
vn -0.333168 -0.170565 0.927311
vn 0.933412 -0.110168 -0.341474
vn 0.851510 -0.141837 -0.504790
vn -0.659242 -0.123430 0.741731
vn -0.501764 -0.115890 0.857206
vn -0.648205 0.479860 0.591239
vn -0.303087 0.682757 0.664817
vn -0.602432 -0.348677 -0.717983
vn -0.602550 -0.348231 -0.718101
vn 0.707006 0.682618 -0.184866
vn 0.755600 0.452505 -0.473611
vn 0.728655 -0.671390 -0.135269
vn 0.728655 -0.671390 -0.135269
vn 0.642027 -0.056952 0.764564
vn -0.642753 0.017326 -0.765878
vn -0.638259 0.119683 -0.760461
vn -0.626202 -0.225797 -0.746249
vn -0.597601 0.456533 0.659129
vn 0.323044 0.864659 0.384718
vn -0.514438 0.559189 0.650124
vn 0.344666 0.844139 0.410651
vn 0.846204 -0.120869 -0.518970
vn -0.627904 -0.213753 -0.748363
vn 0.729780 0.557209 -0.396155
vn -0.649914 -0.148960 0.745267
vn 0.895803 -0.154237 -0.416832
vn 0.972893 -0.165113 -0.161916
vn -0.373259 -0.008624 0.927687
vn -0.547222 -0.095078 0.831570
vn 0.643401 -0.090204 0.760196
vn 0.993833 0.012630 0.110164
vn 0.933844 0.341663 -0.105834
vn -0.297656 0.325488 0.897473
vn -0.994687 -0.029485 0.098634
vn -0.039808 -0.992351 0.116857
vn -0.991688 0.000000 0.128665
vn 0.973485 0.009140 -0.228570
vn 0.474323 0.675814 0.564175
vn -0.629933 -0.202788 -0.749708
vn -0.604702 -0.238862 -0.759790
vn 0.632919 0.174884 0.754208
vn -0.999806 -0.019720 0.000000
vn -0.996921 -0.043527 0.065216
vn 0.635778 -0.160298 0.755044
vn -0.388585 0.283339 0.876767
vn 0.509983 0.608734 0.607750
vn -0.562588 -0.216438 0.797903
vn 0.633767 -0.169391 0.754749
vn 0.985008 -0.172293 -0.008583
vn -0.187566 -0.201845 0.961290
vn 0.992625 -0.052946 0.109054
vn -0.999429 -0.033787 0.000000
vn -0.995391 -0.020351 0.093712
vn 0.006174 -0.119549 0.992809
vn 0.205820 -0.978572 -0.005941
vn -0.000035 -0.999983 -0.005814
vn -0.047792 -0.167071 0.984786
vn -0.238870 -0.971045 -0.003696
vn -0.002571 -0.077110 0.997019
vn -0.282687 -0.959198 -0.005275
vn 0.016723 -0.021296 -0.999633
vn 0.054819 -0.032033 -0.997982
vn -0.006030 -0.019249 -0.999797
vn 0.000000 -0.999868 -0.016250
vn 0.996763 -0.080396 0.000000
vn 0.998251 -0.057486 -0.013817
vn -0.289801 -0.957082 -0.003133
vn -0.177734 -0.984069 -0.004307
vn -0.032208 -0.151042 0.988003
vn -0.245720 -0.969311 -0.007612
vn 0.071628 -0.107339 -0.991639
vn 0.065210 0.000000 -0.997872
vn 0.046210 -0.017985 -0.998770
vn 0.000000 -0.999907 -0.013664
vn -0.007134 -0.095081 0.995444
vn -0.209967 -0.977636 -0.011898
vn 0.000000 -0.071301 0.997455
vn -0.000007 -0.999982 -0.006067
vn 0.284989 -0.958523 -0.003815
vn 0.205485 -0.978618 -0.009066
f 498/498/498 193/193/193 209/209/209
f 495/495/495 208/208/208 266/266/266
f 711/711/711 710/710/710 714/714/714
f 717/717/717 716/716/716 715/715/715
f 97/97/97 117/117/117 118/118/118
f 97/97/97 105/105/105 117/117/117
f 105/105/105 97/97/97 103/103/103
f 115/115/115 127/127/127 130/130/130
f 130/130/130 127/127/127 110/110/110
f 104/104/104 130/130/130 110/110/110
f 128/128/128 130/130/130 104/104/104
f 110/110/110 127/127/127 106/106/106
f 100/100/100 110/110/110 106/106/106
f 104/104/104 110/110/110 100/100/100
f 106/106/106 127/127/127 126/126/126
f 114/114/114 112/112/112 116/116/116
f 113/113/113 112/112/112 114/114/114
f 123/123/123 111/111/111 122/122/122
f 131/131/131 111/111/111 123/123/123
f 107/107/107 111/111/111 131/131/131
f 121/121/121 111/111/111 107/107/107
f 131/131/131 123/123/123 511/511/511
f 124/124/124 131/131/131 511/511/511
f 107/107/107 131/131/131 124/124/124
f 511/511/511 123/123/123 203/203/203
f 511/511/511 203/203/203 510/510/510
f 510/510/510 503/503/503 511/511/511
f 501/501/501 503/503/503 510/510/510
f 549/549/549 125/125/125 129/129/129
f 547/547/547 125/125/125 549/549/549
f 547/547/547 549/549/549 532/532/532
f 532/532/532 549/549/549 533/533/533
f 533/533/533 578/578/578 532/532/532
f 532/532/532 578/578/578 561/561/561
f 578/578/578 551/551/551 561/561/561
f 561/561/561 551/551/551 579/579/579
f 551/551/551 504/504/504 579/579/579
f 579/579/579 504/504/504 505/505/505
f 505/505/505 504/504/504 506/506/506
f 506/506/506 504/504/504 507/507/507
f 87/87/87 93/93/93 99/99/99
f 87/87/87 77/77/77 93/93/93
f 77/77/77 87/87/87 90/90/90
f 88/88/88 91/91/91 80/80/80
f 85/85/85 91/91/91 88/88/88
f 85/85/85 74/74/74 91/91/91
f 91/91/91 74/74/74 69/69/69
f 74/74/74 72/72/72 69/69/69
f 86/86/86 72/72/72 74/74/74
f 86/86/86 70/70/70 72/72/72
f 72/72/72 70/70/70 79/79/79
f 88/88/88 66/66/66 85/85/85
f 66/66/66 64/64/64 85/85/85
f 85/85/85 64/64/64 74/74/74
f 64/64/64 86/86/86 74/74/74
f 75/75/75 86/86/86 64/64/64
f 75/75/75 70/70/70 86/86/86
f 96/96/96 70/70/70 75/75/75
f 78/78/78 66/66/66 88/88/88
f 98/98/98 92/92/92 68/68/68
f 89/89/89 92/92/92 98/98/98
f 71/71/71 802/802/802 76/76/76
f 803/803/803 802/802/802 71/71/71
f 803/803/803 811/811/811 802/802/802
f 802/802/802 811/811/811 817/817/817
f 811/811/811 809/809/809 817/817/817
f 810/810/810 809/809/809 811/811/811
f 810/810/810 794/794/794 809/809/809
f 84/84/84 794/794/794 810/810/810
f 84/84/84 834/834/834 794/794/794
f 833/833/833 834/834/834 84/84/84
f 833/833/833 120/120/120 834/834/834
f 834/834/834 120/120/120 119/119/119
f 163/163/163 65/65/65 67/67/67
f 163/163/163 161/161/161 65/65/65
f 161/161/161 163/163/163 164/164/164
f 135/135/135 14/14/14 15/15/15
f 15/15/15 14/14/14 167/167/167
f 166/166/166 15/15/15 167/167/167
f 13/13/13 15/15/15 166/166/166
f 167/167/167 14/14/14 31/31/31
f 30/30/30 167/167/167 31/31/31
f 166/166/166 167/167/167 30/30/30
f 31/31/31 14/14/14 12/12/12
f 73/73/73 8/8/8 134/134/134
f 4/4/4 8/8/8 73/73/73
f 21/21/21 5/5/5 6/6/6
f 26/26/26 5/5/5 21/21/21
f 27/27/27 5/5/5 26/26/26
f 7/7/7 5/5/5 27/27/27
f 26/26/26 21/21/21 23/23/23
f 24/24/24 26/26/26 23/23/23
f 27/27/27 26/26/26 24/24/24
f 23/23/23 21/21/21 20/20/20
f 723/723/723 18/18/18 17/17/17
f 279/279/279 18/18/18 723/723/723
f 279/279/279 723/723/723 288/288/288
f 288/288/288 723/723/723 289/289/289
f 289/289/289 397/397/397 288/288/288
f 288/288/288 397/397/397 398/398/398
f 397/397/397 743/743/743 398/398/398
f 398/398/398 743/743/743 741/741/741
f 743/743/743 746/746/746 741/741/741
f 741/741/741 746/746/746 745/745/745
f 745/745/745 746/746/746 386/386/386
f 386/386/386 746/746/746 387/387/387
f 1/1/1 158/158/158 160/160/160
f 1/1/1 2/2/2 158/158/158
f 2/2/2 1/1/1 10/10/10
f 146/146/146 140/140/140 157/157/157
f 132/132/132 140/140/140 146/146/146
f 132/132/132 148/148/148 140/140/140
f 140/140/140 148/148/148 141/141/141
f 148/148/148 139/139/139 141/141/141
f 133/133/133 139/139/139 148/148/148
f 133/133/133 45/45/45 139/139/139
f 139/139/139 45/45/45 138/138/138
f 146/146/146 9/9/9 132/132/132
f 9/9/9 147/147/147 132/132/132
f 132/132/132 147/147/147 148/148/148
f 147/147/147 133/133/133 148/148/148
f 44/44/44 133/133/133 147/147/147
f 44/44/44 45/45/45 133/133/133
f 53/53/53 45/45/45 44/44/44
f 52/52/52 9/9/9 146/146/146
f 154/154/154 153/153/153 155/155/155
f 152/152/152 153/153/153 154/154/154
f 46/46/46 594/594/594 51/51/51
f 699/699/699 594/594/594 46/46/46
f 699/699/699 632/632/632 594/594/594
f 594/594/594 632/632/632 663/663/663
f 632/632/632 706/706/706 663/663/663
f 679/679/679 706/706/706 632/632/632
f 679/679/679 607/607/607 706/706/706
f 606/606/606 607/607/607 679/679/679
f 606/606/606 668/668/668 607/607/607
f 603/603/603 668/668/668 606/606/606
f 150/150/150 136/136/136 596/596/596
f 596/596/596 136/136/136 677/677/677
f 597/597/597 596/596/596 677/677/677
f 674/674/674 597/597/597 677/677/677
f 674/674/674 677/677/677 650/650/650
f 650/650/650 677/677/677 646/646/646
f 677/677/677 644/644/644 646/646/646
f 646/646/646 644/644/644 647/647/647
f 47/47/47 56/56/56 57/57/57
f 57/57/57 56/56/56 149/149/149
f 56/56/56 28/28/28 149/149/149
f 28/28/28 137/137/137 149/149/149
f 137/137/137 151/151/151 149/149/149
f 151/151/151 156/156/156 149/149/149
f 156/156/156 159/159/159 149/149/149
f 162/162/162 149/149/149 159/159/159
f 149/149/149 162/162/162 36/36/36
f 162/162/162 143/143/143 36/36/36
f 169/169/169 36/36/36 143/143/143
f 168/168/168 36/36/36 169/169/169
f 145/145/145 36/36/36 168/168/168
f 32/32/32 36/36/36 145/145/145
f 33/33/33 36/36/36 32/32/32
f 34/34/34 36/36/36 33/33/33
f 37/37/37 36/36/36 34/34/34
f 37/37/37 38/38/38 36/36/36
f 39/39/39 38/38/38 37/37/37
f 540/540/540 50/50/50 48/48/48
f 543/543/543 50/50/50 540/540/540
f 542/542/542 543/543/543 540/540/540
f 541/541/541 543/543/543 542/542/542
f 541/541/541 542/542/542 683/683/683
f 683/683/683 542/542/542 680/680/680
f 684/684/684 683/683/683 680/680/680
f 686/686/686 683/683/683 684/684/684
f 684/684/684 689/689/689 686/686/686
f 688/688/688 689/689/689 684/684/684
f 689/689/689 688/688/688 676/676/676
f 676/676/676 688/688/688 645/645/645
f 49/49/49 54/54/54 55/55/55
f 54/54/54 142/142/142 55/55/55
f 144/144/144 142/142/142 54/54/54
f 142/142/142 144/144/144 643/643/643
f 643/643/643 144/144/144 640/640/640
f 643/643/643 640/640/640 639/639/639
f 639/639/639 640/640/640 634/634/634
f 634/634/634 613/613/613 639/639/639
f 639/639/639 613/613/613 612/612/612
f 612/612/612 613/613/613 615/615/615
f 615/615/615 613/613/613 614/614/614
f 615/615/615 614/614/614 3/3/3
f 3/3/3 614/614/614 22/22/22
f 3/3/3 22/22/22 19/19/19
f 19/19/19 22/22/22 16/16/16
f 19/19/19 16/16/16 29/29/29
f 29/29/29 16/16/16 25/25/25
f 691/691/691 29/29/29 25/25/25
f 692/692/692 29/29/29 691/691/691
f 588/588/588 692/692/692 691/691/691
f 696/696/696 692/692/692 588/588/588
f 694/694/694 696/696/696 588/588/588
f 695/695/695 696/696/696 694/694/694
f 593/593/593 695/695/695 694/694/694
f 520/520/520 695/695/695 593/593/593
f 520/520/520 593/593/593 592/592/592
f 592/592/592 593/593/593 591/591/591
f 698/698/698 592/592/592 591/591/591
f 697/697/697 592/592/592 698/698/698
f 698/698/698 703/703/703 697/697/697
f 697/697/697 703/703/703 657/657/657
f 704/704/704 657/657/657 703/703/703
f 702/702/702 657/657/657 704/704/704
f 701/701/701 702/702/702 704/704/704
f 180/180/180 181/181/181 177/177/177
f 177/177/177 181/181/181 178/178/178
f 177/177/177 178/178/178 179/179/179
f 179/179/179 178/178/178 43/43/43
f 43/43/43 178/178/178 41/41/41
f 41/41/41 178/178/178 35/35/35
f 35/35/35 178/178/178 40/40/40
f 178/178/178 11/11/11 40/40/40
f 165/165/165 11/11/11 178/178/178
f 165/165/165 178/178/178 60/60/60
f 176/176/176 165/165/165 60/60/60
f 42/42/42 176/176/176 60/60/60
f 172/172/172 42/42/42 60/60/60
f 171/171/171 172/172/172 60/60/60
f 170/170/170 171/171/171 60/60/60
f 63/63/63 170/170/170 60/60/60
f 62/62/62 63/63/63 60/60/60
f 61/61/61 62/62/62 60/60/60
f 59/59/59 62/62/62 61/61/61
f 173/173/173 247/247/247 273/273/273
f 245/245/245 247/247/247 173/173/173
f 248/248/248 247/247/247 245/245/245
f 246/246/246 247/247/247 248/248/248
f 241/241/241 293/293/293 250/250/250
f 250/250/250 293/293/293 301/301/301
f 301/301/301 293/293/293 412/412/412
f 412/412/412 293/293/293 294/294/294
f 243/243/243 244/244/244 242/242/242
f 390/390/390 244/244/244 243/243/243
f 254/254/254 260/260/260 255/255/255
f 261/261/261 260/260/260 254/254/254
f 257/257/257 264/264/264 262/262/262
f 258/258/258 264/264/264 257/257/257
f 258/258/258 257/257/257 259/259/259
f 259/259/259 257/257/257 263/263/263
f 265/265/265 235/235/235 256/256/256
f 234/234/234 235/235/235 265/265/265
f 237/237/237 360/360/360 236/236/236
f 236/236/236 360/360/360 370/370/370
f 370/370/370 360/360/360 371/371/371
f 371/371/371 360/360/360 362/362/362
f 227/227/227 365/365/365 226/226/226
f 361/361/361 365/365/365 227/227/227
f 361/361/361 363/363/363 365/365/365
f 365/365/365 363/363/363 364/364/364
f 217/217/217 212/212/212 218/218/218
f 199/199/199 212/212/212 217/217/217
f 199/199/199 352/352/352 212/212/212
f 346/346/346 352/352/352 199/199/199
f 346/346/346 316/316/316 352/352/352
f 347/347/347 316/316/316 346/346/346
f 347/347/347 340/340/340 316/316/316
f 337/337/337 340/340/340 347/347/347
f 354/354/354 340/340/340 337/337/337
f 348/348/348 340/340/340 354/354/354
f 200/200/200 348/348/348 354/354/354
f 195/195/195 348/348/348 200/200/200
f 188/188/188 213/213/213 201/201/201
f 274/274/274 213/213/213 188/188/188
f 189/189/189 274/274/274 188/188/188
f 190/190/190 274/274/274 189/189/189
f 329/329/329 273/273/273 323/323/323
f 323/323/323 273/273/273 322/322/322
f 322/322/322 312/312/312 323/323/323
f 315/315/315 312/312/312 322/322/322
f 315/315/315 314/314/314 312/312/312
f 312/312/312 314/314/314 333/333/333
f 314/314/314 334/334/334 333/333/333
f 333/333/333 334/334/334 325/325/325
f 366/366/366 367/367/367 330/330/330
f 330/330/330 367/367/367 332/332/332
f 367/367/367 224/224/224 332/332/332
f 332/332/332 224/224/224 225/225/225
f 224/224/224 174/174/174 225/225/225
f 225/225/225 174/174/174 182/182/182
f 182/182/182 202/202/202 225/225/225
f 225/225/225 202/202/202 216/216/216
f 202/202/202 359/359/359 216/216/216
f 216/216/216 359/359/359 353/353/353
f 353/353/353 359/359/359 349/349/349
f 174/174/174 224/224/224 196/196/196
f 196/196/196 224/224/224 187/187/187
f 187/187/187 345/345/345 196/196/196
f 335/335/335 345/345/345 187/187/187
f 335/335/335 338/338/338 345/345/345
f 345/345/345 338/338/338 318/318/318
f 349/349/349 359/359/359 355/355/355
f 174/174/174 58/58/58 182/182/182
f 175/175/175 58/58/58 174/174/174
f 175/175/175 251/251/251 58/58/58
f 58/58/58 251/251/251 249/249/249
f 249/249/249 251/251/251 299/299/299
f 299/299/299 251/251/251 300/300/300
f 299/299/299 300/300/300 471/471/471
f 471/471/471 430/430/430 299/299/299
f 403/403/403 430/430/430 471/471/471
f 403/403/403 429/429/429 430/430/430
f 497/497/497 429/429/429 403/403/403
f 497/497/497 414/414/414 429/429/429
f 429/429/429 414/414/414 419/419/419
f 471/471/471 300/300/300 466/466/466
f 478/478/478 471/471/471 466/466/466
f 476/476/476 471/471/471 478/478/478
f 476/476/476 478/478/478 477/477/477
f 477/477/477 478/478/478 479/479/479
f 410/410/410 466/466/466 300/300/300
f 409/409/409 466/466/466 410/410/410
f 410/410/410 408/408/408 409/409/409
f 407/407/407 408/408/408 410/410/410
f 494/494/494 408/408/408 407/407/407
f 493/493/493 408/408/408 494/494/494
f 376/376/376 379/379/379 375/375/375
f 377/377/377 379/379/379 376/376/376
f 379/379/379 377/377/377 378/378/378
f 378/378/378 377/377/377 356/356/356
f 356/356/356 324/324/324 378/378/378
f 378/378/378 324/324/324 319/319/319
f 319/319/319 336/336/336 378/378/378
f 378/378/378 336/336/336 326/326/326
f 383/383/383 326/326/326 336/336/336
f 321/321/321 326/326/326 383/383/383
f 321/321/321 383/383/383 384/384/384
f 324/324/324 356/356/356 341/341/341
f 341/341/341 356/356/356 328/328/328
f 328/328/328 320/320/320 341/341/341
f 339/339/339 320/320/320 328/328/328
f 339/339/339 317/317/317 320/320/320
f 320/320/320 317/317/317 327/327/327
f 384/384/384 383/383/383 313/313/313
f 319/319/319 324/324/324 389/389/389
f 389/389/389 324/324/324 381/381/381
f 389/389/389 381/381/381 467/467/467
f 467/467/467 381/381/381 468/468/468
f 467/467/467 468/468/468 405/405/405
f 405/405/405 468/468/468 465/465/465
f 447/447/447 405/405/405 465/465/465
f 406/406/406 405/405/405 447/447/447
f 406/406/406 443/443/443 405/405/405
f 460/460/460 443/443/443 406/406/406
f 460/460/460 418/418/418 443/443/443
f 443/443/443 418/418/418 431/431/431
f 431/431/431 418/418/418 434/434/434
f 401/401/401 447/447/447 465/465/465
f 415/415/415 447/447/447 401/401/401
f 231/231/231 415/415/415 401/401/401
f 221/221/221 415/415/415 231/231/231
f 221/221/221 231/231/231 230/230/230
f 230/230/230 231/231/231 232/232/232
f 434/434/434 418/418/418 435/435/435
f 447/447/447 436/436/436 406/406/406
f 406/406/406 436/436/436 411/411/411
f 411/411/411 436/436/436 437/437/437
f 437/437/437 436/436/436 438/438/438
f 372/372/372 373/373/373 374/374/374
f 380/380/380 373/373/373 372/372/372
f 382/382/382 292/292/292 433/433/433
f 390/390/390 292/292/292 382/382/382
f 470/470/470 454/454/454 469/469/469
f 469/469/469 454/454/454 445/445/445
f 445/445/445 454/454/454 455/455/455
f 455/455/455 454/454/454 485/485/485
f 462/462/462 456/456/456 461/461/461
f 446/446/446 456/456/456 462/462/462
f 446/446/446 457/457/457 456/456/456
f 456/456/456 457/457/457 444/444/444
f 464/464/464 423/423/423 463/463/463
f 422/422/422 423/423/423 464/464/464
f 422/422/422 453/453/453 423/423/423
f 442/442/442 453/453/453 422/422/422
f 442/442/442 452/452/452 453/453/453
f 450/450/450 452/452/452 442/442/442
f 450/450/450 451/451/451 452/452/452
f 441/441/441 451/451/451 450/450/450
f 404/404/404 451/451/451 441/441/441
f 402/402/402 451/451/451 404/404/404
f 433/433/433 402/402/402 404/404/404
f 432/432/432 402/402/402 433/433/433
f 486/486/486 474/474/474 475/475/475
f 186/186/186 474/474/474 486/486/486
f 428/428/428 186/186/186 486/486/486
f 184/184/184 186/186/186 428/428/428
f 421/421/421 416/416/416 420/420/420
f 417/417/417 416/416/416 421/421/421
f 412/412/412 413/413/413 223/223/223
f 223/223/223 413/413/413 240/240/240
f 240/240/240 214/214/214 223/223/223
f 211/211/211 214/214/214 240/240/240
f 211/211/211 197/197/197 214/214/214
f 214/214/214 197/197/197 215/215/215
f 197/197/197 222/222/222 215/215/215
f 215/215/215 222/222/222 233/233/233
f 388/388/388 194/194/194 210/210/210
f 192/192/192 194/194/194 388/388/388
f 385/385/385 718/718/718 185/185/185
f 385/385/385 739/739/739 718/718/718
f 385/385/385 302/302/302 739/739/739
f 739/739/739 302/302/302 734/734/734
f 734/734/734 758/758/758 739/739/739
f 758/758/758 732/732/732 739/739/739
f 739/739/739 732/732/732 738/738/738
f 732/732/732 748/748/748 738/738/738
f 738/738/738 748/748/748 750/750/750
f 302/302/302 303/303/303 734/734/734
f 303/303/303 297/297/297 734/734/734
f 734/734/734 297/297/297 735/735/735
f 735/735/735 758/758/758 734/734/734
f 302/302/302 295/295/295 303/303/303
f 295/295/295 304/304/304 303/303/303
f 303/303/303 304/304/304 297/297/297
f 740/740/740 295/295/295 302/302/302
f 740/740/740 763/763/763 295/295/295
f 762/762/762 763/763/763 740/740/740
f 762/762/762 764/764/764 763/763/763
f 287/287/287 764/764/764 762/762/762
f 295/295/295 392/392/392 304/304/304
f 391/391/391 392/392/392 295/295/295
f 391/391/391 765/765/765 392/392/392
f 764/764/764 765/765/765 391/391/391
f 748/748/748 749/749/749 750/750/750
f 750/750/750 749/749/749 753/753/753
f 529/529/529 499/499/499 183/183/183
f 529/529/529 585/585/585 499/499/499
f 529/529/529 557/557/557 585/585/585
f 585/585/585 557/557/557 527/527/527
f 527/527/527 584/584/584 585/585/585
f 584/584/584 545/545/545 585/585/585
f 585/585/585 545/545/545 560/560/560
f 545/545/545 598/598/598 560/560/560
f 560/560/560 598/598/598 624/624/624
f 557/557/557 556/556/556 527/527/527
f 556/556/556 558/558/558 527/527/527
f 527/527/527 558/558/558 534/534/534
f 534/534/534 584/584/584 527/527/527
f 557/557/557 636/636/636 556/556/556
f 636/636/636 638/638/638 556/556/556
f 556/556/556 638/638/638 558/558/558
f 566/566/566 636/636/636 557/557/557
f 566/566/566 564/564/564 636/636/636
f 562/562/562 564/564/564 566/566/566
f 562/562/562 575/575/575 564/564/564
f 531/531/531 575/575/575 562/562/562
f 636/636/636 565/565/565 638/638/638
f 580/580/580 565/565/565 636/636/636
f 580/580/580 553/553/553 565/565/565
f 575/575/575 553/553/553 580/580/580
f 598/598/598 625/625/625 624/624/624
f 624/624/624 625/625/625 618/618/618
f 198/198/198 599/599/599 191/191/191
f 619/619/619 599/599/599 198/198/198
f 619/619/619 617/617/617 599/599/599
f 616/616/616 617/617/617 619/619/619
f 616/616/616 535/535/535 617/617/617
f 544/544/544 535/535/535 616/616/616
f 544/544/544 528/528/528 535/535/535
f 526/526/526 528/528/528 544/544/544
f 526/526/526 559/559/559 528/528/528
f 528/528/528 559/559/559 637/637/637
f 637/637/637 523/523/523 528/528/528
f 528/528/528 523/523/523 522/522/522
f 522/522/522 523/523/523 587/587/587
f 522/522/522 587/587/587 586/586/586
f 586/586/586 587/587/587 583/583/583
f 559/559/559 635/635/635 637/637/637
f 637/637/637 635/635/635 590/590/590
f 590/590/590 523/523/523 637/637/637
f 589/589/589 523/523/523 590/590/590
f 563/563/563 589/589/589 590/590/590
f 577/577/577 589/589/589 563/563/563
f 536/536/536 577/577/577 563/563/563
f 537/537/537 577/577/577 536/536/536
f 635/635/635 567/567/567 590/590/590
f 590/590/590 567/567/567 568/568/568
f 567/567/567 576/576/576 568/568/568
f 568/568/568 576/576/576 552/552/552
f 496/496/496 509/509/509 502/502/502
f 509/509/509 508/508/508 502/502/502
f 502/502/502 508/508/508 500/500/500
f 546/546/546 521/521/521 550/550/550
f 550/550/550 521/521/521 538/538/538
f 538/538/538 539/539/539 550/550/550
f 530/530/530 539/539/539 538/538/538
f 512/512/512 514/514/514 548/548/548
f 573/573/573 514/514/514 512/512/512
f 574/574/574 573/573/573 513/513/513
f 515/515/515 573/573/573 574/574/574
f 642/642/642 571/571/571 641/641/641
f 641/641/641 571/571/571 693/693/693
f 693/693/693 571/571/571 572/572/572
f 693/693/693 572/572/572 681/681/681
f 693/693/693 681/681/681 690/690/690
f 693/693/693 690/690/690 685/685/685
f 693/693/693 685/685/685 687/687/687
f 687/687/687 685/685/685 682/682/682
f 628/628/628 554/554/554 555/555/555
f 555/555/555 554/554/554 648/648/648
f 648/648/648 554/554/554 651/651/651
f 649/649/649 648/648/648 651/651/651
f 675/675/675 648/648/648 649/649/649
f 675/675/675 649/649/649 659/659/659
f 659/659/659 649/649/649 623/623/623
f 659/659/659 623/623/623 622/622/622
f 659/659/659 622/622/622 660/660/660
f 660/660/660 622/622/622 620/620/620
f 660/660/660 620/620/620 658/658/658
f 658/658/658 604/604/604 660/660/660
f 660/660/660 604/604/604 652/652/652
f 649/649/649 673/673/673 623/623/623
f 623/623/623 673/673/673 666/666/666
f 623/623/623 666/666/666 622/622/622
f 622/622/622 666/666/666 621/621/621
f 622/622/622 621/621/621 620/620/620
f 620/620/620 621/621/621 627/627/627
f 656/656/656 620/620/620 627/627/627
f 658/658/658 620/620/620 656/656/656
f 602/602/602 658/658/658 656/656/656
f 604/604/604 658/658/658 602/602/602
f 673/673/673 667/667/667 666/666/666
f 667/667/667 629/629/629 666/666/666
f 666/666/666 629/629/629 621/621/621
f 629/629/629 626/626/626 621/621/621
f 621/621/621 626/626/626 627/627/627
f 627/627/627 626/626/626 656/656/656
f 656/656/656 626/626/626 605/605/605
f 656/656/656 605/605/605 602/602/602
f 602/602/602 605/605/605 600/600/600
f 602/602/602 600/600/600 654/654/654
f 654/654/654 604/604/604 602/602/602
f 672/672/672 667/667/667 673/673/673
f 628/628/628 667/667/667 672/672/672
f 629/629/629 667/667/667 628/628/628
f 665/665/665 629/629/629 628/628/628
f 626/626/626 629/629/629 665/665/665
f 605/605/605 626/626/626 665/665/665
f 605/605/605 665/665/665 600/600/600
f 600/600/600 665/665/665 601/601/601
f 600/600/600 601/601/601 655/655/655
f 654/654/654 600/600/600 655/655/655
f 654/654/654 655/655/655 671/671/671
f 671/671/671 653/653/653 654/654/654
f 653/653/653 604/604/604 654/654/654
f 604/604/604 653/653/653 652/652/652
f 652/652/652 653/653/653 709/709/709
f 653/653/653 670/670/670 709/709/709
f 709/709/709 670/670/670 662/662/662
f 655/655/655 601/601/601 678/678/678
f 655/655/655 678/678/678 631/631/631
f 671/671/671 655/655/655 631/631/631
f 631/631/631 678/678/678 630/630/630
f 670/670/670 653/653/653 671/671/671
f 569/569/569 524/524/524 525/525/525
f 525/525/525 524/524/524 518/518/518
f 582/582/582 519/519/519 570/570/570
f 518/518/518 519/519/519 582/582/582
f 517/517/517 519/519/519 518/518/518
f 518/518/518 516/516/516 517/517/517
f 595/595/595 610/610/610 581/581/581
f 581/581/581 610/610/610 609/609/609
f 610/610/610 608/608/608 609/609/609
f 609/609/609 608/608/608 611/611/611
f 608/608/608 708/708/708 611/611/611
f 633/633/633 708/708/708 608/608/608
f 708/708/708 633/633/633 707/707/707
f 707/707/707 633/633/633 700/700/700
f 668/668/668 661/661/661 669/669/669
f 664/664/664 661/661/661 668/668/668
f 713/713/713 757/757/757 705/705/705
f 756/756/756 757/757/757 713/713/713
f 756/756/756 755/755/755 757/757/757
f 754/754/754 755/755/755 756/756/756
f 754/754/754 736/736/736 755/755/755
f 737/737/737 736/736/736 754/754/754
f 737/737/737 731/731/731 736/736/736
f 733/733/733 731/731/731 737/737/737
f 733/733/733 298/298/298 731/731/731
f 731/731/731 298/298/298 296/296/296
f 296/296/296 730/730/730 731/731/731
f 731/731/731 730/730/730 729/729/729
f 729/729/729 730/730/730 388/388/388
f 298/298/298 305/305/305 296/296/296
f 296/296/296 305/305/305 744/744/744
f 744/744/744 730/730/730 296/296/296
f 742/742/742 730/730/730 744/744/744
f 396/396/396 742/742/742 744/744/744
f 395/395/395 742/742/742 396/396/396
f 290/290/290 395/395/395 396/396/396
f 291/291/291 395/395/395 290/290/290
f 305/305/305 393/393/393 744/744/744
f 744/744/744 393/393/393 394/394/394
f 393/393/393 760/760/760 394/394/394
f 394/394/394 760/760/760 761/761/761
f 719/719/719 721/721/721 725/725/725
f 721/721/721 722/722/722 725/725/725
f 725/725/725 722/722/722 726/726/726
f 759/759/759 712/712/712 766/766/766
f 766/766/766 728/728/728 759/759/759
f 727/727/727 728/728/728 766/766/766
f 724/724/724 720/720/720 281/281/281
f 281/281/281 720/720/720 284/284/284
f 284/284/284 285/285/285 281/281/281
f 286/286/286 285/285/285 284/284/284
f 277/277/277 276/276/276 275/275/275
f 282/282/282 276/276/276 277/277/277
f 280/280/280 282/282/282 278/278/278
f 283/283/283 282/282/282 280/280/280
f 752/752/752 400/400/400 306/306/306
f 306/306/306 400/400/400 846/846/846
f 747/747/747 306/306/306 846/846/846
f 836/836/836 747/747/747 846/846/846
f 836/836/836 846/846/846 837/837/837
f 837/837/837 846/846/846 828/828/828
f 846/846/846 847/847/847 828/828/828
f 828/828/828 847/847/847 830/830/830
f 331/331/331 342/342/342 751/751/751
f 751/751/751 342/342/342 480/480/480
f 342/342/342 399/399/399 480/480/480
f 399/399/399 310/310/310 480/480/480
f 310/310/310 311/311/311 480/480/480
f 311/311/311 308/308/308 480/480/480
f 308/308/308 307/307/307 480/480/480
f 307/307/307 309/309/309 480/480/480
f 309/309/309 473/473/473 480/480/480
f 481/481/481 480/480/480 473/473/473
f 855/855/855 480/480/480 481/481/481
f 482/482/482 855/855/855 481/481/481
f 484/484/484 855/855/855 482/482/482
f 857/857/857 855/855/855 484/484/484
f 483/483/483 855/855/855 857/857/857
f 865/865/865 855/855/855 483/483/483
f 856/856/856 855/855/855 865/865/865
f 856/856/856 867/867/867 855/855/855
f 866/866/866 867/867/867 856/856/856
f 773/773/773 344/344/344 343/343/343
f 790/790/790 344/344/344 773/773/773
f 772/772/772 790/790/790 773/773/773
f 782/782/782 790/790/790 772/772/772
f 782/782/782 772/772/772 424/424/424
f 424/424/424 772/772/772 426/426/426
f 448/448/448 424/424/424 426/426/426
f 449/449/449 424/424/424 448/448/448
f 448/448/448 458/458/458 449/449/449
f 459/459/459 458/458/458 448/448/448
f 458/458/458 459/459/459 427/427/427
f 427/427/427 459/459/459 829/829/829
f 777/777/777 785/785/785 768/768/768
f 768/768/768 785/785/785 869/869/869
f 768/768/768 869/869/869 791/791/791
f 791/791/791 869/869/869 770/770/770
f 770/770/770 869/869/869 788/788/788
f 788/788/788 869/869/869 786/786/786
f 786/786/786 869/869/869 779/779/779
f 779/779/779 869/869/869 358/358/358
f 358/358/358 869/869/869 871/871/871
f 853/853/853 871/871/871 869/869/869
f 492/492/492 853/853/853 869/869/869
f 851/851/851 853/853/853 492/492/492
f 863/863/863 851/851/851 492/492/492
f 848/848/848 863/863/863 492/492/492
f 268/268/268 848/848/848 492/492/492
f 491/491/491 268/268/268 492/492/492
f 490/490/490 491/491/491 492/492/492
f 267/267/267 490/490/490 492/492/492
f 272/272/272 490/490/490 267/267/267
f 784/784/784 205/205/205 775/775/775
f 775/775/775 205/205/205 859/859/859
f 859/859/859 205/205/205 204/204/204
f 859/859/859 204/204/204 425/425/425
f 859/859/859 425/425/425 860/860/860
f 859/859/859 860/860/860 472/472/472
f 859/859/859 472/472/472 439/439/439
f 439/439/439 472/472/472 440/440/440
f 783/783/783 769/769/769 781/781/781
f 769/769/769 767/767/767 781/781/781
f 792/792/792 767/767/767 769/769/769
f 767/767/767 792/792/792 771/771/771
f 771/771/771 792/792/792 774/774/774
f 771/771/771 774/774/774 776/776/776
f 776/776/776 774/774/774 780/780/780
f 780/780/780 787/787/787 776/776/776
f 776/776/776 787/787/787 789/789/789
f 789/789/789 787/787/787 778/778/778
f 778/778/778 787/787/787 369/369/369
f 778/778/778 369/369/369 368/368/368
f 368/368/368 369/369/369 357/357/357
f 368/368/368 357/357/357 351/351/351
f 351/351/351 357/357/357 350/350/350
f 351/351/351 350/350/350 868/868/868
f 868/868/868 350/350/350 858/858/858
f 870/870/870 868/868/868 858/858/858
f 864/864/864 868/868/868 870/870/870
f 854/854/854 864/864/864 870/870/870
f 861/861/861 864/864/864 854/854/854
f 852/852/852 861/861/861 854/854/854
f 862/862/862 861/861/861 852/852/852
f 872/872/872 862/862/862 852/852/852
f 850/850/850 862/862/862 872/872/872
f 850/850/850 872/872/872 849/849/849
f 849/849/849 872/872/872 874/874/874
f 873/873/873 849/849/849 874/874/874
f 269/269/269 849/849/849 873/873/873
f 873/873/873 270/270/270 269/269/269
f 269/269/269 270/270/270 488/488/488
f 489/489/489 488/488/488 270/270/270
f 487/487/487 488/488/488 489/489/489
f 271/271/271 487/487/487 489/489/489
f 823/823/823 206/206/206 207/207/207
f 207/207/207 206/206/206 824/824/824
f 824/824/824 206/206/206 838/838/838
f 825/825/825 824/824/824 838/838/838
f 845/845/845 824/824/824 825/825/825
f 845/845/845 825/825/825 108/108/108
f 108/108/108 825/825/825 826/826/826
f 108/108/108 826/826/826 831/831/831
f 108/108/108 831/831/831 109/109/109
f 109/109/109 831/831/831 843/843/843
f 109/109/109 843/843/843 102/102/102
f 102/102/102 94/94/94 109/109/109
f 109/109/109 94/94/94 820/820/820
f 825/825/825 832/832/832 826/826/826
f 826/826/826 832/832/832 840/840/840
f 826/826/826 840/840/840 831/831/831
f 831/831/831 840/840/840 835/835/835
f 831/831/831 835/835/835 843/843/843
f 843/843/843 835/835/835 842/842/842
f 101/101/101 843/843/843 842/842/842
f 102/102/102 843/843/843 101/101/101
f 83/83/83 102/102/102 101/101/101
f 94/94/94 102/102/102 83/83/83
f 832/832/832 827/827/827 840/840/840
f 827/827/827 822/822/822 840/840/840
f 840/840/840 822/822/822 835/835/835
f 822/822/822 844/844/844 835/835/835
f 835/835/835 844/844/844 842/842/842
f 842/842/842 844/844/844 101/101/101
f 101/101/101 844/844/844 95/95/95
f 101/101/101 95/95/95 83/83/83
f 83/83/83 95/95/95 81/81/81
f 83/83/83 81/81/81 793/793/793
f 793/793/793 94/94/94 83/83/83
f 839/839/839 827/827/827 832/832/832
f 823/823/823 827/827/827 839/839/839
f 822/822/822 827/827/827 823/823/823
f 841/841/841 822/822/822 823/823/823
f 844/844/844 822/822/822 841/841/841
f 95/95/95 844/844/844 841/841/841
f 95/95/95 841/841/841 81/81/81
f 81/81/81 841/841/841 82/82/82
f 81/81/81 82/82/82 795/795/795
f 793/793/793 81/81/81 795/795/795
f 793/793/793 795/795/795 808/808/808
f 808/808/808 821/821/821 793/793/793
f 821/821/821 94/94/94 793/793/793
f 94/94/94 821/821/821 820/820/820
f 820/820/820 821/821/821 797/797/797
f 821/821/821 796/796/796 797/797/797
f 797/797/797 796/796/796 816/816/816
f 795/795/795 82/82/82 819/819/819
f 795/795/795 819/819/819 799/799/799
f 808/808/808 795/795/795 799/799/799
f 799/799/799 819/819/819 798/798/798
f 796/796/796 821/821/821 808/808/808
f 220/220/220 807/807/807 806/806/806
f 806/806/806 807/807/807 252/252/252
f 229/229/229 228/228/228 219/219/219
f 252/252/252 228/228/228 229/229/229
f 238/238/238 228/228/228 252/252/252
f 252/252/252 239/239/239 238/238/238
f 805/805/805 818/818/818 253/253/253
f 253/253/253 818/818/818 804/804/804
f 818/818/818 815/815/815 804/804/804
f 804/804/804 815/815/815 813/813/813
f 815/815/815 801/801/801 813/813/813
f 814/814/814 801/801/801 815/815/815
f 801/801/801 814/814/814 800/800/800
f 800/800/800 814/814/814 812/812/812
