# Exported by s4extract — object_barProQA4x1_01_lod00_g00
o object_barProQA4x1_01_lod00_g00
v 0.000000 1.000000 0.250015
v 0.000000 1.000000 0.043643
v 1.000000 0.989135 0.465788
v 0.000000 0.989135 0.465788
v 0.000000 0.916560 0.465788
v 1.000000 0.916560 0.465788
v 0.000000 0.989135 0.465788
v 2.000000 0.916560 0.465788
v 2.000000 0.989135 0.465788
v 2.000000 0.916560 0.250015
v 2.000000 0.916560 -0.500031
v 2.000000 1.000000 -0.500031
v 2.000000 0.916560 -0.500031
v 1.500031 0.989135 -0.500031
v 1.499969 0.916560 -0.500031
v -2.000000 1.000000 0.454923
v 1.000000 0.916560 0.250015
v 0.000000 0.916560 0.465788
v 1.000000 1.000000 0.250015
v 1.000000 0.916560 0.465788
v 1.000000 1.000000 0.043643
v 0.000000 0.916560 0.250015
v 0.000000 1.000000 0.454923
v 1.000000 1.000000 0.454923
v 2.000000 1.000000 0.454923
v 1.000000 0.989135 0.465788
v 2.000000 1.000000 -0.500031
v 2.000000 1.000000 0.250015
v -2.000000 0.916560 0.465788
v 1.510834 1.000000 -0.500031
v -2.000000 0.989135 0.465788
v -2.000000 1.000000 0.250015
v -2.000000 0.916560 -0.500031
v -2.000000 0.916560 0.250015
v -2.000000 1.000000 -0.500031
v -1.062504 0.989135 -0.500031
v -1.051639 1.000000 -0.500031
v -1.062504 0.968748 -0.500031
v -2.000000 1.000000 -0.500031
v -1.010865 1.000000 -0.500031
v -1.000000 0.916560 -0.500031
v -1.948361 1.000000 -0.500031
v -1.000000 0.989135 -0.500031
v -1.937496 0.968748 -0.500031
v -1.937496 0.989135 -0.500031
v -2.000000 0.916560 -0.500031
v 1.499969 0.916560 -0.500031
v 1.500031 0.989135 -0.500031
v 1.000000 1.000000 0.043643
v 1.000000 0.989135 0.465788
v 1.000000 0.916560 0.465788
v 1.510834 1.000000 -0.500031
v 1.510834 1.000000 0.043643
v 2.000000 1.000000 0.454923
v 1.000000 1.000000 0.454923
v 1.000000 1.000000 0.250015
v 2.000000 0.916560 0.250015
v 1.000000 0.916560 0.250015
v 2.000000 0.989135 0.465788
v 2.000000 1.000000 0.454923
v 1.000000 0.989135 0.465788
v 1.000000 0.989135 0.032778
v 1.510834 1.000000 -0.500031
v 1.499969 0.989135 0.032778
v 1.499969 0.916560 0.032778
v 1.500031 0.989135 -0.500031
v 1.499969 0.989135 0.032778
v 1.510834 1.000000 0.043643
v 2.000000 0.916560 0.465788
v 2.000000 0.989135 0.465788
v 2.000000 1.000000 0.250015
v 2.000000 1.000000 -0.500031
v 1.000000 0.916560 0.465788
v 2.000000 0.916560 0.465788
v 1.000000 1.000000 0.043643
v 1.000000 1.000000 0.454923
v 1.499969 0.989135 0.032778
v 1.499969 0.916560 0.032778
v 1.000000 0.916560 0.032778
v 1.510834 1.000000 0.043643
v 1.499969 0.989135 0.032778
v -1.010865 1.000000 -0.500031
v -1.051639 1.000000 -0.500031
v 1.000000 0.989135 0.032778
v -1.051639 1.000000 0.043643
v -1.010865 1.000000 0.043643
v -1.948361 1.000000 -0.500031
v -1.000000 1.000000 0.043643
v -2.000000 1.000000 -0.500031
v -1.000000 1.000000 0.454923
v -1.000000 1.000000 0.250015
v -1.948361 1.000000 0.043643
v -1.000000 0.989135 0.465788
v -1.000000 1.000000 0.454923
v -2.000000 0.989135 0.465788
v -2.000000 0.989135 0.465788
v -1.000000 0.989135 0.465788
v -1.000000 0.916560 0.465788
v -1.937496 0.989135 -0.500031
v -1.937496 0.989135 0.032778
v -1.937496 0.968748 0.032778
v -1.937496 0.968748 -0.500031
v -1.937496 0.989135 0.032778
v -1.062504 0.989135 -0.500031
v -1.051639 1.000000 -0.500031
v -1.051639 1.000000 0.043643
v -1.062504 0.968748 0.032778
v -1.062504 0.968748 -0.500031
v -2.000000 0.916560 0.250015
v -2.000000 1.000000 0.250015
v -2.000000 0.916560 0.465788
v -2.000000 1.000000 0.454923
v -1.000000 0.916560 0.465788
v -1.000000 0.916560 0.250015
v -2.000000 0.916560 0.465788
v -2.000000 1.000000 0.454923
v -1.948361 1.000000 0.043643
v -1.948361 1.000000 -0.500031
v -1.062504 0.989135 0.032778
v -1.937496 0.989135 -0.500031
v -1.062504 0.989135 -0.500031
v -1.062504 0.989135 0.032778
v -1.937496 0.989135 0.032778
v -1.937496 0.968748 0.032778
v -1.062504 0.968748 0.032778
v -1.062504 0.989135 0.032778
v -1.937496 0.989135 0.032778
v -1.062504 0.989135 0.032778
v -1.051639 1.000000 0.043643
v -1.948361 1.000000 0.043643
v -1.000000 0.989135 -0.500031
v -1.000000 0.989135 0.032778
v -1.010865 1.000000 0.043643
v -1.010865 1.000000 -0.500031
v -1.000000 0.916560 0.032778
v -1.000000 0.989135 0.032778
v -1.000000 0.989135 -0.500031
v -1.000000 0.916560 -0.500031
v -1.000000 0.916560 0.032778
v 0.000000 0.989135 0.032778
v -1.000000 0.989135 0.032778
v -1.000000 1.000000 0.454923
v -1.000000 0.916560 0.465788
v 0.000000 0.916560 0.250015
v -1.000000 0.916560 0.250015
v 0.000000 1.000000 0.043643
v -1.000000 1.000000 0.043643
v 0.000000 0.989135 0.465788
v 0.000000 1.000000 0.454923
v -1.000000 1.000000 0.454923
v 0.000000 0.916560 0.465788
v -1.000000 0.989135 0.465788
v 0.000000 0.989135 0.465788
v -1.218763 1.329671 -0.068425
v -1.218763 1.321065 -0.053531
v -1.781237 1.303913 -0.053531
v -1.781237 1.295367 -0.068425
v -1.218763 1.295367 -0.068425
v -1.218763 1.295367 -0.068425
v -1.781237 1.303913 -0.083257
v -1.781237 1.321065 -0.083257
v -1.218763 1.321065 -0.083257
v -1.000000 1.000000 0.043643
v -1.000000 0.989135 0.032778
v 0.000000 1.000000 0.043643
v -1.010865 1.000000 0.043643
v 0.000000 0.916560 0.032778
v 0.000000 0.989135 0.032778
v 0.000000 0.916560 0.465788
v 0.000000 1.000000 0.454923
v -1.000000 1.000000 0.250015
v 0.000000 1.000000 0.250015
v -1.000000 0.916560 0.465788
v -1.000000 0.989135 0.465788
v -1.781237 1.321065 -0.053531
v -1.781237 1.329671 -0.068425
v -1.781237 1.295367 -0.068425
v -1.218763 1.303913 -0.053531
v -1.828115 1.452420 -0.068425
v -1.218763 1.303913 -0.083257
v -1.828115 1.452420 -0.068425
v -1.828115 1.452420 -0.068425
v -1.840017 1.452420 -0.024049
v -1.795642 1.452420 -0.035891
v -1.828115 1.452420 -0.068425
v -1.828115 1.452420 -0.068425
v -1.860587 1.452420 -0.100897
v -1.872490 1.452420 -0.056522
v -1.816212 1.452420 -0.112800
v -1.816212 1.452420 -0.112800
v -1.783739 1.452420 -0.080327
v -1.828115 1.452420 -0.068425
v -1.763169 1.434231 -0.068425
v -1.771898 1.434231 -0.035952
v -1.786913 0.916560 -0.044619
v -1.780565 0.916560 -0.068425
v -1.795642 1.434231 -0.012147
v -1.828115 1.434231 -0.003479
v -1.828115 0.916560 -0.020814
v -1.804370 0.916560 -0.027223
v -1.860587 1.434231 -0.012147
v -1.884392 1.434231 -0.035952
v -1.869316 0.916560 -0.044619
v -1.851920 0.916560 -0.027223
v -1.851920 0.916560 -0.109626
v -1.828115 0.916560 -0.115974
v -1.828115 1.434231 -0.133370
v -1.795642 1.434231 -0.124641
v -1.804370 0.916560 -0.109626
v -1.786913 0.916560 -0.092169
v -1.828115 1.581090 -0.199658
v -1.803394 1.571934 -0.199658
v -1.803394 1.571934 -0.199658
v -1.815785 1.571934 -0.178295
v -1.828115 1.581090 -0.199658
v -1.840505 1.571934 -0.178295
v -1.840505 1.571934 -0.178295
v -1.852835 1.571934 -0.199658
v -1.828115 1.581090 -0.199658
v -1.840505 1.571934 -0.221083
v -1.840505 1.571934 -0.221083
v -1.815785 1.571934 -0.221083
v -1.796618 1.551669 -0.199658
v -1.828115 1.338766 -0.199658
v -1.796618 1.551669 -0.199658
v -1.828115 1.338766 -0.199658
v -1.843863 1.551669 -0.172374
v -1.828115 1.338766 -0.199658
v -1.884392 1.434231 -0.100897
v -1.875664 0.916560 -0.068425
v -1.860587 1.434231 -0.124641
v -1.893060 1.434231 -0.068425
v -1.828115 1.434231 -0.133370
v -1.869316 0.916560 -0.092169
v -1.771898 1.434231 -0.100897
v -1.828115 0.916560 -0.115974
v -1.828115 1.581090 -0.199658
v -1.815785 1.571934 -0.221083
v -1.828115 1.581090 -0.199658
v -1.815785 1.571934 -0.178295
v -1.828115 1.581090 -0.199658
v -1.852835 1.571934 -0.199658
v -1.812366 1.551669 -0.172374
v -1.812366 1.551669 -0.227004
v -1.859672 1.551669 -0.199658
v -1.812366 1.551669 -0.172374
v -1.843863 1.551669 -0.172374
v -1.843863 1.551669 -0.227004
v -1.859672 1.551669 -0.199658
v -1.828115 1.338766 -0.199658
v -1.828115 1.338766 -0.199658
v -1.843863 1.551669 -0.227004
v -1.828115 1.338766 -0.199658
v -1.812366 1.551669 -0.227004
v -1.840139 1.425685 -0.220472
v -1.838125 1.392297 -0.216993
v -1.818165 1.392297 -0.216993
v -1.816090 1.425685 -0.220472
v -1.838125 1.328145 -0.225905
v -1.838125 1.357688 -0.216993
v -1.848074 1.375023 -0.199658
v -1.848074 1.328145 -0.208631
v -1.840139 1.425685 -0.178905
v -1.848074 1.375023 -0.199658
v -1.816090 1.425685 -0.178905
v -1.838125 1.392297 -0.182384
v -1.840139 1.425685 -0.178905
v -1.838125 1.392297 -0.182384
v -1.818165 1.328145 -0.191296
v -1.818165 1.392297 -0.182384
v 0.000000 0.989135 0.032778
v 0.000000 0.989135 0.032778
v 0.000000 1.000000 0.454923
v -1.937496 0.968748 0.032778
v 1.000000 0.989135 0.032778
v 1.000000 1.000000 0.043643
v 1.000000 0.916560 0.032778
v 0.000000 0.916560 0.032778
v 1.000000 0.989135 0.032778
v 1.000000 1.000000 0.454923
v 0.000000 1.000000 0.043643
v -1.062504 0.968748 -0.500031
v -1.062504 0.968748 0.032778
v -1.937496 0.968748 -0.500031
v -1.818165 1.357688 -0.182384
v -1.816090 1.425685 -0.220472
v -1.804126 1.425685 -0.199658
v -1.808155 1.375023 -0.199658
v -1.818165 1.392297 -0.216993
v -1.838125 1.328145 -0.225905
v -1.818165 1.328145 -0.225905
v -1.808155 1.375023 -0.199658
v -1.838125 1.328145 -0.191296
v -1.818165 1.328145 -0.191296
v -1.808155 1.328145 -0.208631
v -1.848074 1.328145 -0.208631
v -1.816090 1.425685 -0.220472
v -1.804126 1.425685 -0.199658
v -1.852164 1.425685 -0.199658
v -1.840139 1.425685 -0.220472
v -1.816090 1.425685 -0.178905
v -1.818165 1.328145 -0.225905
v -1.838125 1.328145 -0.225905
v -1.840139 1.425685 -0.178905
v -1.818165 1.357688 -0.216993
v -1.838125 1.328145 -0.191296
v -1.818165 1.328145 -0.191296
v -1.838125 1.357688 -0.216993
v -1.619362 1.357688 -0.124641
v -1.629372 1.375023 -0.124641
v -1.619362 1.357688 -0.182384
v -1.838125 1.357688 -0.182384
v -1.848074 1.375023 -0.199658
v -1.838125 1.357688 -0.182384
v -1.818165 1.357688 -0.182384
v -1.848074 1.375023 -0.124641
v -1.838125 1.392297 -0.124641
v -1.838125 1.392297 -0.182384
v -1.838125 1.357688 -0.124641
v -1.848074 1.375023 -0.124641
v -1.808155 1.375023 -0.199658
v -1.818165 1.392297 -0.182384
v -1.848074 1.375023 -0.199658
v -1.808155 1.375023 -0.124641
v -1.818165 1.357688 -0.124641
v -1.818165 1.357688 -0.182384
v -1.818165 1.392297 -0.124641
v -1.808155 1.375023 -0.124641
v -1.818165 1.392297 -0.124641
v -1.818165 1.392297 -0.182384
v -1.808155 1.375023 -0.199658
v -1.838125 1.392297 -0.124641
v -1.838125 1.357688 -0.124641
v -1.838125 1.357688 -0.182384
v -1.838125 1.392297 -0.182384
v -1.818165 1.357688 -0.124641
v -1.848074 1.375023 -0.199658
v -1.838125 1.392297 -0.216993
v -1.818165 1.357688 -0.182384
v -1.848074 1.375023 -0.246536
v -1.838125 1.357688 -0.216993
v -1.838125 1.392297 -0.246536
v -1.838125 1.357688 -0.246536
v -1.848074 1.375023 -0.199658
v -1.818165 1.357688 -0.246536
v -1.848074 1.375023 -0.246536
v -1.818165 1.357688 -0.216993
v -1.838125 1.357688 -0.216993
v -1.808155 1.375023 -0.199658
v -1.838125 1.357688 -0.246536
v -1.818165 1.357688 -0.216993
v -1.818165 1.357688 -0.246536
v -1.808155 1.375023 -0.246536
v -1.818165 1.392297 -0.216993
v -1.818165 1.392297 -0.246536
v -1.808155 1.375023 -0.246536
v -1.838125 1.392297 -0.246536
v -1.838125 1.392297 -0.216993
v -1.808155 1.375023 -0.199658
v -1.818165 1.392297 -0.246536
v -1.838125 1.357688 -0.246536
v -1.818165 1.357688 -0.246536
v -1.818165 1.392297 -0.216993
v -1.808155 1.375023 -0.246536
v -1.818165 1.392297 -0.246536
v -1.838125 1.392297 -0.246536
v -1.848074 1.375023 -0.246536
v -1.818165 1.328145 -0.225905
v -1.808155 1.328145 -0.208631
v -1.808155 1.375023 -0.199658
v -1.818165 1.357688 -0.216993
v -1.816090 1.425685 -0.178905
v -1.804126 1.425685 -0.199658
v -1.808155 1.375023 -0.199658
v -1.818165 1.392297 -0.182384
v -1.838125 1.328145 -0.191296
v -1.848074 1.328145 -0.208631
v -1.848074 1.375023 -0.199658
v -1.838125 1.357688 -0.182384
v -1.840139 1.425685 -0.220472
v -1.852164 1.425685 -0.199658
v -1.848074 1.375023 -0.199658
v -1.838125 1.392297 -0.216993
v -1.609351 1.452420 -0.068425
v -1.576878 1.452420 -0.035891
v -1.609351 1.452420 -0.068425
v -1.609351 1.452420 -0.068425
v -1.621254 1.452420 -0.024049
v -1.653787 1.452420 -0.056522
v -1.609351 1.452420 -0.068425
v -1.609351 1.452420 -0.068425
v -1.641885 1.452420 -0.100897
v -1.609351 1.452420 -0.068425
v -1.597510 1.452420 -0.112800
v -1.597510 1.452420 -0.112800
v -1.585607 0.916560 -0.109626
v -1.553134 1.434231 -0.100897
v -1.597021 1.571934 -0.178295
v -1.576878 1.434231 -0.124641
v -1.568150 0.916560 -0.092169
v -1.564976 1.452420 -0.080327
v -1.561802 0.916560 -0.068425
v -1.553134 1.434231 -0.035952
v -1.544406 1.434231 -0.068425
v -1.568150 0.916560 -0.044619
v -1.585607 0.916560 -0.027223
v -1.609351 1.434231 -0.003479
v -1.576878 1.434231 -0.012147
v -1.609351 0.916560 -0.020814
v -1.633156 0.916560 -0.027223
v -1.665629 1.434231 -0.035952
v -1.641824 1.434231 -0.012147
v -1.633156 0.916560 -0.109626
v -1.609351 1.434231 -0.133370
v -1.609351 0.916560 -0.115974
v -1.650552 0.916560 -0.092169
v -1.641824 1.434231 -0.124641
v -1.650552 0.916560 -0.044619
v -1.656961 0.916560 -0.068425
v -1.665629 1.434231 -0.100897
v -1.674358 1.434231 -0.068425
v -1.609351 0.916560 -0.115974
v -1.609351 1.434231 -0.133370
v -1.597021 1.571934 -0.221083
v -1.609351 1.581090 -0.199658
v -1.609351 1.581090 -0.199658
v -1.584691 1.571934 -0.199658
v -1.584691 1.571934 -0.199658
v -1.609351 1.581090 -0.199658
v -1.597021 1.571934 -0.178295
v -1.609351 1.581090 -0.199658
v -1.621742 1.571934 -0.178295
v -1.621742 1.571934 -0.178295
v -1.634072 1.571934 -0.199658
v -1.634072 1.571934 -0.199658
v -1.621742 1.571934 -0.221083
v -1.609351 1.581090 -0.199658
v -1.609351 1.581090 -0.199658
v -1.597021 1.571934 -0.221083
v -1.577855 1.551669 -0.199658
v -1.621742 1.571934 -0.221083
v -1.621376 1.425685 -0.220472
v -1.633400 1.425685 -0.199658
v -1.585363 1.425685 -0.199658
v -1.593603 1.551669 -0.227004
v -1.593603 1.551669 -0.172374
v -1.577855 1.551669 -0.199658
v -1.609351 1.338766 -0.199658
v -1.599402 1.392297 -0.182384
v -1.597388 1.425685 -0.178905
v -1.621376 1.425685 -0.178905
v -1.609351 1.338766 -0.199658
v -1.593603 1.551669 -0.172374
v -1.609351 1.338766 -0.199658
v -1.625160 1.551669 -0.172374
v -1.640908 1.551669 -0.199658
v -1.609351 1.338766 -0.199658
v -1.625160 1.551669 -0.227004
v -1.625160 1.551669 -0.172374
v -1.640908 1.551669 -0.199658
v -1.593603 1.551669 -0.227004
v -1.625160 1.551669 -0.227004
v -1.609351 1.338766 -0.199658
v -1.609351 1.338766 -0.199658
v -1.597388 1.425685 -0.220472
v -1.619362 1.392297 -0.216993
v -1.621376 1.425685 -0.220472
v -1.599402 1.392297 -0.216993
v -1.629372 1.328145 -0.208631
v -1.619362 1.357688 -0.216993
v -1.619362 1.328145 -0.225905
v -1.629372 1.375023 -0.199658
v -1.619362 1.392297 -0.182384
v -1.629372 1.375023 -0.199658
v -1.621376 1.425685 -0.178905
v -1.599402 1.328145 -0.191296
v -1.599402 1.357688 -0.182384
v -1.599402 1.328145 -0.225905
v -1.621376 1.425685 -0.178905
v -1.619362 1.392297 -0.182384
v -1.589391 1.375023 -0.199658
v -1.585363 1.425685 -0.199658
v -1.599402 1.392297 -0.216993
v -1.597388 1.425685 -0.220472
v -1.589391 1.375023 -0.199658
v -1.599402 1.328145 -0.225905
v -1.619362 1.328145 -0.191296
v -1.619362 1.328145 -0.225905
v -1.629372 1.328145 -0.208631
v -1.589391 1.328145 -0.208631
v -1.597388 1.425685 -0.220472
v -1.599402 1.328145 -0.191296
v -1.597388 1.425685 -0.178905
v -1.619362 1.328145 -0.225905
v -1.619362 1.357688 -0.216993
v -1.619362 1.328145 -0.191296
v -1.599402 1.357688 -0.216993
v -1.599402 1.328145 -0.191296
v -1.599402 1.357688 -0.182384
v -1.629372 1.375023 -0.199658
v -1.619362 1.357688 -0.182384
v -1.629372 1.375023 -0.124641
v -1.619362 1.392297 -0.182384
v -1.619362 1.392297 -0.124641
v -1.599402 1.392297 -0.182384
v -1.589391 1.375023 -0.199658
v -1.599402 1.392297 -0.124641
v -1.629372 1.375023 -0.199658
v -1.599402 1.357688 -0.124641
v -1.589391 1.375023 -0.124641
v 1.336141 0.336568 -0.436916
v 1.336141 0.306171 -0.436916
v 1.325948 0.306171 -0.430996
v -1.599402 1.357688 -0.182384
v -1.589391 1.375023 -0.199658
v -1.599402 1.392297 -0.124641
v -1.589391 1.375023 -0.124641
v 1.346396 0.306171 -0.430996
v -1.619362 1.392297 -0.124641
v -1.619362 1.392297 -0.182384
v -1.599402 1.392297 -0.182384
v 1.336141 0.306171 -0.436916
v 1.346396 0.336568 -0.430996
v -1.619362 1.357688 -0.124641
v -1.599402 1.357688 -0.124641
v -1.599402 1.357688 -0.182384
v -1.619362 1.357688 -0.182384
v -1.619362 1.392297 -0.216993
v -1.629372 1.375023 -0.246536
v -1.629372 1.375023 -0.199658
v -1.619362 1.392297 -0.246536
v -1.619362 1.357688 -0.216993
v -1.629372 1.375023 -0.246536
v -1.619362 1.357688 -0.246536
v -1.629372 1.375023 -0.199658
v -1.599402 1.357688 -0.216993
v -1.619362 1.357688 -0.246536
v -1.599402 1.357688 -0.246536
v -1.619362 1.357688 -0.216993
v -1.599402 1.357688 -0.216993
v -1.589391 1.375023 -0.246536
v -1.589391 1.375023 -0.199658
v -1.599402 1.357688 -0.246536
v -1.599402 1.392297 -0.216993
v -1.589391 1.375023 -0.246536
v -1.599402 1.392297 -0.246536
v -1.589391 1.375023 -0.199658
v -1.619362 1.392297 -0.216993
v -1.599402 1.392297 -0.246536
v -1.619362 1.392297 -0.246536
v -1.599402 1.392297 -0.216993
v -1.599402 1.357688 -0.246536
v -1.589391 1.375023 -0.246536
v -1.619362 1.357688 -0.246536
v -1.619362 1.392297 -0.246536
v -1.599402 1.392297 -0.246536
v -1.599402 1.357688 -0.216993
v -1.629372 1.375023 -0.246536
v -1.589391 1.328145 -0.208631
v -1.599402 1.328145 -0.225905
v -1.589391 1.375023 -0.199658
v -1.599402 1.392297 -0.182384
v -1.585363 1.425685 -0.199658
v -1.597388 1.425685 -0.178905
v -1.589391 1.375023 -0.199658
v -1.619362 1.357688 -0.182384
v -1.629372 1.328145 -0.208631
v -1.619362 1.328145 -0.191296
v 1.325948 0.306171 -0.419154
v 1.346396 0.306171 -0.419154
v 1.346396 0.306171 -0.430996
v -1.621376 1.425685 -0.220472
v -1.619362 1.392297 -0.216993
v -1.629372 1.375023 -0.199658
v 1.336141 0.306171 -0.436916
v -1.629372 1.375023 -0.199658
v -1.390649 1.452420 -0.068425
v -1.633400 1.425685 -0.199658
v 1.325948 0.306171 -0.430996
v 1.325948 0.306171 -0.430996
v -1.390649 1.452420 -0.068425
v -1.390649 1.452420 -0.068425
v -1.402490 1.452420 -0.024049
v -1.358115 1.452420 -0.035891
v -1.390649 1.452420 -0.068425
v -1.390649 1.452420 -0.068425
v -1.423122 1.452420 -0.100897
v -1.435024 1.452420 -0.056522
v -1.378746 1.452420 -0.112800
v -1.378746 1.452420 -0.112800
v -1.346213 1.452420 -0.080327
v -1.390649 1.452420 -0.068425
v -1.325642 1.434231 -0.068425
v -1.334371 1.434231 -0.035952
v -1.349448 0.916560 -0.044619
v -1.343039 0.916560 -0.068425
v -1.358176 1.434231 -0.012147
v -1.390649 1.434231 -0.003479
v -1.390649 0.916560 -0.020814
v -1.366844 0.916560 -0.027223
v -1.423122 1.434231 -0.012147
v -1.446866 1.434231 -0.035952
v -1.431850 0.916560 -0.044619
v -1.414393 0.916560 -0.027223
v -1.446866 1.434231 -0.100897
v -1.438198 0.916560 -0.068425
v -1.423122 1.434231 -0.124641
v -1.455594 1.434231 -0.068425
v -1.390649 1.434231 -0.133370
v -1.431850 0.916560 -0.092169
v -1.414393 0.916560 -0.109626
v -1.390649 1.434231 -0.133370
v -1.390649 0.916560 -0.115974
v -1.390649 0.916560 -0.115974
v -1.358176 1.434231 -0.124641
v -1.366844 0.916560 -0.109626
v -1.349448 0.916560 -0.092169
v -1.334371 1.434231 -0.100897
v 1.346396 0.336568 -0.430996
v 1.346396 0.306171 -0.430996
v 1.336141 0.306171 -0.436916
v -1.378258 1.571934 -0.221083
v -1.365928 1.571934 -0.199658
v -1.390649 1.581090 -0.199658
v 1.346396 0.336568 -0.419154
v -1.365928 1.571934 -0.199658
v -1.378258 1.571934 -0.178295
v -1.390649 1.581090 -0.199658
v 1.336141 0.336568 -0.413233
v 1.336141 0.336568 -0.436916
v -1.390649 1.581090 -0.199658
v -1.402979 1.571934 -0.178295
v -1.390649 1.581090 -0.199658
v -1.378258 1.571934 -0.178295
v -1.402979 1.571934 -0.178295
v -1.390649 1.581090 -0.199658
v -1.415309 1.571934 -0.199658
v -1.415309 1.571934 -0.199658
v -1.402979 1.571934 -0.221083
v -1.402979 1.571934 -0.221083
v -1.378258 1.571934 -0.221083
v -1.390649 1.581090 -0.199658
v -1.359092 1.551669 -0.199658
v -1.390649 1.338766 -0.199658
v -1.374840 1.551669 -0.172374
v -1.374840 1.551669 -0.227004
v -1.359092 1.551669 -0.199658
v -1.406397 1.551669 -0.172374
v -1.374840 1.551669 -0.172374
v -1.390649 1.338766 -0.199658
v -1.390649 1.338766 -0.199658
v -1.406397 1.551669 -0.172374
v -1.390649 1.338766 -0.199658
v -1.422145 1.551669 -0.199658
v -1.390649 1.338766 -0.199658
v -1.422145 1.551669 -0.199658
v -1.406397 1.551669 -0.227004
v -1.406397 1.551669 -0.227004
v -1.390649 1.338766 -0.199658
v -1.374840 1.551669 -0.227004
v -1.402612 1.425685 -0.220472
v -1.400598 1.392297 -0.216993
v -1.380638 1.392297 -0.216993
v -1.378624 1.425685 -0.220472
v -1.400598 1.328145 -0.225905
v -1.400598 1.357688 -0.216993
v -1.410609 1.375023 -0.199658
v -1.410609 1.328145 -0.208631
v 1.364219 0.259537 -0.441250
v 1.325948 0.336568 -0.430996
v 1.325948 0.336568 -0.419154
v -1.400598 1.392297 -0.182384
v -1.410609 1.375023 -0.199658
v -1.402612 1.425685 -0.178905
v 1.364158 0.156260 -0.408899
v -1.402612 1.425685 -0.178905
v -1.380638 1.392297 -0.182384
v -1.378624 1.425685 -0.178905
v 1.364158 0.156260 -0.441250
v 1.364219 0.259537 -0.408899
v -1.400598 1.392297 -0.182384
v -1.380638 1.357688 -0.182384
v -1.370628 1.375023 -0.199658
v -1.380638 1.328145 -0.191296
v -1.378624 1.425685 -0.220472
v -1.380638 1.392297 -0.216993
v -1.370628 1.375023 -0.199658
v -1.366600 1.425685 -0.199658
v -1.400598 1.328145 -0.225905
v -1.400598 1.328145 -0.191296
v -1.410609 1.328145 -0.208631
v -1.380638 1.328145 -0.225905
v -1.380638 1.328145 -0.191296
v -1.378624 1.425685 -0.220472
v -1.402612 1.425685 -0.220472
v -1.370628 1.328145 -0.208631
v -1.366600 1.425685 -0.199658
v -1.378624 1.425685 -0.178905
v -1.402612 1.425685 -0.178905
v -1.414637 1.425685 -0.199658
v -1.380638 1.328145 -0.225905
v -1.380638 1.357688 -0.216993
v -1.400598 1.357688 -0.216993
v -1.400598 1.328145 -0.225905
v -1.400598 1.357688 -0.182384
v -1.380638 1.328145 -0.191296
v -1.410609 1.375023 -0.199658
v -1.400598 1.328145 -0.191296
v -1.400598 1.357688 -0.182384
v -1.380638 1.357688 -0.182384
v -1.410609 1.375023 -0.124641
v -1.400598 1.392297 -0.124641
v -1.400598 1.392297 -0.182384
v -1.400598 1.357688 -0.124641
v -1.410609 1.375023 -0.124641
v -1.370628 1.375023 -0.199658
v -1.380638 1.392297 -0.182384
v -1.410609 1.375023 -0.199658
v 1.308185 0.156260 -0.408899
v 1.308124 0.259537 -0.441250
v 1.308124 0.259537 -0.408899
v -1.380638 1.392297 -0.124641
v -1.380638 1.357688 -0.124641
v -1.370628 1.375023 -0.124641
v 1.336141 0.259537 -0.457425
v -1.370628 1.375023 -0.124641
v -1.370628 1.375023 -0.199658
v -1.380638 1.357688 -0.182384
v 1.308124 0.259537 -0.441250
v 1.308185 0.156260 -0.441250
v -1.380638 1.392297 -0.124641
v -1.400598 1.392297 -0.124641
v -1.400598 1.392297 -0.182384
v -1.380638 1.392297 -0.182384
v -1.400598 1.357688 -0.124641
v -1.380638 1.357688 -0.124641
v -1.380638 1.357688 -0.182384
v -1.400598 1.357688 -0.182384
v -1.410609 1.375023 -0.199658
v -1.410609 1.375023 -0.246536
v -1.400598 1.392297 -0.246536
v -1.400598 1.392297 -0.216993
v -1.400598 1.357688 -0.246536
v -1.410609 1.375023 -0.246536
v -1.410609 1.375023 -0.199658
v -1.400598 1.357688 -0.216993
v -1.380638 1.357688 -0.246536
v -1.400598 1.357688 -0.246536
v -1.400598 1.357688 -0.216993
v -1.380638 1.357688 -0.216993
v -1.370628 1.375023 -0.199658
v -1.370628 1.375023 -0.246536
v -1.380638 1.357688 -0.246536
v -1.380638 1.357688 -0.216993
v -1.370628 1.375023 -0.246536
v -1.380638 1.392297 -0.216993
v -1.400598 1.392297 -0.246536
v -1.380638 1.392297 -0.246536
v -1.400598 1.392297 -0.216993
v -1.370628 1.375023 -0.199658
v 1.336141 0.259537 -0.457425
v 1.336141 0.156260 -0.457364
v 1.308185 0.156260 -0.441250
v -1.380638 1.392297 -0.246536
v -1.400598 1.357688 -0.246536
v -1.380638 1.357688 -0.246536
v -1.380638 1.392297 -0.216993
v 1.364158 0.156260 -0.441250
v -1.410609 1.375023 -0.246536
v -1.380638 1.392297 -0.246536
v -1.370628 1.375023 -0.246536
v 1.336141 0.156260 -0.457364
v 1.364219 0.259537 -0.441250
v -1.400598 1.392297 -0.246536
v -1.380638 1.357688 -0.216993
v -1.370628 1.328145 -0.208631
v -1.380638 1.328145 -0.225905
v -1.378624 1.425685 -0.178905
v -1.380638 1.392297 -0.182384
v -1.370628 1.375023 -0.199658
v -1.366600 1.425685 -0.199658
v -1.400598 1.328145 -0.191296
v -1.400598 1.357688 -0.182384
v -1.370628 1.375023 -0.199658
v -1.410609 1.328145 -0.208631
v -1.402612 1.425685 -0.220472
v -1.400598 1.392297 -0.216993
v -1.410609 1.375023 -0.199658
v -1.414637 1.425685 -0.199658
v -1.171885 1.452420 -0.068425
v -1.171885 1.452420 -0.068425
v -1.410609 1.375023 -0.199658
v -1.139413 1.452420 -0.035891
v -1.183788 1.452420 -0.024049
v -1.171885 1.452420 -0.068425
v -1.171885 1.452420 -0.068425
v -1.216261 1.452420 -0.056522
v -1.204358 1.452420 -0.100897
v -1.159983 1.452420 -0.112800
v -1.171885 1.452420 -0.068425
v -1.171885 1.452420 -0.068425
v -1.127510 1.452420 -0.080327
v -1.106940 1.434231 -0.068425
v -1.159983 1.452420 -0.112800
v -1.124336 0.916560 -0.068425
v -1.130684 0.916560 -0.044619
v -1.139413 1.434231 -0.012147
v -1.115608 1.434231 -0.035952
v -1.148080 0.916560 -0.027223
v -1.171885 0.916560 -0.020814
v -1.204358 1.434231 -0.012147
v -1.171885 1.434231 -0.003479
v -1.195630 0.916560 -0.027223
v -1.213087 0.916560 -0.044619
v -1.236831 1.434231 -0.068425
v -1.228102 1.434231 -0.035952
v -1.219435 0.916560 -0.068425
v -1.213087 0.916560 -0.092169
v -1.204358 1.434231 -0.124641
v -1.228102 1.434231 -0.100897
v -1.171885 1.434231 -0.133370
v -1.171885 0.916560 -0.115974
v -1.171885 1.434231 -0.133370
v -1.195630 0.916560 -0.109626
v -1.171885 0.916560 -0.115974
v -1.115608 1.434231 -0.100897
v -1.148080 0.916560 -0.109626
v -1.139413 1.434231 -0.124641
v -1.130684 0.916560 -0.092169
v -1.159495 1.571934 -0.221083
v -1.147165 1.571934 -0.199658
v -1.171885 1.581090 -0.199658
v -1.171885 1.581090 -0.199658
v -1.159495 1.571934 -0.178295
v -1.171885 1.581090 -0.199658
v -1.147165 1.571934 -0.199658
v -1.159495 1.571934 -0.178295
v -1.171885 1.581090 -0.199658
v -1.184215 1.571934 -0.178295
v -1.184215 1.571934 -0.178295
v -1.196606 1.571934 -0.199658
v -1.196606 1.571934 -0.199658
v -1.184215 1.571934 -0.221083
v -1.171885 1.581090 -0.199658
v -1.171885 1.581090 -0.199658
v -1.159495 1.571934 -0.221083
v -1.140328 1.551669 -0.199658
v -1.184215 1.571934 -0.221083
v -1.156137 1.551669 -0.227004
v -1.156137 1.551669 -0.172374
v -1.140328 1.551669 -0.199658
v -1.171885 1.338766 -0.199658
v -1.171885 1.338766 -0.199658
v -1.156137 1.551669 -0.172374
v -1.171885 1.338766 -0.199658
v -1.187634 1.551669 -0.172374
v -1.203382 1.551669 -0.199658
v -1.171885 1.338766 -0.199658
v -1.187634 1.551669 -0.227004
v -1.187634 1.551669 -0.172374
v -1.203382 1.551669 -0.199658
v -1.156137 1.551669 -0.227004
v -1.187634 1.551669 -0.227004
v -1.171885 1.338766 -0.199658
v -1.171885 1.338766 -0.199658
v -1.159861 1.425685 -0.220472
v -1.181835 1.392297 -0.216993
v -1.183910 1.425685 -0.220472
v -1.161875 1.392297 -0.216993
v -1.191845 1.328145 -0.208631
v -1.181835 1.357688 -0.216993
v -1.181835 1.328145 -0.225905
v -1.191845 1.375023 -0.199658
v -1.181835 1.392297 -0.182384
v -1.191845 1.375023 -0.199658
v -1.183910 1.425685 -0.178905
v -1.159861 1.425685 -0.178905
v -1.161875 1.392297 -0.182384
v -1.181835 1.392297 -0.182384
v -1.183910 1.425685 -0.178905
v -1.161875 1.328145 -0.191296
v -1.151926 1.375023 -0.199658
v -1.159861 1.425685 -0.220472
v -1.161875 1.357688 -0.182384
v -1.147836 1.425685 -0.199658
v -1.151926 1.375023 -0.199658
v -1.181835 1.328145 -0.225905
v -1.161875 1.392297 -0.216993
v -1.161875 1.328145 -0.225905
v -1.191845 1.328145 -0.208631
v -1.161875 1.328145 -0.191296
v -1.181835 1.328145 -0.191296
v -1.151926 1.328145 -0.208631
v -1.183910 1.425685 -0.220472
v -1.147836 1.425685 -0.199658
v -1.159861 1.425685 -0.220472
v -1.195874 1.425685 -0.199658
v -1.183910 1.425685 -0.178905
v -1.161875 1.328145 -0.225905
v -1.159861 1.425685 -0.178905
v -1.181835 1.328145 -0.225905
v -1.181835 1.357688 -0.216993
v -1.181835 1.328145 -0.191296
v -1.161875 1.357688 -0.216993
v -1.161875 1.328145 -0.191296
v -1.161875 1.357688 -0.182384
v -1.191845 1.375023 -0.199658
v -1.181835 1.357688 -0.182384
v -1.181835 1.357688 -0.182384
v -1.181835 1.357688 -0.124641
v -1.181835 1.392297 -0.124641
v -1.191845 1.375023 -0.124641
v -1.181835 1.392297 -0.182384
v -1.191845 1.375023 -0.199658
v -1.151926 1.375023 -0.199658
v -1.191845 1.375023 -0.124641
v -1.161875 1.392297 -0.182384
v -1.161875 1.392297 -0.124641
v -1.161875 1.357688 -0.124641
v -1.151926 1.375023 -0.124641
v -1.161875 1.357688 -0.182384
v -1.151926 1.375023 -0.199658
v -1.161875 1.392297 -0.124641
v -1.151926 1.375023 -0.124641
v -1.161875 1.392297 -0.182384
v -1.181835 1.392297 -0.182384
v -1.181835 1.357688 -0.124641
v -1.181835 1.392297 -0.124641
v -1.181835 1.357688 -0.182384
v -1.161875 1.357688 -0.182384
v -1.191845 1.375023 -0.199658
v -1.161875 1.357688 -0.124641
v -1.181835 1.392297 -0.216993
v -1.181835 1.392297 -0.246536
v -1.181835 1.357688 -0.246536
v -1.191845 1.375023 -0.246536
v -1.181835 1.357688 -0.216993
v -1.191845 1.375023 -0.199658
v -1.161875 1.357688 -0.246536
v -1.191845 1.375023 -0.246536
v -1.161875 1.357688 -0.216993
v -1.181835 1.357688 -0.216993
v -1.151926 1.375023 -0.199658
v -1.181835 1.357688 -0.246536
v 0.058780 0.122688 0.379906
v 0.058780 0.067265 0.324483
v 0.084783 0.100043 0.301837
v 0.084783 0.122688 0.292498
v -0.084783 0.145273 0.347067
v 1.000000 0.186657 0.324483
v 0.084783 0.145273 0.301837
v 1.000000 0.167918 0.279253
v 0.084783 0.122688 0.356467
v 0.084783 0.100043 0.301837
v -0.084783 0.100043 0.347067
v -0.084783 0.122688 0.356467
v 0.084783 0.090643 0.324483
v 0.084783 0.145273 0.347067
v 0.084783 0.122688 0.356467
v -0.084783 0.090643 0.324483
v -0.084783 0.154673 0.324483
v 0.941220 0.178050 0.324483
v 0.941220 0.067265 0.324483
v 0.941220 0.067265 0.324483
v 0.915217 0.090643 0.324483
v 1.000000 0.077397 0.279253
v 0.915217 0.100043 0.301837
v 1.000000 0.122688 0.260514
v 1.000000 0.186657 0.324483
v 1.000000 0.167918 0.369713
v 0.084783 0.145273 0.301837
v 1.000000 0.122688 0.388451
v 1.000000 0.122688 0.388451
v 0.915217 0.145273 0.301837
v 0.941220 0.161875 0.285296
v 0.941220 0.122688 0.269059
v 0.915217 0.145273 0.301837
v 0.915217 0.122688 0.292498
v 0.941220 0.122688 0.269059
v 0.941220 0.083501 0.285296
v 0.915217 0.100043 0.301837
v 0.084783 0.100043 0.347067
v 0.084783 0.090643 0.324483
v 0.915217 0.154673 0.324483
v 0.915217 0.100043 0.347067
v 0.058780 0.083501 0.363670
v 0.058780 0.083501 0.363670
v 0.941220 0.083501 0.363670
v 0.915217 0.090643 0.324483
v 0.084783 0.122688 0.292498
v 1.000000 0.122688 0.260514
v 0.084783 0.100043 0.347067
v 0.084783 0.154673 0.324483
v 0.941220 0.178050 0.324483
v 0.915217 0.145273 0.347067
v 0.941220 0.161875 0.363670
v 0.915217 0.122688 0.292498
v -1.161875 1.357688 -0.216993
v -1.161875 1.357688 -0.246536
v -1.161875 1.392297 -0.246536
v -1.151926 1.375023 -0.246536
v -1.161875 1.392297 -0.216993
v -1.151926 1.375023 -0.199658
v -1.181835 1.392297 -0.246536
v -1.151926 1.375023 -0.246536
v -1.181835 1.392297 -0.216993
v -1.161875 1.392297 -0.216993
v -1.181835 1.357688 -0.246536
v -1.161875 1.392297 -0.246536
v -1.161875 1.357688 -0.246536
v -1.191845 1.375023 -0.246536
v -1.161875 1.392297 -0.246536
v -1.151926 1.375023 -0.246536
v -1.181835 1.392297 -0.246536
v -1.161875 1.357688 -0.216993
v -1.151926 1.328145 -0.208631
v -1.161875 1.328145 -0.225905
v -1.151926 1.375023 -0.199658
v -1.161875 1.392297 -0.182384
v -1.147836 1.425685 -0.199658
v -1.159861 1.425685 -0.178905
v -1.151926 1.375023 -0.199658
v -1.181835 1.357688 -0.182384
v -1.191845 1.328145 -0.208631
v -1.181835 1.328145 -0.191296
v -1.191845 1.375023 -0.199658
v -1.181835 1.392297 -0.216993
v -1.195874 1.425685 -0.199658
v -1.183910 1.425685 -0.220472
v -1.191845 1.375023 -0.199658
v 0.915217 0.145273 0.301837
v 0.915217 0.100043 0.301837
v 0.915217 0.122688 0.292498
v 0.915217 0.154673 0.324483
v 1.084783 0.122688 0.356467
v 1.084783 0.145273 0.347067
v 0.915217 0.090643 0.324483
v 1.084783 0.100043 0.347067
v 1.084783 0.090643 0.324483
v 1.084783 0.122688 0.292498
v 1.084783 0.154673 0.324483
v 1.084783 0.100043 0.301837
v 0.915217 0.145273 0.347067
v 0.915217 0.122688 0.356467
v 1.084783 0.145273 0.301837
v 0.915217 0.100043 0.347067
v 1.084783 0.090643 0.324483
v 1.084783 0.100043 0.347067
v 1.084783 0.100043 0.301837
v 1.084783 0.122688 0.356467
v 1.084783 0.145273 0.347067
v 1.084783 0.154673 0.324483
v 1.084783 0.145273 0.347067
v 0.941220 0.122688 0.379906
v 0.915217 0.122688 0.356467
v 0.915217 0.145273 0.347067
v 0.941220 0.122688 0.379906
v 1.084783 0.145273 0.301837
v 1.084783 0.122688 0.292498
v 1.084783 0.122688 0.292498
v 1.084783 0.145273 0.301837
v 1.084783 0.100043 0.301837
v 1.058780 0.083501 0.363670
v 1.058780 0.083501 0.363670
v 1.058780 0.067265 0.324483
v 1.058780 0.122688 0.379906
v 1.058780 0.161875 0.363670
v 1.058780 0.178050 0.324483
v 1.058780 0.161875 0.363670
v 1.058780 0.161875 0.285296
v 1.058780 0.122688 0.269059
v 1.058780 0.122688 0.269059
v 1.058780 0.161875 0.285296
v 1.058780 0.083501 0.285296
v 1.000000 0.058658 0.324483
v 1.000000 0.077397 0.369713
v 1.000000 0.058658 0.324483
v 0.084783 0.145273 0.347067
v 0.084783 0.154673 0.324483
v 0.084783 0.100043 0.301837
v 0.084783 0.145273 0.301837
v -0.084783 0.145273 0.301837
v -0.084783 0.100043 0.301837
v 0.084783 0.145273 0.347067
v 0.058780 0.178050 0.324483
v 0.058780 0.161875 0.363670
v 0.058780 0.161875 0.363670
v 0.084783 0.122688 0.292498
v -0.084783 0.122688 0.292498
v 0.058780 0.161875 0.285296
v 0.058780 0.122688 0.269059
v 0.058780 0.122688 0.269059
v 0.058780 0.161875 0.285296
v 0.058780 0.083501 0.285296
v 0.000000 0.058658 0.324483
v 0.000000 0.077397 0.369713
v 0.000000 0.058658 0.324483
v 0.000000 0.122688 0.388451
v 0.000000 0.167918 0.369713
v 0.000000 0.186657 0.324483
v 0.000000 0.122688 0.388451
v 0.000000 0.186657 0.324483
v 0.000000 0.122688 0.260514
v 0.000000 0.122688 0.260514
v 0.000000 0.167918 0.279253
v 0.000000 0.077397 0.279253
v -0.084783 0.100043 0.301837
v -0.084783 0.090643 0.324483
v -0.058780 0.067265 0.324483
v -0.058780 0.067265 0.324483
v -0.058780 0.083501 0.363670
v -0.058780 0.122688 0.379906
v -0.084783 0.090643 0.324483
v -0.084783 0.100043 0.347067
v -0.084783 0.122688 0.356467
v -0.084783 0.145273 0.347067
v -0.058780 0.122688 0.379906
v -0.058780 0.161875 0.363670
v -0.084783 0.145273 0.347067
v -0.058780 0.178050 0.324483
v -0.058780 0.178050 0.324483
v -0.084783 0.154673 0.324483
v -0.058780 0.161875 0.285296
v -0.058780 0.122688 0.269059
v -0.084783 0.145273 0.301837
v -0.084783 0.145273 0.301837
v -0.058780 0.122688 0.269059
v -0.058780 0.083501 0.285296
v -0.084783 0.122688 0.292498
v -0.084783 0.122688 0.292498
v -1.084783 0.122688 0.292498
v -1.084783 0.145273 0.301837
v -0.084783 0.100043 0.301837
v -1.084783 0.100043 0.301837
v -1.084783 0.090643 0.324483
v -0.915217 0.122688 0.356467
v -1.084783 0.154673 0.324483
v -0.915217 0.145273 0.347067
v -0.915217 0.154673 0.324483
v -0.915217 0.090643 0.324483
v -0.915217 0.100043 0.347067
v -0.915217 0.122688 0.292498
v -0.915217 0.145273 0.301837
v -1.084783 0.145273 0.347067
v -0.915217 0.100043 0.301837
v -1.084783 0.122688 0.356467
v -0.915217 0.100043 0.301837
v -0.915217 0.090643 0.324483
v -1.084783 0.100043 0.347067
v -0.915217 0.100043 0.347067
v -0.915217 0.145273 0.347067
v -0.915217 0.145273 0.347067
v -0.915217 0.122688 0.356467
v -0.915217 0.154673 0.324483
v -0.915217 0.145273 0.301837
v -0.915217 0.122688 0.292498
v -0.915217 0.145273 0.301837
v -0.915217 0.122688 0.292498
v -0.941220 0.067265 0.324483
v -0.941220 0.083501 0.363670
v -0.915217 0.100043 0.301837
v -0.941220 0.083501 0.363670
v -0.941220 0.161875 0.363670
v -0.941220 0.161875 0.363670
v -0.941220 0.122688 0.379906
v -0.941220 0.178050 0.324483
v -0.941220 0.161875 0.285296
v -0.941220 0.122688 0.269059
v -0.941220 0.161875 0.285296
v -1.000000 0.186657 0.324483
v -1.000000 0.186657 0.324483
v -1.000000 0.167918 0.369713
v -1.000000 0.122688 0.388451
v -1.000000 0.122688 0.388451
v -1.000000 0.077397 0.369713
v -1.058780 0.067265 0.324483
v -1.000000 0.058658 0.324483
v -1.084783 0.090643 0.324483
v -1.000000 0.058658 0.324483
v -0.941220 0.083501 0.285296
v -0.941220 0.122688 0.269059
v -1.000000 0.122688 0.260514
v -1.000000 0.167918 0.279253
v -1.000000 0.077397 0.279253
v -1.058780 0.178050 0.324483
v -1.000000 0.122688 0.260514
v -1.084783 0.090643 0.324483
v -1.058780 0.122688 0.379906
v -1.058780 0.067265 0.324483
v -1.084783 0.100043 0.301837
v -1.084783 0.122688 0.292498
v -1.058780 0.178050 0.324483
v -1.084783 0.145273 0.347067
v -1.084783 0.145273 0.301837
v -1.058780 0.122688 0.269059
v -1.058780 0.161875 0.363670
v -1.084783 0.122688 0.356467
v -1.058780 0.083501 0.363670
v -1.084783 0.100043 0.347067
v -1.084783 0.122688 0.292498
v -1.084783 0.145273 0.301837
v -1.058780 0.083501 0.285296
v -1.058780 0.161875 0.285296
v -1.084783 0.154673 0.324483
v -1.084783 0.145273 0.347067
v -1.058780 0.122688 0.379906
v -1.058780 0.122688 0.269059
v -1.953122 0.096991 0.250015
v -1.930843 0.109809 0.250015
v -1.975401 0.109809 0.250015
v -1.930843 0.135506 0.250015
v -1.953122 0.096991 0.302204
v -1.953122 0.096991 0.302204
v -1.946591 0.096991 0.317952
v -1.946591 0.096991 0.317952
v -1.953122 0.148386 0.302204
v -1.953122 0.148386 0.250015
v -1.975401 0.109809 0.302204
v -1.975401 0.135506 0.250015
v -1.084783 0.100043 0.301837
v -1.953122 0.096991 0.250015
v -1.930843 0.148386 0.324483
v -1.930843 0.135506 0.302204
v 0.000000 0.096991 0.324483
v 0.000000 0.096991 0.324483
v -1.930843 0.096991 0.324483
v -1.930843 0.135506 0.302204
v -1.975401 0.135506 0.302204
v -1.930843 0.148386 0.324483
v -1.930843 0.135506 0.346701
v 0.000000 0.148386 0.324483
v -1.930843 0.109809 0.346701
v 0.000000 0.109809 0.346701
v -1.930843 0.096991 0.324483
v -1.962339 0.109809 0.333700
v -1.946591 0.096991 0.317952
v -1.930843 0.096991 0.324483
v 0.000000 0.109809 0.302204
v 0.000000 0.135506 0.346701
v -1.930843 0.135506 0.302204
v -1.930843 0.096991 0.324483
v -1.946591 0.148386 0.317952
v -1.962339 0.135506 0.333700
v -1.930843 0.109809 0.302204
v 0.000000 0.135506 0.302204
v 0.000000 0.109809 0.346701
v 1.930843 0.109809 0.346701
v 0.000000 0.135506 0.346701
v 1.930843 0.135506 0.346701
v 1.930843 0.109809 0.250015
v 1.930843 0.135506 0.250015
v 1.953122 0.096991 0.302204
v 1.975401 0.135506 0.302204
v 1.946591 0.096991 0.317952
v 1.975401 0.109809 0.302204
v 1.930843 0.135506 0.302204
v -1.930843 0.109809 0.302204
v 1.953122 0.096991 0.250015
v 1.930843 0.096991 0.324483
v 1.946591 0.096991 0.317952
v -0.977721 0.109809 0.302204
v 0.000000 0.148386 0.324483
v -1.000000 0.096991 0.250015
v -1.022279 0.109809 0.250015
v -1.000000 0.096991 0.302204
v -1.022279 0.109809 0.302204
v -1.022279 0.135506 0.250015
v 0.000000 0.096991 0.324483
v 1.930843 0.096991 0.324483
v 0.000000 0.096991 0.324483
v -1.000000 0.148386 0.250015
v -0.977721 0.135506 0.250015
v 1.953122 0.096991 0.302204
v 1.953122 0.148386 0.302204
v 1.930843 0.096991 0.324483
v 1.962339 0.109809 0.333700
v 1.930843 0.148386 0.324483
v 0.000000 0.135506 0.302204
v -1.000000 0.096991 0.302204
v -1.022279 0.109809 0.250015
v -1.022279 0.135506 0.302204
v 1.930843 0.096991 0.324483
v -0.977721 0.109809 0.250015
v -1.022279 0.135506 0.302204
v 1.953122 0.148386 0.250015
v 1.975401 0.135506 0.250015
v 1.946591 0.096991 0.317952
v 1.962339 0.135506 0.333700
v 1.946591 0.148386 0.317952
v 1.930843 0.135506 0.302204
v -0.977721 0.109809 0.250015
v -1.000000 0.096991 0.250015
v -1.022279 0.109809 0.302204
v -0.977721 0.135506 0.302204
v -1.000000 0.148386 0.302204
v -1.022279 0.135506 0.250015
v 1.975401 0.109809 0.250015
v 1.953122 0.096991 0.250015
v 1.930843 0.109809 0.302204
v 1.930843 0.148386 0.324483
v 1.930843 0.135506 0.302204
v 0.000000 0.109809 0.302204
v 1.930843 0.109809 0.302204
v -1.000000 0.148386 0.250015
v -0.977721 0.135506 0.250015
v -1.000000 0.148386 0.302204
v 0.000000 0.096991 0.302204
v -0.022279 0.109809 0.302204
v -0.022279 0.135506 0.250015
v -0.977721 0.135506 0.302204
v 0.000000 0.096991 0.250015
v -0.977721 0.109809 0.302204
v 0.022279 0.109809 0.250015
v 0.000000 0.096991 0.302204
v 0.000000 0.096991 0.250015
v -0.022279 0.109809 0.250015
v 0.022279 0.109809 0.302204
v -0.022279 0.109809 0.250015
v -0.022279 0.135506 0.302204
v -0.022279 0.135506 0.250015
v 0.000000 0.148386 0.250015
v -0.022279 0.109809 0.302204
v 1.000000 0.148386 0.302204
v 1.022279 0.109809 0.250015
v 1.022279 0.135506 0.250015
v 1.022279 0.109809 0.302204
v 0.022279 0.109809 0.250015
v 0.022279 0.135506 0.250015
v 0.022279 0.109809 0.302204
v 1.000000 0.096991 0.302204
v 1.000000 0.096991 0.250015
v 1.022279 0.109809 0.250015
v 1.022279 0.109809 0.302204
v 0.000000 0.148386 0.302204
v -0.022279 0.135506 0.302204
v 0.977721 0.109809 0.250015
v 0.977721 0.135506 0.250015
v 1.562473 0.795703 -0.406275
v 1.022279 0.135506 0.302204
v 1.582189 0.157175 -0.406275
v 1.562473 0.592260 -0.406275
v 1.562473 0.157175 -0.406275
v 1.562473 0.185375 -0.406275
v 1.562473 0.388818 -0.406275
v 0.977721 0.135506 0.302204
v 1.022279 0.135506 0.250015
v 1.000000 0.148386 0.250015
v 1.562473 0.308368 -0.406275
v 1.624000 0.246902 -0.254410
v 0.022279 0.135506 0.302204
v 0.977721 0.109809 0.250015
v 1.000000 0.096991 0.250015
v 0.977721 0.135506 0.302204
v 1.749680 0.779467 -0.254410
v 1.824330 0.854056 -0.254410
v 1.562473 0.715254 -0.254410
v 1.562473 0.715254 -0.406275
v 1.570225 0.755478 -0.406275
v 1.022279 0.135506 0.302204
v 1.624000 0.450345 -0.254410
v 1.624000 0.246902 -0.406275
v 0.000000 0.148386 0.302204
v 0.022279 0.135506 0.302204
v 0.977721 0.109809 0.302204
v 0.977721 0.109809 0.302204
v 0.977721 0.135506 0.250015
v 1.749680 0.779467 -0.406275
v 1.562473 0.715254 -0.406275
v 1.624000 0.653787 -0.254410
v 1.562473 0.511811 -0.406275
v 1.562473 0.308368 -0.254410
v 1.570225 0.348593 -0.406275
v 1.562473 0.308368 -0.406275
v 0.000000 0.148386 0.250015
v 0.022279 0.135506 0.250015
v 1.000000 0.096991 0.302204
v 1.000000 0.148386 0.302204
v 1.000000 0.148386 0.250015
v 1.824330 0.854056 -0.406275
v 1.624000 0.653787 -0.406275
v 1.570225 0.552036 -0.406275
v 1.562473 0.511811 -0.406275
v 1.624000 0.450345 -0.406275
v 1.875359 0.653787 -0.406275
v 1.937496 0.795092 -0.254410
v 1.875359 0.653787 -0.254410
v 1.875359 0.450345 -0.406275
v 1.875359 0.450345 -0.254410
v 1.562473 0.511811 -0.254410
v 1.937496 0.388207 -0.406275
v 1.937496 0.388207 -0.254410
v 1.937496 0.795092 -0.406275
v 1.878533 0.854056 -0.254410
v 1.878533 0.854056 -0.406275
v 1.937496 0.591650 -0.406275
v 1.937496 0.591650 -0.254410
v 1.929134 0.755478 -0.406275
v 1.937496 0.795092 -0.406275
v 1.937496 0.715864 -0.406275
v 1.725691 0.755478 -0.254410
v 1.647989 0.833242 -0.254410
v 1.725691 0.755478 -0.406275
v 1.647989 0.833242 -0.406275
v 1.875359 0.450345 -0.254410
v 1.937496 0.512421 -0.406275
v 1.875359 0.450345 -0.406275
v 1.620888 0.854056 -0.406275
v 1.620888 0.854056 -0.254410
v 1.562473 0.795703 -0.406275
v 1.562473 0.592260 -0.254410
v 1.937496 0.591650 -0.406275
v 1.875359 0.246902 -0.406275
v 1.647989 0.677715 -0.406275
v 1.725691 0.755478 -0.254410
v 1.929134 0.552036 -0.254410
v 1.675090 0.854056 -0.254410
v 1.929134 0.552036 -0.406275
v 1.851431 0.474272 -0.406275
v 1.851431 0.474272 -0.254410
v 1.773668 0.552036 -0.254410
v 1.773668 0.552036 -0.406275
v 1.647989 0.833242 -0.254410
v 1.570225 0.755478 -0.254410
v 1.647989 0.833242 -0.406275
v 1.851431 0.629799 -0.406275
v 1.929134 0.552036 -0.406275
v 1.562473 0.795703 -0.254410
v 1.624000 0.653787 -0.254410
v 1.562473 0.592260 -0.406275
v 1.725691 0.755478 -0.406275
v 1.749680 0.779467 -0.254410
v 1.675090 0.854056 -0.406275
v 1.851431 0.474272 -0.254410
v 1.851431 0.474272 -0.406275
v 1.851431 0.629799 -0.254410
v 1.570225 0.755478 -0.406275
v 1.824330 0.854056 -0.406275
v 1.851431 0.629799 -0.254410
v 1.937496 0.512421 -0.254410
v 1.937496 0.184765 -0.254410
v 1.624000 0.653787 -0.406275
v 1.570225 0.755478 -0.254410
v 1.570225 0.755478 -0.406275
v 1.749680 0.779467 -0.406275
v 1.875359 0.653787 -0.406275
v 1.937496 0.715864 -0.406275
v 1.773668 0.552036 -0.254410
v 1.620888 0.854056 -0.406275
v 1.929134 0.552036 -0.254410
v 1.773668 0.552036 -0.406275
v 1.937496 0.184765 -0.406275
v 1.875359 0.246902 -0.254410
v 1.647989 0.677715 -0.254410
v 1.647989 0.677715 -0.406275
v 1.647989 0.677715 -0.254410
v 1.937496 0.715864 -0.254410
v 1.875359 0.653787 -0.254410
v 1.851431 0.629799 -0.406275
v 1.851431 0.833242 -0.406275
v 1.878533 0.854056 -0.406275
v 1.851431 0.629799 -0.406275
v 1.875359 0.653787 -0.406275
v 1.647989 0.474272 -0.406275
v 1.647989 0.677715 -0.406275
v 1.937496 0.308979 -0.406275
v 1.624000 0.653787 -0.406275
v 1.785631 0.157175 -0.406275
v 1.937496 0.512421 -0.406275
v 1.624000 0.246902 -0.406275
v 1.647989 0.270891 -0.406275
v 1.929134 0.552036 -0.406275
v 1.624000 0.450345 -0.406275
v 1.647989 0.833242 -0.406275
v 1.749680 0.779467 -0.406275
v 1.725691 0.755478 -0.406275
v 1.675090 0.854056 -0.406275
v 1.749680 0.731490 -0.406275
v 1.671916 0.653787 -0.406275
v 1.827443 0.653787 -0.406275
v 1.773668 0.755478 -0.406275
v 1.851431 0.677715 -0.406275
v 1.917170 0.157175 -0.406275
v 1.851431 0.222914 -0.406275
v 1.937496 0.157175 -0.406275
v 1.937496 0.184765 -0.406275
v 1.929134 0.348593 -0.406275
v 1.851431 0.426357 -0.406275
v 1.875359 0.246902 -0.406275
v 1.937496 0.388207 -0.406275
v 1.647989 0.629799 -0.406275
v 1.851431 0.474272 -0.406275
v 1.875359 0.450345 -0.406275
v 1.827443 0.450345 -0.406275
v 1.773668 0.552036 -0.406275
v 1.671916 0.653787 -0.406275
v 1.749680 0.528047 -0.406275
v 1.725691 0.552036 -0.406275
v 1.749680 0.576024 -0.406275
v 1.647989 0.629799 -0.406275
v 1.725691 0.348593 -0.406275
v 1.671916 0.450345 -0.406275
v 1.749680 0.372581 -0.406275
v 1.647989 0.426357 -0.406275
v 1.827443 0.246902 -0.406275
v 1.773668 0.348593 -0.406275
v 1.851431 0.270891 -0.406275
v 1.749680 0.324605 -0.406275
v 1.713728 0.157175 -0.406275
v 1.671916 0.246902 -0.406275
v 1.749680 0.169139 -0.406275
v 1.647989 0.222914 -0.406275
v 1.827443 0.246902 -0.359397
v 1.749680 0.169139 -0.406275
v 1.749680 0.169139 -0.359397
v 1.827443 0.246902 -0.406275
v 1.749680 0.324605 -0.359397
v 1.827443 0.246902 -0.406275
v 1.827443 0.246902 -0.359397
v 1.749680 0.324605 -0.406275
v 1.749680 0.169139 -0.359397
v 1.671916 0.246902 -0.406275
v 1.671916 0.246902 -0.359397
v 1.749680 0.169139 -0.406275
v 1.671916 0.246902 -0.359397
v 1.749680 0.324605 -0.406275
v 1.749680 0.324605 -0.359397
v 1.671916 0.246902 -0.406275
v 1.929134 0.348593 -0.359397
v 1.851431 0.270891 -0.406275
v 1.851431 0.270891 -0.359397
v 1.929134 0.348593 -0.406275
v 1.851431 0.426357 -0.359397
v 1.929134 0.348593 -0.406275
v 1.929134 0.348593 -0.359397
v 1.851431 0.426357 -0.406275
v 1.851431 0.270891 -0.359397
v 1.773668 0.348593 -0.406275
v 1.773668 0.348593 -0.359397
v 1.851431 0.270891 -0.406275
v 1.773668 0.348593 -0.359397
v 1.851431 0.426357 -0.406275
v 1.851431 0.426357 -0.359397
v 1.773668 0.348593 -0.406275
v 1.827443 0.450345 -0.359397
v 1.749680 0.372581 -0.406275
v 1.749680 0.372581 -0.359397
v 1.827443 0.450345 -0.406275
v 1.749680 0.528047 -0.359397
v 1.827443 0.450345 -0.406275
v 1.827443 0.450345 -0.359397
v 1.749680 0.528047 -0.406275
v 1.749680 0.372581 -0.359397
v 1.671916 0.450345 -0.406275
v 1.671916 0.450345 -0.359397
v 1.749680 0.372581 -0.406275
v 1.749680 0.528047 -0.359397
v 1.671916 0.450345 -0.406275
v 1.671916 0.450345 -0.359397
v 1.647989 0.474272 -0.359397
v 1.749680 0.528047 -0.406275
v 1.725691 0.552036 -0.406275
v 1.647989 0.474272 -0.406275
v 1.647989 0.629799 -0.359397
v 1.725691 0.552036 -0.359397
v 1.725691 0.552036 -0.406275
v 1.725691 0.552036 -0.359397
v 1.647989 0.629799 -0.406275
v 1.647989 0.474272 -0.359397
v 1.570225 0.552036 -0.406275
v 1.570225 0.552036 -0.359397
v 1.647989 0.474272 -0.406275
v 1.570225 0.552036 -0.359397
v 1.647989 0.629799 -0.359397
v 1.570225 0.552036 -0.406275
v 1.827443 0.653787 -0.359397
v 1.749680 0.576024 -0.406275
v 1.749680 0.576024 -0.359397
v 1.827443 0.653787 -0.406275
v 1.749680 0.576024 -0.359397
v 1.671916 0.653787 -0.359397
v 1.749680 0.576024 -0.406275
v 1.671916 0.653787 -0.359397
v 1.749680 0.731490 -0.406275
v 1.749680 0.731490 -0.359397
v 1.671916 0.653787 -0.406275
v 1.749680 0.731490 -0.359397
v 1.827443 0.653787 -0.406275
v 1.827443 0.653787 -0.359397
v 1.749680 0.731490 -0.406275
v 1.929134 0.755478 -0.359397
v 1.851431 0.677715 -0.359397
v 1.773668 0.755478 -0.359397
v 1.773668 0.755478 -0.406275
v 1.851431 0.833242 -0.406275
v 1.851431 0.677715 -0.406275
v 1.851431 0.833242 -0.359397
v 1.929134 0.755478 -0.359397
v 1.875359 0.246902 -0.254410
v 1.875359 0.246902 -0.406275
v 1.937496 0.308979 -0.406275
v 1.785631 0.157175 -0.406275
v 1.851431 0.222914 -0.254410
v 1.917170 0.157175 -0.254410
v 1.582189 0.157175 -0.254410
v 1.582189 0.157175 -0.406275
v 1.647989 0.222914 -0.406275
v 1.851431 0.833242 -0.359397
v 1.929134 0.755478 -0.406275
v 1.851431 0.677715 -0.406275
v 1.773668 0.755478 -0.406275
v 1.851431 0.677715 -0.359397
v 1.773668 0.755478 -0.359397
v 1.937496 0.308979 -0.254410
v 1.851431 0.833242 -0.406275
v 1.929134 0.755478 -0.406275
v 1.851431 0.222914 -0.406275
v 1.785631 0.157175 -0.254410
v 1.851431 0.222914 -0.254410
v 1.647989 0.222914 -0.254410
v 1.851431 0.222914 -0.406275
v 1.917170 0.157175 -0.406275
v 1.713728 0.157175 -0.406275
v 1.647989 0.222914 -0.254410
v 1.713728 0.157175 -0.254410
v 1.851737 0.735519 -0.403711
v 1.834463 0.745468 -0.403711
v 1.869072 0.765489 -0.489105
v 1.869072 0.745468 -0.489105
v 1.851737 0.735519 -0.489105
v 1.834463 0.745468 -0.489105
v 1.562473 0.185375 -0.254410
v 1.725691 0.348593 -0.254410
v 1.624000 0.246902 -0.254410
v 1.647989 0.270891 -0.406275
v 1.725691 0.348593 -0.406275
v 1.725691 0.348593 -0.254410
v 1.647989 0.426357 -0.406275
v 1.570225 0.348593 -0.254410
v 1.647989 0.270891 -0.254410
v 1.570225 0.348593 -0.406275
v 1.647989 0.270891 -0.406275
v 1.647989 0.426357 -0.254410
v 1.570225 0.348593 -0.254410
v 1.562473 0.388818 -0.254410
v 1.570225 0.348593 -0.406275
v 1.624000 0.450345 -0.406275
v 1.562473 0.388818 -0.406275
v 1.869072 0.745468 -0.489105
v 1.851737 0.735519 -0.489105
v 1.869072 0.745468 -0.403711
v 1.869072 0.765489 -0.489105
v 1.869072 0.745468 -0.403711
v 1.851737 0.735519 -0.403711
v 1.562473 0.185375 -0.406275
v 1.647989 0.426357 -0.254410
v 1.647989 0.222914 -0.406275
v 1.725691 0.348593 -0.406275
v 1.624000 0.246902 -0.406275
v 1.624000 0.450345 -0.254410
v 1.647989 0.270891 -0.254410
v 1.851737 0.775438 -0.489105
v 1.647989 0.426357 -0.406275
v 1.869072 0.765489 -0.403711
v 1.869072 0.765489 -0.403711
v 1.647989 0.571995 -0.489105
v 1.851737 0.775438 -0.489105
v 1.851737 0.775438 -0.403711
v 1.834463 0.765489 -0.489105
v 1.834463 0.765489 -0.403711
v 1.834463 0.765489 -0.489105
v 1.851737 0.775438 -0.403711
v 1.834463 0.745468 -0.489105
v 1.834463 0.745468 -0.403711
v 1.851737 0.735519 -0.403711
v 1.834463 0.765489 -0.403711
v 1.851431 0.677715 -0.359397
v 1.665263 0.542086 -0.489105
v 1.851737 0.735519 -0.403711
v 1.834463 0.745468 -0.403711
v 1.869072 0.745468 -0.403711
v 1.851431 0.677715 -0.359397
v 1.851737 0.775438 -0.403711
v 1.929134 0.755478 -0.359397
v 1.869072 0.745468 -0.403711
v 1.869072 0.765489 -0.403711
v 1.851431 0.833242 -0.359397
v 1.929134 0.755478 -0.359397
v 1.851737 0.775438 -0.403711
v 1.869072 0.765489 -0.403711
v 1.834463 0.765489 -0.403711
v 1.773668 0.755478 -0.359397
v 1.834463 0.745468 -0.403711
v 1.851431 0.833242 -0.359397
v 1.834463 0.765489 -0.403711
v 1.834463 0.745468 -0.489105
v 1.834463 0.765489 -0.489105
v 1.773668 0.755478 -0.359397
v 1.869072 0.745468 -0.489105
v 1.869072 0.765489 -0.489105
v 1.851737 0.775438 -0.489105
v 1.851737 0.735519 -0.489105
v 1.766954 0.643777 -0.489105
v 1.766954 0.643777 -0.403711
v 1.766954 0.663737 -0.403711
v 1.766954 0.663737 -0.489105
v 1.766954 0.663737 -0.489105
v 1.766954 0.663737 -0.403711
v 1.749680 0.673747 -0.403711
v 1.749680 0.673747 -0.489105
v 1.749680 0.673747 -0.489105
v 1.749680 0.673747 -0.403711
v 1.732406 0.663737 -0.403711
v 1.732406 0.663737 -0.489105
v 1.732406 0.663737 -0.489105
v 1.732406 0.663737 -0.403711
v 1.732406 0.643777 -0.403711
v 1.732406 0.643777 -0.489105
v 1.732406 0.643777 -0.489105
v 1.732406 0.643777 -0.403711
v 1.749680 0.633767 -0.403711
v 1.749680 0.633767 -0.489105
v 1.749680 0.633767 -0.489105
v 1.749680 0.633767 -0.403711
v 1.766954 0.643777 -0.403711
v 1.766954 0.643777 -0.489105
v 1.766954 0.663737 -0.403711
v 1.749680 0.673747 -0.403711
v 1.749680 0.731490 -0.359397
v 1.766954 0.643777 -0.403711
v 1.766954 0.663737 -0.403711
v 1.749680 0.673747 -0.403711
v 1.732406 0.663737 -0.403711
v 1.827443 0.653787 -0.359397
v 1.749680 0.731490 -0.359397
v 1.732406 0.663737 -0.403711
v 1.671916 0.653787 -0.359397
v 1.732406 0.643777 -0.403711
v 1.749680 0.633767 -0.403711
v 1.732406 0.643777 -0.403711
v 1.671916 0.653787 -0.359397
v 1.749680 0.576024 -0.359397
v 1.749680 0.633767 -0.403711
v 1.766954 0.643777 -0.403711
v 1.766954 0.643777 -0.489105
v 1.749680 0.576024 -0.359397
v 1.749680 0.633767 -0.489105
v 1.827443 0.653787 -0.359397
v 1.732406 0.663737 -0.489105
v 1.766954 0.663737 -0.489105
v 1.630654 0.562046 -0.489105
v 1.749680 0.673747 -0.489105
v 1.630654 0.542086 -0.489105
v 1.732406 0.643777 -0.489105
v 1.630654 0.562046 -0.410303
v 1.630654 0.542086 -0.489105
v 1.647989 0.532076 -0.489105
v 1.630654 0.542086 -0.410303
v 1.630654 0.542086 -0.410303
v 1.647989 0.532076 -0.489105
v 1.647989 0.532076 -0.410303
v 1.647989 0.532076 -0.410303
v 1.665263 0.542086 -0.489105
v 1.665263 0.562046 -0.489105
v 1.665263 0.542086 -0.410303
v 1.665263 0.542086 -0.410303
v 1.665263 0.562046 -0.489105
v 1.665263 0.562046 -0.410303
v 1.665263 0.562046 -0.410303
v 1.647989 0.571995 -0.489105
v 1.630654 0.562046 -0.489105
v 1.647989 0.571995 -0.410303
v 1.647989 0.571995 -0.410303
v 1.630654 0.542086 -0.410303
v 1.630654 0.562046 -0.410303
v 1.630654 0.562046 -0.410303
v 1.647989 0.532076 -0.410303
v 1.630654 0.542086 -0.410303
v 1.647989 0.474272 -0.359397
v 1.647989 0.474272 -0.359397
v 1.665263 0.542086 -0.410303
v 1.665263 0.562046 -0.410303
v 1.665263 0.562046 -0.410303
v 1.647989 0.571995 -0.410303
v 1.725691 0.552036 -0.359397
v 1.630654 0.562046 -0.489105
v 1.647989 0.532076 -0.489105
v 1.647989 0.571995 -0.489105
v 1.732406 0.256852 -0.489105
v 1.732406 0.256852 -0.410303
v 1.732406 0.236892 -0.489105
v 1.732406 0.236892 -0.410303
v 1.749680 0.226943 -0.489105
v 1.749680 0.226943 -0.410303
v 1.665263 0.542086 -0.410303
v 1.647989 0.532076 -0.410303
v 1.570225 0.552036 -0.359397
v 1.647989 0.629799 -0.359397
v 1.647989 0.571995 -0.410303
v 1.725691 0.552036 -0.359397
v 1.570225 0.552036 -0.359397
v 1.647989 0.629799 -0.359397
v 1.630654 0.562046 -0.410303
v 1.665263 0.562046 -0.489105
v 1.665263 0.542086 -0.489105
v 1.630654 0.542086 -0.489105
v 1.749680 0.226943 -0.489105
v 1.732406 0.236892 -0.489105
v 1.732406 0.236892 -0.410303
v 1.766954 0.236892 -0.410303
v 1.749680 0.226943 -0.410303
v 1.766954 0.236892 -0.489105
v 1.749680 0.266862 -0.410303
v 1.827443 0.246902 -0.359397
v 1.749680 0.226943 -0.489105
v 1.749680 0.266862 -0.489105
v 1.766954 0.256852 -0.410303
v 1.749680 0.324605 -0.359397
v 1.766954 0.256852 -0.489105
v 1.766954 0.256852 -0.410303
v 1.766954 0.236892 -0.410303
v 1.749680 0.266862 -0.410303
v 1.749680 0.266862 -0.489105
v 1.732406 0.256852 -0.489105
v 1.732406 0.236892 -0.410303
v 1.732406 0.256852 -0.410303
v 1.749680 0.226943 -0.410303
v 1.749680 0.169139 -0.359397
v 1.732406 0.236892 -0.410303
v 1.671916 0.246902 -0.359397
v 1.749680 0.226943 -0.410303
v 1.766954 0.256852 -0.410303
v 1.749680 0.169139 -0.359397
v 1.749680 0.266862 -0.410303
v 1.827443 0.246902 -0.359397
v 1.749680 0.324605 -0.359397
v 1.732406 0.256852 -0.410303
v 1.732406 0.236892 -0.489105
v 1.766954 0.256852 -0.489105
v 1.732406 0.256852 -0.489105
v 1.671916 0.246902 -0.359397
v 1.766954 0.256852 -0.410303
v 1.749680 0.266862 -0.410303
v 1.766954 0.236892 -0.489105
v 1.732406 0.256852 -0.410303
v 1.766954 0.256852 -0.489105
v 1.766954 0.236892 -0.410303
v 1.749680 0.266862 -0.489105
v 1.868705 0.338644 -0.489105
v 1.766954 0.236892 -0.410303
v 1.766954 0.236892 -0.489105
v 1.868705 0.358603 -0.489105
v -1.000000 0.406275 -0.254410
v 1.868705 0.358603 -0.403711
v 1.868705 0.338644 -0.403711
v 1.868705 0.358603 -0.489105
v 1.868705 0.358603 -0.403711
v 1.851431 0.368553 -0.403711
v 1.851431 0.368553 -0.489105
v 1.851431 0.368553 -0.489105
v 1.851431 0.368553 -0.403711
v 1.834096 0.358603 -0.403711
v 1.834096 0.358603 -0.489105
v 1.834096 0.358603 -0.489105
v 1.766954 0.440334 -0.489105
v 1.834096 0.358603 -0.403711
v 1.834096 0.338644 -0.489105
v 1.834096 0.338644 -0.403711
v 1.834096 0.338644 -0.489105
v 1.851431 0.328633 -0.489105
v 1.851431 0.328633 -0.489105
v 1.851431 0.328633 -0.403711
v 1.834096 0.338644 -0.403711
v 1.868705 0.338644 -0.489105
v 1.868705 0.338644 -0.403711
v 1.868705 0.358603 -0.403711
v 1.851431 0.328633 -0.403711
v 1.868705 0.338644 -0.403711
v 1.851431 0.426357 -0.359397
v 1.868705 0.358603 -0.403711
v 1.851431 0.368553 -0.403711
v 1.929134 0.348593 -0.359397
v 1.834096 0.358603 -0.403711
v 1.851431 0.426357 -0.359397
v 1.851431 0.368553 -0.403711
v 1.834096 0.338644 -0.403711
v 1.773668 0.348593 -0.359397
v 1.851431 0.328633 -0.403711
v 1.834096 0.358603 -0.403711
v 1.851431 0.270891 -0.359397
v 1.773668 0.348593 -0.359397
v 1.851431 0.328633 -0.403711
v 1.834096 0.338644 -0.403711
v 1.868705 0.338644 -0.403711
v 1.929134 0.348593 -0.359397
v 1.868705 0.338644 -0.489105
v 1.851431 0.270891 -0.359397
v 1.851431 0.328633 -0.489105
v 1.868705 0.358603 -0.489105
v 1.834096 0.358603 -0.489105
v 1.851431 0.368553 -0.489105
v 1.834096 0.338644 -0.489105
v 1.749680 0.430324 -0.489105
v 1.732406 0.440334 -0.403711
v 1.732406 0.440334 -0.489105
v 1.749680 0.430324 -0.403711
v 1.766954 0.440334 -0.489105
v 1.749680 0.430324 -0.403711
v 1.749680 0.430324 -0.489105
v 1.766954 0.440334 -0.403711
v 1.766954 0.460294 -0.489105
v 1.766954 0.440334 -0.403711
v 1.766954 0.440334 -0.489105
v 1.766954 0.460294 -0.403711
v 1.749680 0.470305 -0.489105
v 1.766954 0.460294 -0.403711
v 1.766954 0.460294 -0.489105
v 1.749680 0.470305 -0.403711
v 1.732406 0.460294 -0.489105
v 1.749680 0.470305 -0.403711
v 1.749680 0.470305 -0.489105
v 1.732406 0.460294 -0.403711
v 1.732406 0.440334 -0.489105
v 1.732406 0.460294 -0.403711
v 1.732406 0.460294 -0.489105
v 1.732406 0.440334 -0.403711
v 1.749680 0.372581 -0.359397
v 1.732406 0.440334 -0.403711
v 1.749680 0.430324 -0.403711
v 1.749680 0.430324 -0.403711
v 1.766954 0.440334 -0.403711
v 1.766954 0.460294 -0.403711
v 1.749680 0.372581 -0.359397
v 1.766954 0.440334 -0.403711
v 1.827443 0.450345 -0.359397
v 1.766954 0.460294 -0.403711
v 1.749680 0.528047 -0.359397
v 1.749680 0.470305 -0.403711
v 1.749680 0.470305 -0.403711
v 1.732406 0.460294 -0.403711
v 1.827443 0.450345 -0.359397
v 1.749680 0.528047 -0.359397
v 1.732406 0.440334 -0.403711
v 1.732406 0.460294 -0.403711
v 1.671916 0.450345 -0.359397
v 1.671916 0.450345 -0.359397
v 1.732406 0.460294 -0.489105
v 1.732406 0.440334 -0.489105
v 1.749680 0.430324 -0.489105
v 1.749680 0.470305 -0.489105
v 0.687481 0.406275 -0.254410
v 1.766954 0.460294 -0.489105
v 1.499969 0.406275 -0.500031
v -0.187511 0.406275 -0.254410
v 1.499969 0.406275 -0.254410
v -0.187511 0.716596 -0.254410
v -1.000000 0.799976 -0.500031
v -1.000000 0.916560 -0.500031
v -1.000000 0.716596 -0.254410
v -1.000000 0.799976 0.032778
v -1.000000 0.916560 0.032778
v -1.000000 0.156260 -0.500031
v -1.000000 0.916560 0.032778
v -1.000000 0.375023 -0.500031
v -1.000000 0.375023 -0.254410
v -1.000000 0.156260 -0.254410
v -1.000000 0.716596 -0.254410
v 1.499969 0.375023 -0.500031
v -1.000000 0.375023 -0.500031
v -1.000000 0.799976 0.032778
v -1.000000 0.156260 -0.500031
v 0.000000 0.916560 0.032778
v 1.499969 0.375023 -0.254410
v 1.499969 0.716596 -0.500031
v 1.499969 0.156260 -0.254410
v -1.000000 0.156260 -0.500031
v 1.499969 0.156260 -0.500031
v -1.000000 0.156260 -0.254410
v 1.499969 0.156260 -0.254410
v 1.499969 0.406275 -0.254410
v 1.499969 0.375023 -0.254410
v -1.000000 0.406275 -0.254410
v -1.000000 0.716596 -0.500031
v -1.000000 0.406275 -0.500031
v -1.000000 0.093756 -0.500031
v 1.499969 0.375023 -0.254410
v -1.000000 0.375023 -0.254410
v 1.499969 0.156260 -0.500031
v 1.499969 0.375023 -0.500031
v 0.000000 0.093756 -0.500031
v 1.499969 0.406275 -0.254410
v 1.499969 0.716596 -0.254410
v 1.499969 0.406275 -0.500031
v -1.000000 0.375023 -0.254410
v -1.000000 0.156260 -0.254410
v 1.499969 0.156260 -0.254410
v 0.687481 0.716596 -0.254410
v 1.499969 0.716596 -0.254410
v 0.687481 0.406275 -0.254410
v -2.000000 0.916560 -0.500031
v -1.000000 0.716596 -0.500031
v -2.000000 0.093756 0.218763
v -2.000000 0.000000 -0.500031
v -1.000000 0.799976 -0.500031
v 1.499969 0.716596 -0.254410
v -1.000000 0.406275 -0.500031
v 1.499969 0.156260 -0.500031
v 1.499969 0.375023 -0.500031
v 1.499969 0.916560 -0.500031
v 1.499969 0.799976 -0.500031
v 1.499969 0.916560 0.032778
v 1.499969 0.799976 0.032778
v 1.499969 0.916560 0.032778
v 1.499969 0.799976 -0.500031
v -1.000000 0.799976 -0.500031
v 1.499969 0.799976 0.032778
v -1.000000 0.799976 0.032778
v -1.000000 0.716596 -0.500031
v 1.499969 0.799976 -0.500031
v 1.499969 0.716596 -0.500031
v -1.000000 0.716596 -0.254410
v 1.499969 0.716596 -0.500031
v -1.000000 0.375023 -0.500031
v -1.000000 0.916560 -0.500031
v -1.000000 0.093756 0.218763
v -1.000000 0.093756 0.250015
v -2.000000 0.000000 0.218763
v -1.000000 0.406275 -0.500031
v 1.499969 0.406275 -0.500031
v 1.499969 0.799976 0.032778
v -1.000000 0.375023 -0.500031
v 1.000000 0.916560 0.032778
v 1.000000 0.093756 -0.500031
v -1.000000 0.716596 -0.500031
v 1.499969 0.093756 -0.500031
v -2.000000 0.916560 0.250015
v -1.000000 0.799976 -0.500031
v -2.000000 0.093756 0.250015
v -2.000000 0.093756 0.250015
v 0.687481 0.716596 -0.254410
v -2.000000 0.916560 -0.500031
v -2.000000 0.093756 -0.500031
v -2.000000 0.093756 0.218763
v -2.000000 0.000000 0.218763
v -1.000000 0.000000 -0.500031
v -1.000000 0.000000 0.218763
v -2.000000 0.000000 -0.500031
v -2.000000 0.000000 0.218763
v -1.000000 0.093756 0.218763
v -2.000000 0.093756 0.218763
v -1.000000 0.000000 0.218763
v 0.687481 0.406275 -0.254410
v -2.000000 0.093756 0.250015
v -2.000000 0.916560 0.250015
v -1.000000 0.916560 0.250015
v -1.000000 0.093756 0.250015
v -1.000000 0.000000 -0.500031
v -1.000000 0.156260 -0.500031
v -2.000000 0.093756 -0.500031
v -2.000000 0.000000 -0.500031
v -1.000000 0.093756 -0.500031
v -1.000000 0.093756 0.250015
v 0.000000 0.093756 0.218763
v 0.000000 0.093756 0.250015
v -1.000000 0.093756 0.218763
v -1.000000 0.000000 -0.500031
v 0.000000 0.000000 0.218763
v -1.000000 0.000000 0.218763
v 0.000000 0.000000 -0.500031
v -1.000000 0.000000 0.218763
v 0.000000 0.093756 0.218763
v -1.000000 0.093756 0.218763
v 0.000000 0.000000 0.218763
v -1.000000 0.093756 0.250015
v 0.000000 0.916560 0.250015
v -1.000000 0.916560 0.250015
v 0.000000 0.093756 0.250015
v -1.000000 0.000000 -0.500031
v 0.000000 0.093756 -0.500031
v 0.000000 0.000000 -0.500031
v -1.000000 0.093756 -0.500031
v 0.000000 0.000000 -0.500031
v 1.000000 0.093756 -0.500031
v 1.000000 0.000000 -0.500031
v 0.000000 0.093756 -0.500031
v 0.000000 0.093756 0.250015
v 1.000000 0.093756 0.218763
v 1.000000 0.093756 0.250015
v 0.000000 0.093756 0.218763
v 0.000000 0.093756 0.250015
v 1.000000 0.916560 0.250015
v 0.000000 0.916560 0.250015
v 1.000000 0.093756 0.250015
v 0.000000 0.000000 0.218763
v 1.000000 0.093756 0.218763
v 0.000000 0.093756 0.218763
v 1.000000 0.000000 0.218763
v 0.000000 0.000000 -0.500031
v 1.000000 0.000000 0.218763
v 0.000000 0.000000 0.218763
v 1.000000 0.000000 -0.500031
v 2.000000 0.093756 -0.500031
v 1.000000 0.000000 -0.500031
v 2.000000 0.000000 -0.500031
v 1.499969 0.093756 -0.500031
v 1.000000 0.093756 0.218763
v 1.000000 0.000000 0.218763
v 1.000000 0.093756 -0.500031
v 2.000000 0.093756 0.218763
v 2.000000 0.000000 0.218763
v 2.000000 0.000000 -0.500031
v 2.000000 0.000000 0.218763
v 2.000000 0.093756 -0.500031
v 2.000000 0.916560 0.250015
v 2.000000 0.093756 0.218763
v 2.000000 0.916560 -0.500031
v 2.000000 0.093756 0.250015
v 1.000000 0.916560 0.250015
v 2.000000 0.093756 0.250015
v 1.000000 0.093756 0.250015
v 2.000000 0.093756 0.218763
v 2.000000 0.916560 0.250015
v 1.000000 0.093756 0.250015
v 1.000000 0.093756 0.218763
v 2.000000 0.000000 0.218763
v 2.000000 0.093756 0.250015
v 1.000000 0.000000 -0.500031
v 2.000000 0.000000 -0.500031
v 1.000000 0.000000 0.218763
v -0.187511 0.406275 -0.109809
v -0.187511 0.716596 -0.254410
v -0.187511 0.716596 -0.109809
v -0.187511 0.406275 -0.254410
v 0.687481 0.716596 -0.109809
v 0.687481 0.406275 -0.109809
v 0.687481 0.716596 -0.254410
v -0.187511 0.406275 -0.109809
v 0.687481 0.716596 -0.109809
v 0.687481 0.406275 -0.109809
v -0.187511 0.716596 -0.109809
v -0.187511 0.716596 -0.109809
v 0.687481 0.716596 -0.109809
v -0.187511 0.716596 -0.254410
v -1.000000 0.406275 -0.500031
v -0.187511 0.406275 -0.254410
v -1.000000 0.406275 -0.254410
v -0.187511 0.406275 -0.109809
v -0.187511 0.406275 -0.254410
v 0.687481 0.406275 -0.254410
v 0.687481 0.406275 -0.109809
v 1.937496 0.156260 -0.254410
v 1.937496 0.156260 -0.500031
v 1.937496 0.854056 -0.254410
v 1.937496 0.854056 -0.500031
v 1.562473 0.854056 -0.254410
v 1.562473 0.854056 -0.500031
v 1.562473 0.156260 -0.254410
v 1.562473 0.156260 -0.500031
v 1.937496 0.156260 -0.254410
v 1.562473 0.156260 -0.254410
v 1.499969 0.375023 -0.500031
v 1.937496 0.156260 -0.254410
v 2.000000 0.156260 -0.500031
v 2.000000 0.916560 -0.500031
v 1.937496 0.854056 -0.500031
v 1.562473 0.156260 -0.500031
v 1.499969 0.093756 -0.500031
v 1.937496 0.156260 -0.500031
v 1.562473 0.854056 -0.254410
v 1.937496 0.854056 -0.254410
v 1.937496 0.854056 -0.500031
v 1.562473 0.156260 -0.500031
v 1.562473 0.854056 -0.500031
v 1.562473 0.156260 -0.254410
v 1.937496 0.854056 -0.254410
v 1.562473 0.854056 -0.254410
v 1.937496 0.156260 -0.500031
v 1.499969 0.718794 -0.500031
v 1.499969 0.406275 -0.500031
v 1.499969 0.156260 -0.500031
v 1.499969 0.799976 -0.500031
v 1.499969 0.916560 -0.500031
v 1.562473 0.854056 -0.500031
v -0.884759 0.608985 -0.400171
v -0.884759 0.608985 -0.388940
v 2.000000 0.093756 -0.500031
v -0.865287 0.560825 -0.400171
v -0.865287 0.560825 -0.400171
v -0.884759 0.608985 -0.388940
v -0.884759 0.560825 -0.388940
v -0.874992 0.560825 -0.405786
v -0.874992 0.560825 -0.405786
v -0.884759 0.560825 -0.400171
v -0.874992 0.608985 -0.405786
v -0.884759 0.608985 -0.400171
v -0.865287 0.608985 -0.400171
v -0.874992 0.560825 -0.405786
v -0.865287 0.560825 -0.400171
v -0.865287 0.560825 -0.400171
v -0.865287 0.560825 -0.388940
v -0.865287 0.608985 -0.388940
v -0.874992 0.608985 -0.383324
v -0.865287 0.560825 -0.388940
v -0.874992 0.560825 -0.383324
v -0.874992 0.608985 -0.383324
v -0.884759 0.560825 -0.388940
v -0.874992 0.560825 -0.383324
v -0.884759 0.560825 -0.400171
v -0.884759 0.560825 -0.400171
v -0.865287 0.560825 -0.388940
v -0.865287 0.560825 -0.388940
v -0.874992 0.608985 -0.383324
v -0.884759 0.608985 -0.400171
v -0.874992 0.560825 -0.383324
v -0.874992 0.560825 -0.383324
v -0.874992 0.608985 -0.405786
v -0.865287 0.608985 -0.400171
v -0.884759 0.560825 -0.388940
v -0.865287 0.608985 -0.388940
v -0.884759 0.560825 -0.400171
v -0.884759 0.560825 -0.388940
v -0.874992 0.560825 -0.405786
v -0.865287 0.608985 -0.400171
v -0.884759 0.608985 -0.388940
v -0.874992 0.608985 -0.405786
v -0.901666 0.519319 -0.409937
v -0.901605 0.406275 -0.379235
v -0.901605 0.406275 -0.409937
v -0.901666 0.519319 -0.409937
v -0.901666 0.519319 -0.379174
v -0.865287 0.608985 -0.388940
v -0.848379 0.519319 -0.409937
v -0.848379 0.406275 -0.409937
v -0.874992 0.406275 -0.425319
v -0.848379 0.519319 -0.409937
v -0.874992 0.519319 -0.425319
v -0.874992 0.406275 -0.425319
v -0.901605 0.406275 -0.409937
v -0.874992 0.519319 -0.425319
v -0.848379 0.519319 -0.379174
v -0.848379 0.406275 -0.379235
v -0.848379 0.519319 -0.379174
v -0.848379 0.406275 -0.409937
v -0.874992 0.519319 -0.363792
v -0.874992 0.406275 -0.363853
v -0.874992 0.519319 -0.363792
v -0.848379 0.406275 -0.379235
v -0.737899 0.682598 -0.412440
v -0.737899 0.620338 -0.412440
v -0.737899 0.620338 -0.425868
v -0.737899 0.620338 -0.412440
v -0.901666 0.519319 -0.379174
v -0.901605 0.406275 -0.379235
v -0.737899 0.682598 -0.425868
v -0.874992 0.406275 -0.363853
v -0.749496 0.682598 -0.405786
v -0.737899 0.682598 -0.412440
v -0.749496 0.620338 -0.405786
v -0.761155 0.682598 -0.412440
v -0.749496 0.620338 -0.405786
v -0.749496 0.682598 -0.405786
v -0.761155 0.620338 -0.412440
v -0.761155 0.682598 -0.412440
v -0.761155 0.620338 -0.425868
v -0.761155 0.620338 -0.412440
v -0.761155 0.682598 -0.425868
v -0.761155 0.682598 -0.425868
v -0.761155 0.620338 -0.425868
v -0.749496 0.620338 -0.432583
v -0.749496 0.682598 -0.432583
v -0.749496 0.682598 -0.432583
v -0.749496 0.620338 -0.432583
v -0.737899 0.620338 -0.425868
v -0.737899 0.682598 -0.425868
v -0.737899 0.620338 -0.425868
v -0.737899 0.620338 -0.412440
v -0.749496 0.620338 -0.405786
v -0.737899 0.620338 -0.412440
v -0.749496 0.620338 -0.405786
v -0.761155 0.620338 -0.412440
v -0.761155 0.620338 -0.425868
v -0.761155 0.620338 -0.412440
v -0.761155 0.620338 -0.425868
v -0.749496 0.620338 -0.432583
v -0.737899 0.620338 -0.425868
v -0.749496 0.620338 -0.432583
v -0.737899 0.682598 -0.425868
v -0.749496 0.682598 -0.405786
v -0.737899 0.682598 -0.412440
v -0.749496 0.682598 -0.432583
v -0.761155 0.682598 -0.412440
v -0.717695 0.559238 -0.437527
v -0.717695 0.559238 -0.400842
v -0.761155 0.682598 -0.425868
v -0.717756 0.406275 -0.437527
v -0.717695 0.559238 -0.400842
v -0.749496 0.559238 -0.382470
v -0.717756 0.406275 -0.400842
v -0.717756 0.406275 -0.400842
v -0.749496 0.559238 -0.382470
v -0.781298 0.559238 -0.400842
v -0.749496 0.406275 -0.382531
v -0.749496 0.406275 -0.382531
v -0.781298 0.559238 -0.400842
v -0.781298 0.559238 -0.437527
v -0.781237 0.406275 -0.400842
v -0.781237 0.406275 -0.400842
v -0.781298 0.559238 -0.437527
v -0.749496 0.559238 -0.455899
v -0.781237 0.406275 -0.437527
v -0.749496 0.406275 -0.455838
v -0.717695 0.559238 -0.437527
v 1.252640 0.336568 -0.400354
v -0.749496 0.559238 -0.455899
v -0.717756 0.406275 -0.437527
v -0.749496 0.406275 -0.455838
v -0.781237 0.406275 -0.437527
v 1.252640 0.306171 -0.412135
v 1.252640 0.336568 -0.412135
v 1.232192 0.336568 -0.400354
v 1.232192 0.336568 -0.412135
v 1.252640 0.306171 -0.400354
v 1.232192 0.306171 -0.400354
v 1.232192 0.336568 -0.412135
v 1.242446 0.336568 -0.418055
v 1.232192 0.306171 -0.412135
v 1.232192 0.306171 -0.412135
v 1.242446 0.336568 -0.418055
v 1.252640 0.336568 -0.412135
v 1.242446 0.306171 -0.418055
v 1.242446 0.306171 -0.418055
v 1.252640 0.306171 -0.412135
v 1.252640 0.306171 -0.400354
v 1.252640 0.306171 -0.412135
v 1.232192 0.306171 -0.400354
v 1.232192 0.306171 -0.412135
v 1.242446 0.306171 -0.418055
v 1.232192 0.306171 -0.412135
v 1.270402 0.156260 -0.390099
v 1.252640 0.336568 -0.400354
v 1.270463 0.259537 -0.422450
v 1.242446 0.336568 -0.394433
v 1.232192 0.336568 -0.412135
v 1.270402 0.156260 -0.422389
v 1.232192 0.336568 -0.400354
v 1.242446 0.306171 -0.418055
v 1.252640 0.336568 -0.412135
v 1.242446 0.336568 -0.418055
v 1.252640 0.306171 -0.412135
v 1.270463 0.259537 -0.390038
v 1.214369 0.259537 -0.390038
v 1.214430 0.156260 -0.390099
v 1.214430 0.156260 -0.422389
v 1.214369 0.259537 -0.422450
v 1.214369 0.259537 -0.422450
v 1.214430 0.156260 -0.422389
v 1.242446 0.156260 -0.438564
v 1.242446 0.259537 -0.438625
v 1.323750 0.306171 -0.328633
v 1.323750 0.306171 -0.340475
v 1.303241 0.336568 -0.340475
v 1.242446 0.259537 -0.438625
v 1.323750 0.336568 -0.340475
v 1.270463 0.259537 -0.422450
v 1.303241 0.306171 -0.328633
v 1.303241 0.336568 -0.328633
v 1.242446 0.156260 -0.438564
v 1.270402 0.156260 -0.422389
v 1.323750 0.336568 -0.328633
v 1.303241 0.306171 -0.340475
v 1.303241 0.336568 -0.340475
v 1.313496 0.336568 -0.346396
v 1.313496 0.336568 -0.346396
v 1.323750 0.336568 -0.340475
v 1.313496 0.306171 -0.346396
v 1.303241 0.306171 -0.340475
v 1.323750 0.306171 -0.328633
v 1.323750 0.306171 -0.340475
v 1.313496 0.306171 -0.346396
v 1.303241 0.306171 -0.328633
v 1.323750 0.306171 -0.340475
v 1.303241 0.306171 -0.340475
v 1.313496 0.306171 -0.346396
v 1.303241 0.306171 -0.340475
v 1.313496 0.336568 -0.346396
v 1.323750 0.336568 -0.340475
v 1.313496 0.306171 -0.346396
v 1.323750 0.306171 -0.340475
v 1.313496 0.336568 -0.322713
v 1.303241 0.336568 -0.328633
v 1.303241 0.336568 -0.340475
v 1.323750 0.336568 -0.328633
v 1.341513 0.259537 -0.350729
v 1.341513 0.156260 -0.350729
v 1.341513 0.156260 -0.318379
v 1.341513 0.259537 -0.318379
v 1.285479 0.259537 -0.350729
v 1.285540 0.156260 -0.350729
v 1.313496 0.259537 -0.366905
v 1.341513 0.259537 -0.350729
v 1.285479 0.259537 -0.318379
v 1.285540 0.156260 -0.318379
v 1.285540 0.156260 -0.350729
v 1.285479 0.259537 -0.350729
v 1.313496 0.259537 -0.366905
v 1.313496 0.156260 -0.366844
v 1.313496 0.156260 -0.366844
v 1.346396 0.336568 -0.430996
v 1.346396 0.336568 -0.419154
v 1.341513 0.156260 -0.350729
v 1.346396 0.306171 -0.430996
v 1.325948 0.336568 -0.419154
v 1.325948 0.336568 -0.430996
v 1.346396 0.306171 -0.419154
v 1.325948 0.306171 -0.419154
v 1.325948 0.336568 -0.430996
v 1.336141 0.336568 -0.436916
v 1.325948 0.306171 -0.430996
vt 0.734622 0.265227
vt 0.734622 0.316817
vt 0.984623 0.210101
vt 0.734622 0.210101
vt 0.734622 0.192028
vt 0.984623 0.192028
vt 0.734622 0.210101
vt 0.734622 0.495312
vt 0.734622 0.513476
vt 0.788539 0.495312
vt 0.976040 0.495312
vt 0.976040 0.516166
vt 0.734622 0.495312
vt 0.859592 0.513476
vt 0.859622 0.495312
vt 0.973350 0.516166
vt 0.984623 0.181239
vt 0.734622 0.192028
vt 0.984623 0.265227
vt 0.984623 0.192028
vt 0.984623 0.316817
vt 0.734622 0.181239
vt 0.734622 0.214000
vt 0.984623 0.214000
vt 0.737311 0.516166
vt 0.984623 0.210101
vt 0.734622 0.516166
vt 0.788539 0.516166
vt 0.976040 0.495312
vt 0.856902 0.516166
vt 0.976040 0.513476
vt 0.922123 0.516166
vt 0.734622 0.495312
vt 0.922123 0.495312
vt 0.734622 0.516166
vt 0.750216 0.513476
vt 0.747527 0.516166
vt 0.750247 0.508368
vt 0.984593 0.516166
vt 0.737311 0.516166
vt 0.734622 0.495312
vt 0.971688 0.516166
vt 0.734622 0.513476
vt 0.968968 0.508368
vt 0.968998 0.513476
vt 0.984593 0.495312
vt 0.985167 0.484553
vt 0.985167 0.466419
vt 0.734622 0.316817
vt 0.734622 0.210101
vt 0.734622 0.192028
vt 0.862312 0.452729
vt 0.862312 0.316817
vt 0.984623 0.214000
vt 0.734622 0.214000
vt 0.734622 0.265227
vt 0.984623 0.181239
vt 0.734622 0.181239
vt 0.984623 0.210101
vt 0.984623 0.214000
vt 0.734622 0.210101
vt 0.735166 0.466419
vt 0.985167 0.462581
vt 0.851976 0.466419
vt 0.851976 0.484553
vt 0.985167 0.466419
vt 0.851976 0.466419
vt 0.849256 0.462581
vt 0.984623 0.192028
vt 0.984623 0.210101
vt 0.984623 0.265227
vt 0.984593 0.452729
vt 0.734622 0.192028
vt 0.984623 0.192028
vt 0.735166 0.462581
vt 0.734622 0.214000
vt 0.860166 0.466419
vt 0.860166 0.484553
vt 0.735166 0.484553
vt 0.862886 0.462581
vt 0.860166 0.466419
vt 0.981903 0.452729
vt 0.971688 0.452729
vt 0.735166 0.466419
vt 0.971688 0.316817
vt 0.981903 0.316817
vt 0.747527 0.452729
vt 0.984623 0.316817
vt 0.734622 0.452729
vt 0.984623 0.214000
vt 0.984623 0.265227
vt 0.747527 0.316817
vt 0.984623 0.210101
vt 0.984623 0.214000
vt 0.734622 0.210101
vt 0.734622 0.210101
vt 0.984623 0.210101
vt 0.984623 0.192028
vt 0.735166 0.466419
vt 0.868357 0.466419
vt 0.868357 0.471527
vt 0.735166 0.471527
vt 0.868357 0.466419
vt 0.985167 0.466419
vt 0.985167 0.462581
vt 0.849256 0.462581
vt 0.851976 0.471527
vt 0.985167 0.471527
vt 0.734622 0.181239
vt 0.734622 0.265227
vt 0.734622 0.192028
vt 0.734622 0.214000
vt 0.984623 0.192028
vt 0.984623 0.181239
vt 0.734622 0.192028
vt 0.734622 0.214000
vt 0.871077 0.462581
vt 0.735166 0.462581
vt 0.851976 0.466419
vt 0.735166 0.466419
vt 0.985167 0.466419
vt 0.851976 0.466419
vt 0.766416 0.466419
vt 0.766416 0.471527
vt 0.985167 0.471527
vt 0.985167 0.466419
vt 0.766416 0.466419
vt 0.985167 0.466419
vt 0.987887 0.462581
vt 0.763696 0.462581
vt 0.735166 0.466419
vt 0.868357 0.466419
vt 0.871077 0.462581
vt 0.735166 0.462581
vt 0.868357 0.484553
vt 0.868357 0.466419
vt 0.735166 0.466419
vt 0.735166 0.484553
vt 0.735166 0.484553
vt 0.985167 0.466419
vt 0.735166 0.466419
vt 0.734622 0.214000
vt 0.734622 0.192028
vt 0.984623 0.181239
vt 0.734622 0.181239
vt 0.984623 0.316817
vt 0.734622 0.316817
vt 0.984623 0.210101
vt 0.984623 0.214000
vt 0.734622 0.214000
vt 0.984623 0.192028
vt 0.734622 0.210101
vt 0.984623 0.210101
vt 0.236462 0.504591
vt 0.236462 0.500299
vt 0.095836 0.496007
vt 0.095836 0.491716
vt 0.236462 0.491716
vt 0.236462 0.517435
vt 0.095836 0.513144
vt 0.095836 0.508852
vt 0.236462 0.508852
vt 0.735166 0.462581
vt 0.735166 0.466419
vt 0.985167 0.462581
vt 0.732446 0.462581
vt 0.985167 0.484553
vt 0.985167 0.466419
vt 0.984623 0.192028
vt 0.984623 0.214000
vt 0.734622 0.265227
vt 0.984623 0.265227
vt 0.734622 0.192028
vt 0.734622 0.210101
vt 0.095836 0.500299
vt 0.095836 0.504591
vt 0.095836 0.517435
vt 0.236462 0.496007
vt 0.689106 0.639656
vt 0.236462 0.513144
vt 0.671940 0.639656
vt 0.654773 0.639656
vt 0.663357 0.629652
vt 0.680523 0.629652
vt 0.637607 0.639656
vt 0.621680 0.639656
vt 0.629054 0.629652
vt 0.646190 0.629652
vt 0.614698 0.629652
vt 0.714675 0.629652
vt 0.697659 0.629652
vt 0.706242 0.639656
vt 0.692945 0.623003
vt 0.684482 0.623003
vt 0.684482 0.493529
vt 0.692945 0.493529
vt 0.676020 0.623003
vt 0.667588 0.623003
vt 0.667588 0.493529
vt 0.676020 0.493529
vt 0.659125 0.623003
vt 0.650663 0.623003
vt 0.650663 0.493529
vt 0.659125 0.493529
vt 0.625306 0.493529
vt 0.616874 0.493529
vt 0.718211 0.623003
vt 0.709809 0.623003
vt 0.709809 0.493529
vt 0.701377 0.493529
vt 0.018678 0.500541
vt 0.014930 0.492774
vt 0.059750 0.492774
vt 0.052285 0.492774
vt 0.048538 0.500541
vt 0.044790 0.492774
vt 0.044790 0.492774
vt 0.037355 0.492774
vt 0.033638 0.500541
vt 0.029890 0.492774
vt 0.029890 0.492774
vt 0.022395 0.492774
vt 0.014507 0.486366
vt 0.037355 0.433084
vt 0.060173 0.486366
vt 0.037355 0.433084
vt 0.044760 0.486366
vt 0.037355 0.433084
vt 0.633738 0.623003
vt 0.642201 0.493529
vt 0.625306 0.623003
vt 0.642201 0.623003
vt 0.616874 0.623003
vt 0.633738 0.493529
vt 0.701377 0.623003
vt 0.718211 0.493529
vt 0.056003 0.500541
vt 0.022395 0.492774
vt 0.041073 0.500541
vt 0.052285 0.492774
vt 0.026143 0.500541
vt 0.037355 0.492774
vt 0.052315 0.486366
vt 0.022365 0.486366
vt 0.037355 0.486366
vt 0.052315 0.486366
vt 0.044760 0.486366
vt 0.029920 0.486366
vt 0.037355 0.486366
vt 0.037355 0.433084
vt 0.037355 0.433084
vt 0.029920 0.486366
vt 0.037355 0.433084
vt 0.022365 0.486366
vt 0.038141 0.354837
vt 0.037627 0.346798
vt 0.032489 0.346738
vt 0.031945 0.354837
vt 0.037990 0.322318
vt 0.037990 0.329178
vt 0.041889 0.334195
vt 0.042946 0.322318
vt 0.050381 0.354837
vt 0.042221 0.342295
vt 0.056244 0.354837
vt 0.048175 0.346103
vt 0.050381 0.354837
vt 0.048175 0.346103
vt 0.023030 0.322318
vt 0.053071 0.345136
vt 0.735166 0.466419
vt 0.735166 0.466419
vt 0.734622 0.214000
vt 0.972262 0.162380
vt 0.985167 0.466419
vt 0.985167 0.462581
vt 0.985167 0.484553
vt 0.735166 0.484553
vt 0.985167 0.466419
vt 0.984623 0.214000
vt 0.735166 0.462581
vt 0.753662 0.029219
vt 0.753692 0.162380
vt 0.972292 0.029219
vt 0.022969 0.330992
vt 0.031945 0.354837
vt 0.025810 0.354837
vt 0.029014 0.334377
vt 0.032489 0.346738
vt 0.041193 0.365446
vt 0.041193 0.370432
vt 0.027865 0.341932
vt 0.032550 0.365446
vt 0.032550 0.370432
vt 0.036872 0.372941
vt 0.036872 0.362937
vt 0.044125 0.371037
vt 0.049323 0.374029
vt 0.049323 0.362030
vt 0.044125 0.365022
vt 0.054522 0.371037
vt 0.032882 0.322318
vt 0.037990 0.322318
vt 0.054522 0.365022
vt 0.032882 0.329209
vt 0.047873 0.322318
vt 0.052980 0.322318
vt 0.037990 0.329178
vt 0.052980 0.414255
vt 0.047994 0.414255
vt 0.052980 0.399839
vt 0.047933 0.330720
vt 0.047994 0.395517
vt 0.052980 0.399839
vt 0.053041 0.330538
vt 0.047994 0.414255
vt 0.042977 0.414255
vt 0.042977 0.399839
vt 0.052980 0.414255
vt 0.047994 0.414255
vt 0.033003 0.395517
vt 0.037990 0.399839
vt 0.047994 0.395517
vt 0.033003 0.414255
vt 0.028016 0.414255
vt 0.028016 0.399839
vt 0.037990 0.414255
vt 0.033003 0.414255
vt 0.037990 0.414255
vt 0.037990 0.399839
vt 0.033003 0.395517
vt 0.042977 0.414255
vt 0.022999 0.414255
vt 0.022999 0.399839
vt 0.042977 0.399839
vt 0.028016 0.414255
vt 0.028016 0.377081
vt 0.033003 0.381403
vt 0.028016 0.399839
vt 0.028016 0.388808
vt 0.022999 0.381403
vt 0.033003 0.388808
vt 0.022999 0.388808
vt 0.028016 0.377081
vt 0.047994 0.388808
vt 0.028016 0.388808
vt 0.047994 0.381403
vt 0.052980 0.381403
vt 0.042977 0.377081
vt 0.052980 0.388808
vt 0.047994 0.381403
vt 0.047994 0.388808
vt 0.042977 0.388808
vt 0.037990 0.381403
vt 0.037990 0.388808
vt 0.042977 0.388808
vt 0.033003 0.388808
vt 0.033003 0.381403
vt 0.042977 0.377081
vt 0.037990 0.388808
vt 0.021458 0.365204
vt 0.021458 0.370221
vt 0.037990 0.381403
vt 0.025780 0.372699
vt 0.030102 0.370221
vt 0.030102 0.365204
vt 0.025780 0.362726
vt 0.032882 0.322318
vt 0.027956 0.322318
vt 0.029014 0.334377
vt 0.032882 0.329209
vt 0.019735 0.354837
vt 0.025810 0.354837
vt 0.027865 0.341932
vt 0.021942 0.345499
vt 0.047873 0.322318
vt 0.042946 0.322318
vt 0.041889 0.334195
vt 0.047933 0.330720
vt 0.038141 0.354837
vt 0.044306 0.354837
vt 0.042221 0.342295
vt 0.037627 0.346798
vt 0.569122 0.639656
vt 0.560509 0.629652
vt 0.534759 0.639656
vt 0.551956 0.639656
vt 0.543342 0.629652
vt 0.526176 0.629652
vt 0.501665 0.639656
vt 0.517593 0.639656
vt 0.509040 0.629652
vt 0.586259 0.639656
vt 0.594661 0.629652
vt 0.494684 0.629652
vt 0.589795 0.493529
vt 0.581363 0.623003
vt 0.052285 0.492774
vt 0.589795 0.623003
vt 0.581363 0.493529
vt 0.577675 0.629652
vt 0.572930 0.493529
vt 0.564498 0.623003
vt 0.572930 0.623003
vt 0.564498 0.493529
vt 0.556036 0.493529
vt 0.547574 0.623003
vt 0.556036 0.623003
vt 0.547574 0.493529
vt 0.539111 0.493529
vt 0.530649 0.623003
vt 0.539111 0.623003
vt 0.505292 0.493529
vt 0.496860 0.623003
vt 0.496860 0.493529
vt 0.513755 0.493529
vt 0.505292 0.623003
vt 0.530649 0.493529
vt 0.522187 0.493529
vt 0.513755 0.623003
vt 0.522187 0.623003
vt 0.598227 0.493529
vt 0.598227 0.623003
vt 0.022395 0.492774
vt 0.018678 0.500541
vt 0.048538 0.500541
vt 0.059750 0.492774
vt 0.014930 0.492774
vt 0.056003 0.500541
vt 0.052285 0.492774
vt 0.041073 0.500541
vt 0.044790 0.492774
vt 0.044790 0.492774
vt 0.037355 0.492774
vt 0.037355 0.492774
vt 0.029890 0.492774
vt 0.033638 0.500541
vt 0.026143 0.500541
vt 0.022395 0.492774
vt 0.014507 0.486366
vt 0.029890 0.492774
vt 0.044125 0.365022
vt 0.049082 0.361849
vt 0.049323 0.374029
vt 0.022365 0.486366
vt 0.052315 0.486366
vt 0.060173 0.486366
vt 0.037355 0.433084
vt 0.053071 0.345136
vt 0.056244 0.354837
vt 0.050381 0.354837
vt 0.037355 0.433084
vt 0.052315 0.486366
vt 0.037355 0.433084
vt 0.044760 0.486366
vt 0.037355 0.486366
vt 0.037355 0.433084
vt 0.029920 0.486366
vt 0.044760 0.486366
vt 0.037355 0.486366
vt 0.022365 0.486366
vt 0.029920 0.486366
vt 0.037355 0.433084
vt 0.037355 0.433084
vt 0.031945 0.354837
vt 0.037627 0.346798
vt 0.038141 0.354837
vt 0.032489 0.346738
vt 0.042946 0.322318
vt 0.037990 0.329178
vt 0.037990 0.322318
vt 0.041889 0.334195
vt 0.048175 0.346103
vt 0.042221 0.342295
vt 0.050381 0.354837
vt 0.023030 0.322318
vt 0.022969 0.330992
vt 0.032882 0.322318
vt 0.054522 0.365022
vt 0.048175 0.346103
vt 0.029014 0.334377
vt 0.025810 0.354837
vt 0.032489 0.346738
vt 0.031945 0.354837
vt 0.027865 0.341932
vt 0.041193 0.370432
vt 0.032550 0.365446
vt 0.041193 0.365446
vt 0.036872 0.362937
vt 0.036872 0.372941
vt 0.044125 0.371037
vt 0.032550 0.370432
vt 0.054522 0.371037
vt 0.037990 0.322318
vt 0.037990 0.329178
vt 0.047873 0.322318
vt 0.032882 0.329209
vt 0.052980 0.322318
vt 0.053041 0.330538
vt 0.047994 0.395517
vt 0.047933 0.330720
vt 0.047994 0.414255
vt 0.042977 0.399839
vt 0.042977 0.414255
vt 0.037990 0.399839
vt 0.033003 0.395517
vt 0.037990 0.414255
vt 0.047994 0.395517
vt 0.028016 0.414255
vt 0.033003 0.414255
vt 0.124396 0.535629
vt 0.124366 0.557420
vt 0.119198 0.557450
vt 0.028016 0.399839
vt 0.033003 0.395517
vt 0.037990 0.414255
vt 0.033003 0.414255
vt 0.129474 0.557420
vt 0.042977 0.414255
vt 0.042977 0.399839
vt 0.037990 0.399839
vt 0.124366 0.557420
vt 0.129172 0.535629
vt 0.022999 0.414255
vt 0.028016 0.414255
vt 0.028016 0.399839
vt 0.022999 0.399839
vt 0.033003 0.381403
vt 0.028016 0.388808
vt 0.028016 0.377081
vt 0.033003 0.388808
vt 0.022999 0.381403
vt 0.028016 0.388808
vt 0.022999 0.388808
vt 0.028016 0.377081
vt 0.047994 0.381403
vt 0.052980 0.388808
vt 0.047994 0.388808
vt 0.052980 0.381403
vt 0.047994 0.381403
vt 0.042977 0.388808
vt 0.042977 0.377081
vt 0.047994 0.388808
vt 0.037990 0.381403
vt 0.042977 0.388808
vt 0.037990 0.388808
vt 0.042977 0.377081
vt 0.033003 0.381403
vt 0.037990 0.388808
vt 0.033003 0.388808
vt 0.037990 0.381403
vt 0.021458 0.370221
vt 0.025780 0.372699
vt 0.021458 0.365204
vt 0.030102 0.365204
vt 0.030102 0.370221
vt 0.032882 0.329209
vt 0.025780 0.362726
vt 0.027956 0.322318
vt 0.032882 0.322318
vt 0.029014 0.334377
vt 0.021942 0.345499
vt 0.025810 0.354837
vt 0.019735 0.354837
vt 0.027865 0.341932
vt 0.047933 0.330720
vt 0.042946 0.322318
vt 0.047873 0.322318
vt 0.114060 0.557450
vt 0.134551 0.557450
vt 0.129474 0.557420
vt 0.038141 0.354837
vt 0.037627 0.346798
vt 0.041889 0.334195
vt 0.124366 0.557420
vt 0.042221 0.342295
vt 0.449108 0.639656
vt 0.044820 0.355170
vt 0.119198 0.557450
vt 0.119198 0.557450
vt 0.431942 0.639656
vt 0.414775 0.639656
vt 0.423359 0.629652
vt 0.440525 0.629652
vt 0.397609 0.639656
vt 0.381682 0.639656
vt 0.389056 0.629652
vt 0.406192 0.629652
vt 0.374700 0.629652
vt 0.474677 0.629652
vt 0.457661 0.629652
vt 0.466245 0.639656
vt 0.452947 0.623003
vt 0.444484 0.623003
vt 0.444484 0.493529
vt 0.452947 0.493529
vt 0.436022 0.623003
vt 0.427560 0.623003
vt 0.427560 0.493529
vt 0.436022 0.493529
vt 0.419097 0.623003
vt 0.410665 0.623003
vt 0.410665 0.493529
vt 0.419097 0.493529
vt 0.393740 0.623003
vt 0.402203 0.493529
vt 0.385308 0.623003
vt 0.402203 0.623003
vt 0.376876 0.623003
vt 0.393740 0.493529
vt 0.385308 0.493529
vt 0.478213 0.623003
vt 0.478213 0.493529
vt 0.376876 0.493529
vt 0.469811 0.623003
vt 0.469811 0.493529
vt 0.461379 0.493529
vt 0.461379 0.623003
vt 0.129172 0.535629
vt 0.129474 0.557420
vt 0.124366 0.557420
vt 0.022395 0.492774
vt 0.014930 0.492774
vt 0.018678 0.500541
vt 0.131559 0.531549
vt 0.059750 0.492774
vt 0.052285 0.492774
vt 0.056003 0.500541
vt 0.129202 0.527409
vt 0.124396 0.535629
vt 0.048538 0.500541
vt 0.044790 0.492774
vt 0.041073 0.500541
vt 0.052285 0.492774
vt 0.044790 0.492774
vt 0.033638 0.500541
vt 0.037355 0.492774
vt 0.037355 0.492774
vt 0.029890 0.492774
vt 0.029890 0.492774
vt 0.022395 0.492774
vt 0.026143 0.500541
vt 0.014507 0.486366
vt 0.037355 0.433084
vt 0.052315 0.486366
vt 0.022365 0.486366
vt 0.060173 0.486366
vt 0.044760 0.486366
vt 0.052315 0.486366
vt 0.037355 0.433084
vt 0.037355 0.433084
vt 0.044760 0.486366
vt 0.037355 0.433084
vt 0.037355 0.486366
vt 0.037355 0.433084
vt 0.037355 0.486366
vt 0.029920 0.486366
vt 0.029920 0.486366
vt 0.037355 0.433084
vt 0.022365 0.486366
vt 0.038141 0.354837
vt 0.037627 0.346798
vt 0.032489 0.346738
vt 0.031945 0.354837
vt 0.037990 0.322318
vt 0.037990 0.329178
vt 0.041889 0.334195
vt 0.042946 0.322318
vt 0.134732 0.578455
vt 0.122069 0.531519
vt 0.124457 0.527409
vt 0.048175 0.346103
vt 0.042221 0.342295
vt 0.050381 0.354837
vt 0.149300 0.634185
vt 0.050381 0.354837
vt 0.053071 0.345136
vt 0.056244 0.354837
vt 0.136697 0.634185
vt 0.145703 0.578455
vt 0.048175 0.346103
vt 0.022969 0.330992
vt 0.029014 0.334377
vt 0.023030 0.322318
vt 0.031945 0.354837
vt 0.032489 0.346738
vt 0.027865 0.341932
vt 0.025810 0.354837
vt 0.041193 0.365446
vt 0.032550 0.365446
vt 0.036872 0.362937
vt 0.041193 0.370432
vt 0.032550 0.370432
vt 0.044125 0.371037
vt 0.044125 0.365022
vt 0.036872 0.372941
vt 0.049323 0.374029
vt 0.054522 0.371037
vt 0.054522 0.365022
vt 0.049082 0.361849
vt 0.032882 0.322318
vt 0.032882 0.329209
vt 0.037990 0.329178
vt 0.037990 0.322318
vt 0.047933 0.330720
vt 0.052980 0.322318
vt 0.047994 0.395517
vt 0.047873 0.322318
vt 0.052980 0.399839
vt 0.053041 0.330538
vt 0.047994 0.414255
vt 0.042977 0.414255
vt 0.042977 0.399839
vt 0.052980 0.414255
vt 0.047994 0.414255
vt 0.033003 0.395517
vt 0.037990 0.399839
vt 0.047994 0.395517
vt 0.099312 0.634185
vt 0.113909 0.578455
vt 0.102969 0.578455
vt 0.037990 0.414255
vt 0.028016 0.414255
vt 0.033003 0.414255
vt 0.124336 0.578455
vt 0.033003 0.414255
vt 0.033003 0.395517
vt 0.028016 0.399839
vt 0.113909 0.578455
vt 0.111914 0.634185
vt 0.037990 0.414255
vt 0.042977 0.414255
vt 0.042977 0.399839
vt 0.037990 0.399839
vt 0.022999 0.414255
vt 0.028016 0.414255
vt 0.028016 0.399839
vt 0.022999 0.399839
vt 0.028016 0.377081
vt 0.028016 0.388808
vt 0.033003 0.388808
vt 0.033003 0.381403
vt 0.022999 0.388808
vt 0.028016 0.388808
vt 0.028016 0.377081
vt 0.022999 0.381403
vt 0.047994 0.388808
vt 0.052980 0.388808
vt 0.052980 0.381403
vt 0.047994 0.381403
vt 0.042977 0.377081
vt 0.042977 0.388808
vt 0.047994 0.388808
vt 0.047994 0.381403
vt 0.042977 0.388808
vt 0.037990 0.381403
vt 0.033003 0.388808
vt 0.037990 0.388808
vt 0.033003 0.381403
vt 0.042977 0.377081
vt 0.124336 0.578455
vt 0.124306 0.634185
vt 0.111914 0.634185
vt 0.037990 0.388808
vt 0.021458 0.365204
vt 0.021458 0.370221
vt 0.037990 0.381403
vt 0.136697 0.634185
vt 0.025780 0.362726
vt 0.030102 0.370221
vt 0.025780 0.372699
vt 0.124306 0.634185
vt 0.134732 0.578455
vt 0.030102 0.365204
vt 0.032882 0.329209
vt 0.027956 0.322318
vt 0.032882 0.322318
vt 0.019735 0.354837
vt 0.021942 0.345499
vt 0.029014 0.334377
vt 0.025810 0.354837
vt 0.047873 0.322318
vt 0.047933 0.330720
vt 0.027865 0.341932
vt 0.042946 0.322318
vt 0.038141 0.354837
vt 0.037627 0.346798
vt 0.041889 0.334195
vt 0.044820 0.355170
vt 0.329124 0.639656
vt 0.311958 0.639656
vt 0.042221 0.342295
vt 0.320511 0.629652
vt 0.303345 0.629652
vt 0.277595 0.639656
vt 0.294761 0.639656
vt 0.286178 0.629652
vt 0.269042 0.629652
vt 0.254686 0.629652
vt 0.261668 0.639656
vt 0.346261 0.639656
vt 0.337677 0.629652
vt 0.332933 0.623003
vt 0.354663 0.629652
vt 0.332933 0.493529
vt 0.324500 0.493529
vt 0.316038 0.623003
vt 0.324500 0.623003
vt 0.316038 0.493529
vt 0.307576 0.493529
vt 0.299113 0.623003
vt 0.307576 0.623003
vt 0.299113 0.493529
vt 0.290651 0.493529
vt 0.282189 0.623003
vt 0.290651 0.623003
vt 0.282189 0.493529
vt 0.273757 0.493529
vt 0.265294 0.623003
vt 0.273757 0.623003
vt 0.256862 0.623003
vt 0.256862 0.493529
vt 0.358229 0.623003
vt 0.265294 0.493529
vt 0.358229 0.493529
vt 0.341365 0.623003
vt 0.349797 0.493529
vt 0.349797 0.623003
vt 0.341365 0.493529
vt 0.022395 0.492774
vt 0.014930 0.492774
vt 0.018678 0.500541
vt 0.056003 0.500541
vt 0.052285 0.492774
vt 0.048538 0.500541
vt 0.059750 0.492774
vt 0.052285 0.492774
vt 0.041073 0.500541
vt 0.044790 0.492774
vt 0.044790 0.492774
vt 0.037355 0.492774
vt 0.037355 0.492774
vt 0.029890 0.492774
vt 0.033638 0.500541
vt 0.026143 0.500541
vt 0.022395 0.492774
vt 0.014507 0.486366
vt 0.029890 0.492774
vt 0.022365 0.486366
vt 0.052315 0.486366
vt 0.060173 0.486366
vt 0.037355 0.433084
vt 0.037355 0.433084
vt 0.052315 0.486366
vt 0.037355 0.433084
vt 0.044760 0.486366
vt 0.037355 0.486366
vt 0.037355 0.433084
vt 0.029920 0.486366
vt 0.044760 0.486366
vt 0.037355 0.486366
vt 0.022365 0.486366
vt 0.029920 0.486366
vt 0.037355 0.433084
vt 0.037355 0.433084
vt 0.031945 0.354837
vt 0.037627 0.346798
vt 0.038141 0.354837
vt 0.032489 0.346738
vt 0.042946 0.322318
vt 0.037990 0.329178
vt 0.037990 0.322318
vt 0.041889 0.334195
vt 0.048175 0.346103
vt 0.042221 0.342295
vt 0.050381 0.354837
vt 0.056244 0.354837
vt 0.053071 0.345136
vt 0.048175 0.346103
vt 0.050381 0.354837
vt 0.023030 0.322318
vt 0.029014 0.334377
vt 0.031945 0.354837
vt 0.022969 0.330992
vt 0.025810 0.354837
vt 0.027865 0.341932
vt 0.041193 0.365446
vt 0.032489 0.346738
vt 0.041193 0.370432
vt 0.036872 0.362937
vt 0.032550 0.370432
vt 0.032550 0.365446
vt 0.036872 0.372941
vt 0.044125 0.365022
vt 0.049323 0.374029
vt 0.044125 0.371037
vt 0.049082 0.361849
vt 0.054522 0.365022
vt 0.032882 0.322318
vt 0.054522 0.371037
vt 0.037990 0.322318
vt 0.037990 0.329178
vt 0.047873 0.322318
vt 0.032882 0.329209
vt 0.052980 0.322318
vt 0.053041 0.330538
vt 0.047994 0.395517
vt 0.047933 0.330720
vt 0.052980 0.399839
vt 0.052980 0.414255
vt 0.042977 0.414255
vt 0.047994 0.414255
vt 0.042977 0.399839
vt 0.047994 0.395517
vt 0.033003 0.395517
vt 0.047994 0.414255
vt 0.037990 0.399839
vt 0.037990 0.414255
vt 0.028016 0.414255
vt 0.033003 0.414255
vt 0.028016 0.399839
vt 0.033003 0.395517
vt 0.037990 0.414255
vt 0.033003 0.414255
vt 0.037990 0.399839
vt 0.042977 0.399839
vt 0.022999 0.414255
vt 0.042977 0.414255
vt 0.022999 0.399839
vt 0.028016 0.399839
vt 0.028016 0.377081
vt 0.028016 0.414255
vt 0.033003 0.381403
vt 0.033003 0.388808
vt 0.022999 0.388808
vt 0.028016 0.388808
vt 0.022999 0.381403
vt 0.028016 0.377081
vt 0.047994 0.388808
vt 0.028016 0.388808
vt 0.047994 0.381403
vt 0.052980 0.381403
vt 0.042977 0.377081
vt 0.052980 0.388808
vt 0.593905 0.734373
vt 0.616602 0.734373
vt 0.628057 0.743017
vt 0.640206 0.743017
vt 0.647701 0.730928
vt 0.572175 0.720169
vt 0.560962 0.743017
vt 0.560962 0.720169
vt 0.593905 0.743017
vt 0.628057 0.743017
vt 0.654260 0.740116
vt 0.649061 0.736882
vt 0.658642 0.724853
vt 0.648185 0.735280
vt 0.648185 0.729175
vt 0.660244 0.738725
vt 0.650935 0.725730
vt 0.572175 0.705329
vt 0.616602 0.705329
vt 0.616602 0.705329
vt 0.616602 0.696776
vt 0.628057 0.720169
vt 0.628057 0.696776
vt 0.640206 0.720169
vt 0.572175 0.720169
vt 0.583055 0.720169
vt 0.560962 0.743017
vt 0.593905 0.720169
vt 0.593905 0.720169
vt 0.560962 0.696776
vt 0.560962 0.705329
vt 0.549175 0.705329
vt 0.560962 0.696776
vt 0.549175 0.696776
vt 0.640206 0.705329
vt 0.628057 0.705329
vt 0.628057 0.696776
vt 0.605601 0.743017
vt 0.616602 0.743017
vt 0.572175 0.696776
vt 0.605601 0.696776
vt 0.605601 0.734373
vt 0.605601 0.734373
vt 0.605601 0.705329
vt 0.616602 0.696776
vt 0.549175 0.743017
vt 0.549175 0.720169
vt 0.652537 0.724853
vt 0.652537 0.739632
vt 0.572175 0.705329
vt 0.583055 0.696776
vt 0.583055 0.705329
vt 0.640206 0.696776
vt 0.047994 0.381403
vt 0.047994 0.388808
vt 0.037990 0.388808
vt 0.042977 0.388808
vt 0.037990 0.381403
vt 0.042977 0.377081
vt 0.033003 0.388808
vt 0.042977 0.388808
vt 0.033003 0.381403
vt 0.037990 0.381403
vt 0.021458 0.365204
vt 0.037990 0.388808
vt 0.021458 0.370221
vt 0.025780 0.362726
vt 0.030102 0.370221
vt 0.025780 0.372699
vt 0.030102 0.365204
vt 0.032882 0.329209
vt 0.027956 0.322318
vt 0.032882 0.322318
vt 0.029014 0.334377
vt 0.021942 0.345499
vt 0.025810 0.354837
vt 0.019735 0.354837
vt 0.027865 0.341932
vt 0.047933 0.330720
vt 0.042946 0.322318
vt 0.047873 0.322318
vt 0.041889 0.334195
vt 0.037627 0.346798
vt 0.044820 0.355170
vt 0.038141 0.354837
vt 0.042221 0.342295
vt 0.656889 0.724339
vt 0.663477 0.733557
vt 0.662087 0.727573
vt 0.650935 0.725730
vt 0.648185 0.729175
vt 0.648185 0.735280
vt 0.660244 0.738725
vt 0.652537 0.724853
vt 0.658642 0.724853
vt 0.662964 0.735280
vt 0.652537 0.739632
vt 0.662964 0.729175
vt 0.647701 0.730928
vt 0.649061 0.736882
vt 0.658642 0.739632
vt 0.654260 0.740116
vt 0.616602 0.743017
vt 0.605601 0.743017
vt 0.628057 0.743017
vt 0.593905 0.743017
vt 0.583055 0.743017
vt 0.572175 0.743017
vt 0.583055 0.743017
vt 0.593905 0.705329
vt 0.593905 0.696776
vt 0.583055 0.696776
vt 0.593905 0.705329
vt 0.560962 0.743017
vt 0.549175 0.743017
vt 0.640206 0.743017
vt 0.560962 0.743017
vt 0.628057 0.743017
vt 0.605601 0.734373
vt 0.605601 0.734373
vt 0.616602 0.734373
vt 0.593905 0.734373
vt 0.583055 0.734373
vt 0.572175 0.734373
vt 0.583055 0.734373
vt 0.560962 0.734373
vt 0.549175 0.734373
vt 0.640206 0.734373
vt 0.560962 0.734373
vt 0.628057 0.734373
vt 0.616602 0.720169
vt 0.605601 0.720169
vt 0.616602 0.720169
vt 0.583055 0.743017
vt 0.572175 0.743017
vt 0.662964 0.729175
vt 0.658642 0.739632
vt 0.656889 0.724339
vt 0.663477 0.733557
vt 0.583055 0.743017
vt 0.572175 0.734373
vt 0.583055 0.734373
vt 0.583055 0.734373
vt 0.662964 0.735280
vt 0.662087 0.727573
vt 0.560962 0.734373
vt 0.549175 0.734373
vt 0.640206 0.734373
vt 0.560962 0.734373
vt 0.628057 0.734373
vt 0.616602 0.720169
vt 0.605601 0.720169
vt 0.616602 0.720169
vt 0.593905 0.720169
vt 0.583055 0.720169
vt 0.572175 0.720169
vt 0.593905 0.720169
vt 0.572175 0.720169
vt 0.549175 0.720169
vt 0.640206 0.720169
vt 0.560962 0.720169
vt 0.628057 0.720169
vt 0.628057 0.696776
vt 0.616602 0.696776
vt 0.616602 0.705329
vt 0.616602 0.705329
vt 0.605601 0.705329
vt 0.593905 0.705329
vt 0.616602 0.696776
vt 0.605601 0.696776
vt 0.593905 0.696776
vt 0.583055 0.696776
vt 0.593905 0.705329
vt 0.583055 0.705329
vt 0.583055 0.696776
vt 0.572175 0.705329
vt 0.572175 0.705329
vt 0.572175 0.696776
vt 0.560962 0.705329
vt 0.549175 0.705329
vt 0.560962 0.696776
vt 0.560962 0.696776
vt 0.640206 0.705329
vt 0.628057 0.705329
vt 0.549175 0.696776
vt 0.640206 0.696776
vt 0.662087 0.727573
vt 0.656889 0.724339
vt 0.628057 0.696776
vt 0.663477 0.733557
vt 0.660244 0.738725
vt 0.648185 0.729175
vt 0.650935 0.725730
vt 0.648185 0.735280
vt 0.652537 0.739632
vt 0.658642 0.724853
vt 0.652537 0.724853
vt 0.662964 0.735280
vt 0.658642 0.739632
vt 0.647701 0.730928
vt 0.662964 0.729175
vt 0.649061 0.736882
vt 0.628057 0.743017
vt 0.616602 0.743017
vt 0.654260 0.740116
vt 0.605601 0.743017
vt 0.583055 0.743017
vt 0.583055 0.743017
vt 0.593905 0.743017
vt 0.572175 0.743017
vt 0.560962 0.743017
vt 0.549175 0.743017
vt 0.560962 0.743017
vt 0.640206 0.743017
vt 0.616602 0.734373
vt 0.605601 0.734373
vt 0.628057 0.743017
vt 0.605601 0.734373
vt 0.583055 0.734373
vt 0.583055 0.734373
vt 0.593905 0.734373
vt 0.572175 0.734373
vt 0.560962 0.734373
vt 0.549175 0.734373
vt 0.560962 0.734373
vt 0.572175 0.720169
vt 0.572175 0.720169
vt 0.583055 0.720169
vt 0.593905 0.720169
vt 0.593905 0.720169
vt 0.605601 0.720169
vt 0.616602 0.705329
vt 0.616602 0.720169
vt 0.616602 0.696776
vt 0.616602 0.720169
vt 0.628057 0.734373
vt 0.640206 0.734373
vt 0.549175 0.720169
vt 0.560962 0.720169
vt 0.628057 0.720169
vt 0.572175 0.705329
vt 0.640206 0.720169
vt 0.616602 0.696776
vt 0.593905 0.705329
vt 0.616602 0.705329
vt 0.628057 0.696776
vt 0.549175 0.696776
vt 0.572175 0.705329
vt 0.583055 0.696776
vt 0.560962 0.696776
vt 0.549175 0.705329
vt 0.583055 0.705329
vt 0.593905 0.696776
vt 0.605601 0.705329
vt 0.605601 0.696776
vt 0.640206 0.696776
vt 0.560962 0.696776
vt 0.628057 0.705329
vt 0.560962 0.705329
vt 0.572175 0.696776
vt 0.583055 0.696776
vt 0.593905 0.705329
vt 0.640206 0.705329
vt 0.020340 0.736942
vt 0.020340 0.704816
vt 0.020340 0.730747
vt 0.020340 0.711253
vt 0.033305 0.698408
vt 0.032761 0.736942
vt 0.037718 0.736942
vt 0.037718 0.736942
vt 0.032761 0.717690
vt 0.020340 0.717690
vt 0.031613 0.730747
vt 0.020340 0.724551
vt 0.628057 0.696776
vt 0.020340 0.698408
vt 0.041163 0.717690
vt 0.033849 0.711253
vt 0.527959 0.736942
vt 0.527959 0.698408
vt 0.042372 0.736942
vt 0.033849 0.711253
vt 0.031613 0.724551
vt 0.045243 0.717690
vt 0.045243 0.724551
vt 0.527959 0.717690
vt 0.045243 0.730747
vt 0.527959 0.730535
vt 0.045243 0.698408
vt 0.037960 0.730747
vt 0.038201 0.698408
vt 0.040952 0.704816
vt 0.527959 0.704846
vt 0.527959 0.724098
vt 0.045243 0.711253
vt 0.045243 0.736942
vt 0.036902 0.717690
vt 0.037748 0.724551
vt 0.033396 0.704816
vt 0.527959 0.711253
vt 0.527959 0.730535
vt 0.045243 0.730747
vt 0.527959 0.724098
vt 0.045243 0.724551
vt 0.020340 0.704816
vt 0.020340 0.711253
vt 0.033305 0.698408
vt 0.031613 0.724551
vt 0.037718 0.736942
vt 0.031613 0.730747
vt 0.033849 0.711253
vt 0.045243 0.704816
vt 0.020340 0.698408
vt 0.042372 0.736942
vt 0.037718 0.736942
vt 0.659458 0.713550
vt 0.527959 0.717690
vt 0.691585 0.700494
vt 0.685147 0.700494
vt 0.691585 0.713550
vt 0.685147 0.713550
vt 0.678740 0.700494
vt 0.527959 0.698408
vt 0.045243 0.698408
vt 0.527959 0.736942
vt 0.672302 0.700494
vt 0.665865 0.700494
vt 0.032761 0.736942
vt 0.032761 0.717690
vt 0.040952 0.704816
vt 0.037960 0.730747
vt 0.045243 0.717690
vt 0.527959 0.711253
vt 0.653020 0.713550
vt 0.685147 0.700494
vt 0.678740 0.713550
vt 0.045243 0.736942
vt 0.659458 0.700494
vt 0.678740 0.713550
vt 0.020340 0.717690
vt 0.020340 0.724551
vt 0.038201 0.698408
vt 0.037748 0.724551
vt 0.036902 0.717690
vt 0.045243 0.711253
vt 0.659458 0.700494
vt 0.653020 0.700494
vt 0.685147 0.713550
vt 0.665865 0.713550
vt 0.672302 0.713550
vt 0.678740 0.700494
vt 0.020340 0.730747
vt 0.020340 0.736942
vt 0.033396 0.704816
vt 0.041163 0.717690
vt 0.033849 0.711253
vt 0.527959 0.704846
vt 0.045243 0.704816
vt 0.672302 0.700494
vt 0.665865 0.700494
vt 0.672302 0.713550
vt 0.691585 0.713550
vt 0.685147 0.713550
vt 0.678740 0.700494
vt 0.665865 0.713550
vt 0.653020 0.700494
vt 0.659458 0.713550
vt 0.659458 0.700494
vt 0.653020 0.713550
vt 0.691585 0.700494
vt 0.685147 0.700494
vt 0.659458 0.713550
vt 0.685147 0.700494
vt 0.678740 0.713550
vt 0.678740 0.700494
vt 0.672302 0.700494
vt 0.685147 0.713550
vt 0.672302 0.713550
vt 0.659458 0.700494
vt 0.665865 0.700494
vt 0.659458 0.713550
vt 0.659458 0.700494
vt 0.665865 0.700494
vt 0.659458 0.713550
vt 0.653020 0.713550
vt 0.653020 0.700494
vt 0.659458 0.700494
vt 0.659458 0.713550
vt 0.672302 0.713550
vt 0.678740 0.713550
vt 0.685147 0.700494
vt 0.678740 0.700494
vt 0.989398 0.715968
vt 0.665865 0.713550
vt 0.882350 0.615115
vt 0.956244 0.682844
vt 0.885553 0.611911
vt 0.889996 0.616535
vt 0.923120 0.649689
vt 0.678740 0.713550
vt 0.665865 0.700494
vt 0.672302 0.700494
vt 0.804164 0.904315
vt 0.784126 0.866356
vt 0.665865 0.713550
vt 0.685147 0.700494
vt 0.691585 0.700494
vt 0.678740 0.713550
vt 0.784126 0.916193
vt 0.809453 0.916193
vt 0.804164 0.866356
vt 0.976493 0.703002
vt 0.981782 0.710649
vt 0.665865 0.713550
vt 0.784126 0.866356
vt 0.784126 0.904315
vt 0.672302 0.713550
vt 0.665865 0.713550
vt 0.685147 0.713550
vt 0.685147 0.713550
vt 0.678740 0.700494
vt 0.784126 0.954152
vt 0.804164 0.904315
vt 0.784126 0.866356
vt 0.943339 0.669878
vt 0.804164 0.866356
vt 0.915504 0.644370
vt 0.910185 0.636754
vt 0.672302 0.700494
vt 0.665865 0.700494
vt 0.691585 0.713550
vt 0.672302 0.713550
vt 0.672302 0.700494
vt 0.809453 0.954152
vt 0.784126 0.904315
vt 0.948658 0.677494
vt 0.804164 0.904315
vt 0.784126 0.904315
vt 0.784126 0.904315
vt 0.809453 0.916193
vt 0.784126 0.866356
vt 0.784126 0.904315
vt 0.784126 0.866356
vt 0.804164 0.866356
vt 0.804345 0.904315
vt 0.804345 0.866356
vt 0.809453 0.954152
vt 0.784126 0.916193
vt 0.784126 0.954152
vt 0.804345 0.904315
vt 0.804345 0.866356
vt 0.923301 0.769129
vt 0.928439 0.776745
vt 0.915685 0.764052
vt 0.792709 0.693845
vt 0.818036 0.693845
vt 0.792709 0.731835
vt 0.818036 0.731835
vt 0.784126 0.866356
vt 0.763877 0.904315
vt 0.784126 0.904315
vt 0.784126 0.954152
vt 0.784126 0.916193
vt 0.758769 0.954152
vt 0.764089 0.866356
vt 0.895285 0.743591
vt 0.784126 0.904315
vt 0.767383 0.731835
vt 0.792709 0.693845
vt 0.792709 0.693845
vt 0.758769 0.916193
vt 0.792709 0.731835
vt 0.767383 0.731835
vt 0.767383 0.693845
vt 0.742056 0.693845
vt 0.742056 0.731835
vt 0.716700 0.693845
vt 0.742056 0.693845
vt 0.716700 0.731835
vt 0.818036 0.731835
vt 0.792709 0.731835
vt 0.758769 0.916193
vt 0.784126 0.866356
vt 0.764089 0.904315
vt 0.792709 0.731835
vt 0.784126 0.916193
vt 0.758769 0.954152
vt 0.767383 0.693845
vt 0.767383 0.731835
vt 0.716700 0.693845
vt 0.742056 0.731835
vt 0.956456 0.768102
vt 0.818036 0.693845
vt 0.763877 0.866356
vt 0.804345 0.866356
vt 0.784126 0.904315
vt 0.742056 0.693845
vt 0.742056 0.731835
vt 0.784126 0.954152
vt 0.784126 0.904315
vt 0.763877 0.904315
vt 0.742056 0.693845
vt 0.989610 0.734978
vt 0.792709 0.693845
vt 0.742056 0.731835
vt 0.804345 0.904315
vt 0.784126 0.866356
vt 0.767383 0.693845
vt 0.767383 0.731835
vt 0.767383 0.693845
vt 0.763877 0.866356
vt 0.784126 0.866356
vt 0.716700 0.731835
vt 0.948658 0.769129
vt 0.947631 0.776957
vt 0.915504 0.735975
vt 0.915504 0.743803
vt 0.923301 0.677494
vt 0.956456 0.710649
vt 0.849377 0.697743
vt 0.956456 0.702851
vt 0.849196 0.648269
vt 0.882531 0.730898
vt 0.890177 0.636543
vt 0.890177 0.644370
vt 0.890177 0.735975
vt 0.923301 0.669697
vt 0.981782 0.735975
vt 0.956456 0.743803
vt 0.956456 0.735975
vt 0.980785 0.743803
vt 0.948658 0.735975
vt 0.742056 0.753444
vt 0.923301 0.735975
vt 0.948658 0.743803
vt 0.923301 0.743803
vt 0.827798 0.669697
vt 0.849196 0.669697
vt 0.824473 0.673021
vt 0.828977 0.677343
vt 0.857023 0.702851
vt 0.882350 0.702851
vt 0.849196 0.677494
vt 0.862131 0.710437
vt 0.716700 0.753444
vt 0.890177 0.710649
vt 0.882350 0.710649
vt 0.890177 0.702851
vt 0.915504 0.710649
vt 0.948658 0.710649
vt 0.915504 0.702851
vt 0.923301 0.702851
vt 0.923301 0.710649
vt 0.948658 0.702851
vt 0.890177 0.669697
vt 0.915504 0.677494
vt 0.890177 0.677494
vt 0.915504 0.669697
vt 0.857023 0.669697
vt 0.882350 0.677525
vt 0.857023 0.677525
vt 0.882350 0.669697
vt 0.860922 0.636543
vt 0.882350 0.644370
vt 0.857023 0.644370
vt 0.882350 0.636543
vt 0.792709 0.741717
vt 0.767383 0.753444
vt 0.767383 0.741717
vt 0.792709 0.753444
vt 0.818036 0.741717
vt 0.792709 0.753444
vt 0.792709 0.741717
vt 0.818036 0.753444
vt 0.767383 0.741717
vt 0.742056 0.753444
vt 0.742056 0.741717
vt 0.767383 0.753444
vt 0.742056 0.741717
vt 0.716700 0.753444
vt 0.716700 0.741717
vt 0.742056 0.753444
vt 0.792709 0.741717
vt 0.767383 0.753444
vt 0.767383 0.741717
vt 0.792709 0.753444
vt 0.818036 0.741717
vt 0.792709 0.753444
vt 0.792709 0.741717
vt 0.818036 0.753444
vt 0.767383 0.741717
vt 0.742056 0.753444
vt 0.742056 0.741717
vt 0.767383 0.753444
vt 0.742056 0.741717
vt 0.716700 0.753444
vt 0.716700 0.741717
vt 0.742056 0.753444
vt 0.792709 0.741717
vt 0.767383 0.753444
vt 0.767383 0.741717
vt 0.792709 0.753444
vt 0.818036 0.741717
vt 0.792709 0.753444
vt 0.792709 0.741717
vt 0.818036 0.753444
vt 0.767383 0.741717
vt 0.742056 0.753444
vt 0.742056 0.741717
vt 0.767383 0.753444
vt 0.716700 0.741717
vt 0.742056 0.753444
vt 0.742056 0.741717
vt 0.767383 0.741717
vt 0.716700 0.753444
vt 0.792709 0.753444
vt 0.767383 0.753444
vt 0.818036 0.741717
vt 0.792709 0.741717
vt 0.792709 0.753444
vt 0.792709 0.741717
vt 0.818036 0.753444
vt 0.767383 0.741717
vt 0.742056 0.753444
vt 0.742056 0.741717
vt 0.767383 0.753444
vt 0.742056 0.741717
vt 0.716700 0.741717
vt 0.742056 0.753444
vt 0.792709 0.741717
vt 0.767383 0.753444
vt 0.767383 0.741717
vt 0.792709 0.753444
vt 0.767383 0.741717
vt 0.742056 0.741717
vt 0.767383 0.753444
vt 0.742056 0.741717
vt 0.716700 0.753444
vt 0.716700 0.741717
vt 0.742056 0.753444
vt 0.818036 0.741717
vt 0.792709 0.753444
vt 0.792709 0.741717
vt 0.818036 0.753444
vt 0.792709 0.741717
vt 0.767383 0.741717
vt 0.742056 0.741717
vt 0.742056 0.753444
vt 0.716700 0.753444
vt 0.767383 0.753444
vt 0.818036 0.741717
vt 0.792709 0.741717
vt 0.784126 0.866356
vt 0.784126 0.904315
vt 0.763877 0.904315
vt 0.809453 0.858286
vt 0.784126 0.820326
vt 0.758769 0.820326
vt 0.809453 0.820326
vt 0.809453 0.858286
vt 0.784126 0.858286
vt 0.716700 0.741717
vt 0.792709 0.753444
vt 0.767383 0.753444
vt 0.742056 0.753444
vt 0.767383 0.741717
vt 0.742056 0.741717
vt 0.763877 0.866356
vt 0.818036 0.753444
vt 0.792709 0.753444
vt 0.784126 0.858286
vt 0.809453 0.820326
vt 0.784126 0.820326
vt 0.784126 0.820326
vt 0.784126 0.858286
vt 0.758769 0.858286
vt 0.758769 0.858286
vt 0.784126 0.820326
vt 0.758769 0.820326
vt 0.134551 0.557450
vt 0.129474 0.557420
vt 0.114755 0.535629
vt 0.110041 0.535629
vt 0.133977 0.535629
vt 0.129172 0.535629
vt 0.764089 0.866356
vt 0.792709 0.693845
vt 0.784126 0.866356
vt 0.767383 0.731835
vt 0.792709 0.731835
vt 0.792709 0.693845
vt 0.818036 0.731835
vt 0.742056 0.693845
vt 0.767383 0.693845
vt 0.742056 0.731835
vt 0.767383 0.731835
vt 0.716700 0.693845
vt 0.742056 0.693845
vt 0.764089 0.866356
vt 0.742056 0.731835
vt 0.784126 0.904315
vt 0.764089 0.904315
vt 0.138692 0.535629
vt 0.133977 0.535629
vt 0.109225 0.557450
vt 0.114755 0.535629
vt 0.139417 0.557420
vt 0.134551 0.557450
vt 0.764089 0.904315
vt 0.818036 0.693845
vt 0.784126 0.858286
vt 0.792709 0.731835
vt 0.784126 0.904315
vt 0.784126 0.866356
vt 0.767383 0.693845
vt 0.119561 0.535629
vt 0.716700 0.731835
vt 0.114060 0.557450
vt 0.114060 0.557450
vt 0.205423 0.622610
vt 0.119561 0.535629
vt 0.119198 0.557450
vt 0.124396 0.535629
vt 0.124366 0.557420
vt 0.124396 0.535629
vt 0.119198 0.557450
vt 0.129172 0.535629
vt 0.129474 0.557420
vt 0.134551 0.557450
vt 0.124366 0.557420
vt 0.145703 0.578455
vt 0.215336 0.622610
vt 0.134551 0.557450
vt 0.129474 0.557420
vt 0.139417 0.557420
vt 0.145703 0.578455
vt 0.119198 0.557450
vt 0.157853 0.578455
vt 0.109225 0.557450
vt 0.114060 0.557450
vt 0.113909 0.578455
vt 0.096894 0.578455
vt 0.119198 0.557450
vt 0.114060 0.557450
vt 0.124366 0.557420
vt 0.129534 0.578455
vt 0.129474 0.557420
vt 0.113909 0.578455
vt 0.124366 0.557420
vt 0.129172 0.535629
vt 0.124396 0.535629
vt 0.129534 0.578455
vt 0.129202 0.527409
vt 0.124457 0.527409
vt 0.122069 0.531519
vt 0.131559 0.531549
vt 0.046241 0.629743
vt 0.045938 0.607922
vt 0.040861 0.607892
vt 0.041435 0.629743
vt 0.041435 0.629743
vt 0.040861 0.607892
vt 0.035965 0.607922
vt 0.036720 0.629743
vt 0.065402 0.629743
vt 0.066218 0.607922
vt 0.061352 0.607892
vt 0.060657 0.629743
vt 0.060657 0.629743
vt 0.061352 0.607892
vt 0.056214 0.607922
vt 0.055851 0.629743
vt 0.055851 0.629743
vt 0.056214 0.607922
vt 0.051076 0.607922
vt 0.051016 0.629743
vt 0.051016 0.629743
vt 0.051076 0.607922
vt 0.045938 0.607922
vt 0.046241 0.629743
vt 0.040861 0.607892
vt 0.035965 0.607922
vt 0.017529 0.586887
vt 0.045938 0.607922
vt 0.040861 0.607892
vt 0.066218 0.607922
vt 0.061352 0.607892
vt 0.035179 0.586887
vt 0.084623 0.586887
vt 0.061352 0.607892
vt 0.067004 0.586887
vt 0.056214 0.607922
vt 0.051076 0.607922
vt 0.056214 0.607922
vt 0.067004 0.586887
vt 0.051106 0.586887
vt 0.051076 0.607922
vt 0.045938 0.607922
vt 0.046241 0.629743
vt 0.051106 0.586887
vt 0.051016 0.629743
vt 0.035179 0.586887
vt 0.050955 0.637963
vt 0.043853 0.633823
vt 0.200497 0.622610
vt 0.046210 0.637963
vt 0.195510 0.622610
vt 0.053343 0.633853
vt 0.199892 0.601696
vt 0.195510 0.622610
vt 0.190584 0.622610
vt 0.194452 0.601696
vt 0.194452 0.601696
vt 0.220263 0.622610
vt 0.189315 0.601696
vt 0.221532 0.601696
vt 0.215336 0.622610
vt 0.210410 0.622610
vt 0.216394 0.601696
vt 0.216394 0.601696
vt 0.210410 0.622610
vt 0.210863 0.601696
vt 0.210863 0.601696
vt 0.205423 0.622610
vt 0.200497 0.622610
vt 0.205363 0.601696
vt 0.205363 0.601696
vt 0.194452 0.601696
vt 0.199892 0.601696
vt 0.199892 0.601696
vt 0.189315 0.601696
vt 0.194452 0.601696
vt 0.171997 0.583260
vt 0.239091 0.583260
vt 0.216394 0.601696
vt 0.210863 0.601696
vt 0.210863 0.601696
vt 0.205363 0.601696
vt 0.221351 0.583260
vt 0.200497 0.622610
vt 0.200467 0.631133
vt 0.205423 0.622610
vt 0.200497 0.622610
vt 0.199892 0.601696
vt 0.195510 0.622610
vt 0.194452 0.601696
vt 0.220263 0.622610
vt 0.189315 0.601696
vt 0.216394 0.601696
vt 0.221532 0.601696
vt 0.189798 0.583260
vt 0.205574 0.583260
vt 0.205363 0.601696
vt 0.221351 0.583260
vt 0.189798 0.583260
vt 0.205574 0.583260
vt 0.199892 0.601696
vt 0.207871 0.626871
vt 0.205393 0.631133
vt 0.198019 0.626841
vt 0.190584 0.622610
vt 0.195510 0.622610
vt 0.194452 0.601696
vt 0.216394 0.601696
vt 0.221532 0.601696
vt 0.215336 0.622610
vt 0.205363 0.601696
vt 0.221351 0.583260
vt 0.200467 0.631133
vt 0.205423 0.622610
vt 0.210863 0.601696
vt 0.205574 0.583260
vt 0.210410 0.622610
vt 0.210863 0.601696
vt 0.216394 0.601696
vt 0.205363 0.601696
vt 0.205423 0.622610
vt 0.200497 0.622610
vt 0.194452 0.601696
vt 0.199892 0.601696
vt 0.189315 0.601696
vt 0.171997 0.583260
vt 0.194452 0.601696
vt 0.189798 0.583260
vt 0.221532 0.601696
vt 0.210863 0.601696
vt 0.239091 0.583260
vt 0.205363 0.601696
vt 0.221351 0.583260
vt 0.205574 0.583260
vt 0.199892 0.601696
vt 0.198019 0.626841
vt 0.207871 0.626871
vt 0.200497 0.622610
vt 0.189798 0.583260
vt 0.210863 0.601696
vt 0.205363 0.601696
vt 0.215336 0.622610
vt 0.199892 0.601696
vt 0.210410 0.622610
vt 0.216394 0.601696
vt 0.205423 0.622610
vt 0.046241 0.629743
vt 0.216394 0.601696
vt 0.205393 0.631133
vt 0.041435 0.629743
vt 0.708479 0.228265
vt 0.040861 0.607892
vt 0.045938 0.607922
vt 0.041435 0.629743
vt 0.040861 0.607892
vt 0.035965 0.607922
vt 0.036720 0.629743
vt 0.065402 0.629743
vt 0.066218 0.607922
vt 0.061352 0.607892
vt 0.060657 0.629743
vt 0.060657 0.629743
vt 0.129202 0.527409
vt 0.061352 0.607892
vt 0.055851 0.629743
vt 0.056214 0.607922
vt 0.055851 0.629743
vt 0.051016 0.629743
vt 0.051016 0.629743
vt 0.051076 0.607922
vt 0.056214 0.607922
vt 0.046241 0.629743
vt 0.045938 0.607922
vt 0.040861 0.607892
vt 0.051076 0.607922
vt 0.045938 0.607922
vt 0.017529 0.586887
vt 0.040861 0.607892
vt 0.035965 0.607922
vt 0.035179 0.586887
vt 0.061352 0.607892
vt 0.084623 0.586887
vt 0.066218 0.607922
vt 0.056214 0.607922
vt 0.067004 0.586887
vt 0.051076 0.607922
vt 0.061352 0.607892
vt 0.051106 0.586887
vt 0.067004 0.586887
vt 0.051076 0.607922
vt 0.056214 0.607922
vt 0.045938 0.607922
vt 0.035179 0.586887
vt 0.046241 0.629743
vt 0.051106 0.586887
vt 0.051016 0.629743
vt 0.043853 0.633823
vt 0.050955 0.637963
vt 0.046210 0.637963
vt 0.053343 0.633853
vt 0.133977 0.535629
vt 0.129474 0.557420
vt 0.129172 0.535629
vt 0.134551 0.557450
vt 0.138692 0.535629
vt 0.134551 0.557450
vt 0.133977 0.535629
vt 0.139417 0.557420
vt 0.114755 0.535629
vt 0.109225 0.557450
vt 0.110041 0.535629
vt 0.114060 0.557450
vt 0.119561 0.535629
vt 0.114060 0.557450
vt 0.114755 0.535629
vt 0.119198 0.557450
vt 0.124396 0.535629
vt 0.119198 0.557450
vt 0.119561 0.535629
vt 0.124366 0.557420
vt 0.129172 0.535629
vt 0.124366 0.557420
vt 0.124396 0.535629
vt 0.129474 0.557420
vt 0.145703 0.578455
vt 0.129474 0.557420
vt 0.134551 0.557450
vt 0.134551 0.557450
vt 0.139417 0.557420
vt 0.114060 0.557450
vt 0.145703 0.578455
vt 0.109225 0.557450
vt 0.157853 0.578455
vt 0.114060 0.557450
vt 0.113909 0.578455
vt 0.119198 0.557450
vt 0.119198 0.557450
vt 0.124366 0.557420
vt 0.096894 0.578455
vt 0.113909 0.578455
vt 0.129474 0.557420
vt 0.124366 0.557420
vt 0.129534 0.578455
vt 0.129534 0.578455
vt 0.124396 0.535629
vt 0.129172 0.535629
vt 0.131559 0.531549
vt 0.122069 0.531519
vt 0.286601 0.225817
vt 0.124457 0.527409
vt 0.083475 0.167185
vt 0.505353 0.228265
vt 0.083475 0.225938
vt 0.505353 0.306149
vt 0.011938 0.654948
vt 0.011938 0.684083
vt 0.708479 0.306179
vt 0.145129 0.654948
vt 0.770133 0.684083
vt 0.022093 0.093653
vt 0.145129 0.684083
vt 0.022093 0.148356
vt 0.083475 0.148356
vt 0.083475 0.093653
vt 0.083475 0.306179
vt 0.778082 0.447712
vt 0.778082 0.332050
vt 0.770133 0.654978
vt 0.708479 0.032241
vt 0.520132 0.684083
vt 0.083475 0.148356
vt 0.022093 0.306179
vt 0.083475 0.093653
vt 0.708479 0.032241
vt 0.083475 0.032241
vt 0.708479 0.093653
vt 0.083475 0.093653
vt 0.083475 0.228386
vt 0.083475 0.148356
vt 0.083475 0.228598
vt 0.022093 0.306179
vt 0.022093 0.228598
vt 0.708479 0.016616
vt 0.766718 0.447712
vt 0.766718 0.332050
vt 0.022093 0.093653
vt 0.022093 0.148356
vt 0.458477 0.016616
vt 0.083475 0.228386
vt 0.083475 0.306179
vt 0.022093 0.228598
vt 0.708479 0.148356
vt 0.708479 0.093653
vt 0.083475 0.093653
vt 0.286571 0.306179
vt 0.083475 0.306179
vt 0.286601 0.228265
vt 0.456452 0.984012
vt 0.706454 0.934659
vt 0.018950 0.773451
vt 0.456452 0.757463
vt 0.706454 0.955240
vt 0.821602 0.571352
vt 0.708479 0.167185
vt 0.083475 0.032241
vt 0.083475 0.159388
vt 0.011908 0.684083
vt 0.011938 0.654948
vt 0.145129 0.684083
vt 0.145129 0.654978
vt 0.145129 0.684083
vt 0.083475 0.344713
vt 0.708086 0.344743
vt 0.083475 0.477904
vt 0.708086 0.477934
vt 0.708086 0.323889
vt 0.083475 0.344713
vt 0.083475 0.323859
vt 0.781588 0.571352
vt 0.821602 0.581024
vt 0.706454 0.850338
vt 0.706454 0.984012
vt 0.268951 0.773451
vt 0.268951 0.781218
vt 0.292374 0.757463
vt 0.706454 0.858044
vt 0.083475 0.167185
vt 0.145129 0.654978
vt 0.708479 0.159388
vt 0.270130 0.684083
vt 0.208476 0.016616
vt 0.781588 0.581024
vt 0.083475 0.016616
vt 0.284576 0.984012
vt 0.708086 0.344743
vt 0.018950 0.781218
vt 0.284576 0.780886
vt 0.755717 0.573287
vt 0.456452 0.984012
vt 0.456452 0.780886
vt 0.292374 0.780886
vt 0.032127 0.203452
vt 0.011213 0.171537
vt 0.032127 0.171537
vt 0.011213 0.203452
vt 0.018950 0.750029
vt 0.268951 0.773451
vt 0.018950 0.773451
vt 0.268951 0.750029
vt 0.022093 0.228598
vt 0.018950 0.781218
vt 0.018950 0.984345
vt 0.268951 0.984345
vt 0.268951 0.781218
vt 0.706454 0.757463
vt 0.706454 0.796330
vt 0.456452 0.780886
vt 0.456452 0.757463
vt 0.706454 0.779919
vt 0.018950 0.781218
vt 0.268951 0.773451
vt 0.268951 0.781218
vt 0.018950 0.773451
vt 0.011213 0.203452
vt 0.032127 0.171537
vt 0.032127 0.203452
vt 0.011213 0.171537
vt 0.018950 0.750029
vt 0.268951 0.773451
vt 0.018950 0.773451
vt 0.268951 0.750029
vt 0.018950 0.781218
vt 0.268951 0.984345
vt 0.018950 0.984345
vt 0.268951 0.781218
vt 0.706454 0.757463
vt 0.456452 0.779949
vt 0.456452 0.757463
vt 0.706454 0.779919
vt 0.706454 0.757463
vt 0.456452 0.779949
vt 0.456452 0.757463
vt 0.706454 0.779949
vt 0.018950 0.781218
vt 0.268951 0.773451
vt 0.268951 0.781218
vt 0.018950 0.773451
vt 0.018950 0.781218
vt 0.268951 0.984345
vt 0.018950 0.984345
vt 0.268951 0.781218
vt 0.018950 0.750029
vt 0.268951 0.773451
vt 0.018950 0.773451
vt 0.268951 0.750029
vt 0.011213 0.203452
vt 0.032127 0.171537
vt 0.032127 0.203452
vt 0.011213 0.171537
vt 0.456452 0.779949
vt 0.706454 0.757463
vt 0.456452 0.757463
vt 0.581453 0.779949
vt 0.018950 0.773451
vt 0.018950 0.750029
vt 0.706454 0.779949
vt 0.268951 0.773451
vt 0.292374 0.757463
vt 0.456452 0.757463
vt 0.268951 0.750029
vt 0.456452 0.779949
vt 0.284576 0.984012
vt 0.292374 0.780886
vt 0.456452 0.984012
vt 0.284576 0.780886
vt 0.018950 0.984345
vt 0.268951 0.781218
vt 0.018950 0.781218
vt 0.268951 0.773451
vt 0.268951 0.984345
vt 0.018950 0.781218
vt 0.018950 0.773451
vt 0.032127 0.187495
vt 0.268951 0.781218
vt 0.011213 0.203452
vt 0.011213 0.187495
vt 0.032127 0.203452
vt 0.083475 0.228598
vt 0.022093 0.306179
vt 0.083475 0.306179
vt 0.022093 0.228598
vt 0.083475 0.306179
vt 0.083475 0.228598
vt 0.022093 0.306179
vt 0.505353 0.228598
vt 0.286601 0.306149
vt 0.286601 0.228598
vt 0.505353 0.306149
vt 0.773155 0.579754
vt 0.755717 0.579754
vt 0.773155 0.573287
vt 0.708479 0.167185
vt 0.505353 0.225817
vt 0.708479 0.225817
vt 0.966490 0.595077
vt 0.966490 0.558931
vt 0.747738 0.558931
vt 0.747738 0.595077
vt 0.850979 0.330387
vt 0.804919 0.330387
vt 0.850979 0.450825
vt 0.009701 0.172988
vt 0.850979 0.450825
vt 0.009701 0.205145
vt 0.060234 0.009695
vt 0.014174 0.009695
vt 0.060234 0.080023
vt 0.031129 0.170993
vt 0.721988 0.851214
vt 0.012149 0.170993
vt 0.846989 0.796330
vt 0.846989 0.984224
vt 0.831364 0.968599
vt 0.737614 0.798083
vt 0.721988 0.780886
vt 0.831334 0.798083
vt 0.030797 0.205145
vt 0.030797 0.172988
vt 0.804919 0.450825
vt 0.804919 0.330387
vt 0.804919 0.450825
vt 0.850979 0.330387
vt 0.012149 0.203543
vt 0.031129 0.203543
vt 0.014174 0.080023
vt 0.721988 0.937167
vt 0.721988 0.859011
vt 0.721988 0.796511
vt 0.721988 0.957447
vt 0.721988 0.984224
vt 0.737614 0.968599
vt 0.195510 0.622610
vt 0.200497 0.622610
vt 0.846989 0.780886
vt 0.216394 0.601696
vt 0.216394 0.601696
vt 0.200497 0.622610
vt 0.199892 0.601696
vt 0.221532 0.601696
vt 0.189315 0.601696
vt 0.194452 0.601696
vt 0.220263 0.622610
vt 0.195510 0.622610
vt 0.215336 0.622610
vt 0.221532 0.601696
vt 0.216394 0.601696
vt 0.216394 0.601696
vt 0.210863 0.601696
vt 0.210410 0.622610
vt 0.205423 0.622610
vt 0.210863 0.601696
vt 0.205363 0.601696
vt 0.205423 0.622610
vt 0.199892 0.601696
vt 0.205363 0.601696
vt 0.194452 0.601696
vt 0.194452 0.601696
vt 0.210863 0.601696
vt 0.210863 0.601696
vt 0.205423 0.622610
vt 0.198019 0.626841
vt 0.205363 0.601696
vt 0.205363 0.601696
vt 0.190584 0.622610
vt 0.215336 0.622610
vt 0.199892 0.601696
vt 0.210410 0.622610
vt 0.194452 0.601696
vt 0.199892 0.601696
vt 0.189315 0.601696
vt 0.205393 0.631133
vt 0.200497 0.622610
vt 0.200467 0.631133
vt 0.184328 0.583260
vt 0.193002 0.533907
vt 0.180187 0.533907
vt 0.184328 0.583260
vt 0.195238 0.583260
vt 0.207871 0.626871
vt 0.226791 0.583260
vt 0.231052 0.533907
vt 0.244290 0.533907
vt 0.226791 0.583260
vt 0.239091 0.583260
vt 0.166980 0.533907
vt 0.180187 0.533907
vt 0.171997 0.583260
vt 0.215880 0.583260
vt 0.218238 0.533907
vt 0.215880 0.583260
vt 0.231052 0.533907
vt 0.205574 0.583260
vt 0.205605 0.533907
vt 0.205574 0.583260
vt 0.218238 0.533907
vt 0.041435 0.629743
vt 0.040861 0.607892
vt 0.045938 0.607922
vt 0.040861 0.607892
vt 0.195238 0.583260
vt 0.193002 0.533907
vt 0.046241 0.629743
vt 0.205605 0.533907
vt 0.036720 0.629743
vt 0.041435 0.629743
vt 0.035965 0.607922
vt 0.060657 0.629743
vt 0.066218 0.607922
vt 0.065402 0.629743
vt 0.061352 0.607892
vt 0.060657 0.629743
vt 0.056214 0.607922
vt 0.061352 0.607892
vt 0.055851 0.629743
vt 0.055851 0.629743
vt 0.056214 0.607922
vt 0.051076 0.607922
vt 0.051016 0.629743
vt 0.051016 0.629743
vt 0.051076 0.607922
vt 0.045938 0.607922
vt 0.046241 0.629743
vt 0.045938 0.607922
vt 0.040861 0.607892
vt 0.035965 0.607922
vt 0.040861 0.607892
vt 0.066218 0.607922
vt 0.061352 0.607892
vt 0.056214 0.607922
vt 0.061352 0.607892
vt 0.056214 0.607922
vt 0.051076 0.607922
vt 0.045938 0.607922
vt 0.051076 0.607922
vt 0.046241 0.629743
vt 0.046210 0.637963
vt 0.043853 0.633823
vt 0.051016 0.629743
vt 0.050955 0.637963
vt 0.040680 0.586887
vt 0.029709 0.586887
vt 0.053343 0.633853
vt 0.038715 0.531096
vt 0.029709 0.586887
vt 0.017529 0.586887
vt 0.026082 0.531096
vt 0.026082 0.531096
vt 0.084623 0.586887
vt 0.072474 0.586887
vt 0.013056 0.531096
vt 0.089157 0.531096
vt 0.072474 0.586887
vt 0.061503 0.586887
vt 0.076131 0.531096
vt 0.076131 0.531096
vt 0.061503 0.586887
vt 0.051106 0.586887
vt 0.063498 0.531096
vt 0.051106 0.531096
vt 0.040680 0.586887
vt 0.133977 0.535629
vt 0.051106 0.586887
vt 0.038715 0.531096
vt 0.051106 0.531096
vt 0.063498 0.531096
vt 0.129474 0.557420
vt 0.129172 0.535629
vt 0.114755 0.535629
vt 0.119561 0.535629
vt 0.134551 0.557450
vt 0.114060 0.557450
vt 0.119561 0.535629
vt 0.124396 0.535629
vt 0.119198 0.557450
vt 0.119198 0.557450
vt 0.124396 0.535629
vt 0.129172 0.535629
vt 0.124366 0.557420
vt 0.124366 0.557420
vt 0.129474 0.557420
vt 0.134551 0.557450
vt 0.129474 0.557420
vt 0.114060 0.557450
vt 0.119198 0.557450
vt 0.124366 0.557420
vt 0.119198 0.557450
vt 0.149300 0.634185
vt 0.131559 0.531549
vt 0.134732 0.578455
vt 0.129202 0.527409
vt 0.122069 0.531519
vt 0.136697 0.634185
vt 0.124457 0.527409
vt 0.124366 0.557420
vt 0.129172 0.535629
vt 0.124396 0.535629
vt 0.129474 0.557420
vt 0.145703 0.578455
vt 0.102969 0.578455
vt 0.099312 0.634185
vt 0.111914 0.634185
vt 0.113909 0.578455
vt 0.113909 0.578455
vt 0.111914 0.634185
vt 0.124306 0.634185
vt 0.124336 0.578455
vt 0.134551 0.557450
vt 0.129474 0.557420
vt 0.119561 0.535629
vt 0.124336 0.578455
vt 0.129172 0.535629
vt 0.134732 0.578455
vt 0.114060 0.557450
vt 0.114755 0.535629
vt 0.124306 0.634185
vt 0.136697 0.634185
vt 0.133977 0.535629
vt 0.119198 0.557450
vt 0.119561 0.535629
vt 0.124396 0.535629
vt 0.124396 0.535629
vt 0.129172 0.535629
vt 0.124366 0.557420
vt 0.119198 0.557450
vt 0.134551 0.557450
vt 0.129474 0.557420
vt 0.124366 0.557420
vt 0.114060 0.557450
vt 0.129474 0.557420
vt 0.119198 0.557450
vt 0.124366 0.557420
vt 0.119198 0.557450
vt 0.124396 0.535629
vt 0.129172 0.535629
vt 0.124366 0.557420
vt 0.129474 0.557420
vt 0.129202 0.527409
vt 0.124457 0.527409
vt 0.122069 0.531519
vt 0.131559 0.531549
vt 0.134732 0.578455
vt 0.136697 0.634185
vt 0.149300 0.634185
vt 0.145703 0.578455
vt 0.113909 0.578455
vt 0.111914 0.634185
vt 0.124336 0.578455
vt 0.134732 0.578455
vt 0.102969 0.578455
vt 0.099312 0.634185
vt 0.111914 0.634185
vt 0.113909 0.578455
vt 0.124336 0.578455
vt 0.124306 0.634185
vt 0.124306 0.634185
vt 0.129172 0.535629
vt 0.133977 0.535629
vt 0.136697 0.634185
vt 0.129474 0.557420
vt 0.114755 0.535629
vt 0.119561 0.535629
vt 0.134551 0.557450
vt 0.114060 0.557450
vt 0.119561 0.535629
vt 0.124396 0.535629
vt 0.119198 0.557450
vn 0.000000 1.000000 0.000000
vn 0.000000 1.000000 0.000000
vn 0.000000 0.707107 0.707107
vn 0.000000 0.707107 0.707107
vn 0.000000 0.000000 1.000000
vn 0.000000 0.000000 1.000000
vn 0.000000 0.000000 1.000000
vn 1.000000 0.000000 0.000000
vn 1.000000 0.000000 0.000000
vn 1.000000 0.000000 0.000000
vn 1.000000 0.000000 0.000000
vn 1.000000 0.000000 0.000000
vn 0.000000 0.000000 -1.000000
vn 0.000000 0.000000 -1.000000
vn 0.000000 0.000000 -1.000000
vn -1.000000 0.000000 0.000000
vn 0.000000 -1.000000 0.000000
vn 0.000000 -1.000000 0.000000
vn 0.000000 1.000000 0.000000
vn 0.000000 -1.000000 0.000000
vn 0.000000 1.000000 0.000000
vn 0.000000 -1.000000 0.000000
vn 0.000000 0.707107 0.707107
vn 0.000000 0.707107 0.707107
vn 1.000000 0.000000 0.000000
vn 0.000000 0.000000 1.000000
vn 0.000000 0.000000 -1.000000
vn 1.000000 0.000000 0.000000
vn -1.000000 0.000000 0.000000
vn 0.000000 0.000000 -1.000000
vn -1.000000 0.000000 0.000000
vn -1.000000 0.000000 0.000000
vn -1.000000 0.000000 0.000000
vn -1.000000 0.000000 0.000000
vn -1.000000 0.000000 0.000000
vn 0.000000 0.000000 -1.000000
vn 0.000000 0.000000 -1.000000
vn 0.000000 0.000000 -1.000000
vn 0.000000 0.000000 -1.000000
vn 0.000000 0.000000 -1.000000
vn 0.000000 0.000000 -1.000000
vn 0.000000 0.000000 -1.000000
vn 0.000000 0.000000 -1.000000
vn 0.000000 0.000000 -1.000000
vn 0.000000 0.000000 -1.000000
vn 0.000000 0.000000 -1.000000
vn -1.000000 0.000421 -0.000057
vn -1.000000 0.000841 -0.000115
vn 0.000000 1.000000 0.000000
vn 0.000000 0.000000 1.000000
vn 0.000000 0.000000 1.000000
vn 0.000000 1.000000 0.000000
vn 0.000000 1.000000 0.000000
vn 0.000000 1.000000 0.000000
vn 0.000000 1.000000 0.000000
vn 0.000000 1.000000 0.000000
vn 0.000000 -1.000000 0.000000
vn 0.000000 -1.000000 0.000000
vn 0.000000 0.707107 0.707107
vn 0.000000 0.707107 0.707107
vn 0.000000 0.707107 0.707107
vn 0.000000 0.707107 -0.707107
vn -0.708091 0.706122 -0.000040
vn -0.708091 0.706122 -0.000040
vn -1.000000 0.000000 0.000000
vn -0.709096 0.705112 -0.000081
vn -1.000000 0.000421 -0.000057
vn -0.707107 0.707107 0.000000
vn 0.000000 0.000000 1.000000
vn 0.000000 0.000000 1.000000
vn 0.000000 1.000000 0.000000
vn 0.000000 1.000000 0.000000
vn 0.000000 -1.000000 0.000000
vn 0.000000 -1.000000 0.000000
vn 0.000000 0.707107 -0.707107
vn 0.000000 0.707107 0.707107
vn 0.000000 0.707107 -0.707107
vn 0.000000 0.000000 -1.000000
vn 0.000000 0.000000 -1.000000
vn 0.000000 0.707107 -0.707107
vn 0.000000 0.000000 -1.000000
vn 0.000000 1.000000 0.000000
vn 0.000000 1.000000 0.000000
vn 0.000000 0.000000 -1.000000
vn 0.000000 1.000000 0.000000
vn 0.000000 1.000000 0.000000
vn 0.000000 1.000000 0.000000
vn 0.000000 1.000000 0.000000
vn 0.000000 1.000000 0.000000
vn 0.000000 1.000000 0.000000
vn 0.000000 1.000000 0.000000
vn 0.000000 1.000000 0.000000
vn 0.000000 0.707107 0.707107
vn 0.000000 0.707107 0.707107
vn 0.000000 0.707107 0.707107
vn 0.000000 0.000000 1.000000
vn 0.000000 0.000000 1.000000
vn 0.000000 0.000000 1.000000
vn 0.707107 0.707107 0.000000
vn 0.707107 0.707107 0.000000
vn 1.000000 0.000000 0.000000
vn 1.000000 0.000000 0.000000
vn 1.000000 0.000000 0.000000
vn -0.707107 0.707107 0.000000
vn -0.707107 0.707107 0.000000
vn -0.707107 0.707107 0.000000
vn -1.000000 0.000000 0.000000
vn -1.000000 0.000000 0.000000
vn 0.000000 -1.000000 0.000000
vn 0.000000 1.000000 0.000000
vn 0.000000 -1.000000 0.000000
vn 0.000000 1.000000 0.000000
vn 0.000000 -1.000000 0.000000
vn 0.000000 -1.000000 0.000000
vn 0.000000 0.000000 1.000000
vn 0.000000 0.707107 0.707107
vn 0.707107 0.707107 0.000000
vn 0.707107 0.707107 0.000000
vn -0.707107 0.707107 0.000000
vn 1.000000 0.000000 0.000000
vn -1.000000 0.000000 0.000000
vn -1.000000 0.000000 0.000000
vn 0.000000 0.000000 -1.000000
vn 0.000000 0.000000 -1.000000
vn 0.000000 0.000000 -1.000000
vn 0.000000 0.000000 -1.000000
vn 0.000000 0.707107 -0.707107
vn 0.000000 0.707107 -0.707107
vn 0.000000 0.707107 -0.707107
vn 0.000000 0.707107 -0.707107
vn 0.707107 0.707107 0.000000
vn 0.707107 0.707107 0.000000
vn 0.707107 0.707107 0.000000
vn 0.707107 0.707107 0.000000
vn 1.000000 0.000000 0.000000
vn 1.000000 0.000000 0.000000
vn 1.000000 0.000000 0.000000
vn 1.000000 0.000000 0.000000
vn 0.000000 0.000000 -1.000000
vn 0.000000 0.000000 -1.000000
vn 0.000000 0.000000 -1.000000
vn 0.000000 1.000000 0.000000
vn 0.000000 -1.000000 0.000000
vn 0.000000 -1.000000 0.000000
vn 0.000000 -1.000000 0.000000
vn 0.000000 1.000000 0.000000
vn 0.000000 1.000000 0.000000
vn 0.000000 0.707107 0.707107
vn 0.000000 0.707107 0.707107
vn 0.000000 0.707107 0.707107
vn 0.000000 0.000000 1.000000
vn 0.000000 0.000000 1.000000
vn 0.000000 0.000000 1.000000
vn 0.000000 0.981901 0.189395
vn 0.000000 0.327895 0.944714
vn 0.000000 -0.328312 0.944569
vn 0.000000 -0.867367 0.497669
vn 0.000000 -0.867367 0.497669
vn 0.000000 -0.866482 -0.499208
vn 0.000000 -0.654777 -0.755822
vn 0.000000 0.326695 -0.945130
vn 0.000000 0.653445 -0.756974
vn 0.000000 0.707107 -0.707107
vn 0.000000 0.707107 -0.707107
vn 0.000000 0.707107 -0.707107
vn 0.000000 0.707107 -0.707107
vn 0.000000 0.000000 -1.000000
vn 0.000000 0.707107 -0.707107
vn 0.000000 -1.000000 0.000000
vn 0.000000 1.000000 0.000000
vn 0.000000 1.000000 0.000000
vn 0.000000 1.000000 0.000000
vn 0.000000 0.000000 1.000000
vn 0.000000 0.707107 0.707107
vn 0.000000 0.654982 0.755645
vn 0.000000 0.981853 -0.189646
vn 0.000000 -0.866482 -0.499208
vn 0.000000 -0.656312 0.754490
vn 0.000000 1.000000 0.000000
vn 0.000000 -0.327111 -0.944986
vn 0.000000 1.000000 0.000000
vn 0.000000 1.000000 0.000000
vn -0.049619 0.938745 0.341022
vn 0.270614 0.938742 0.213380
vn 0.000000 1.000000 0.000000
vn 0.000000 1.000000 0.000000
vn -0.270503 0.938768 -0.213408
vn -0.320092 0.938763 0.127538
vn -0.095507 0.929689 -0.355748
vn 0.201604 0.926481 -0.317787
vn 0.320179 0.938728 -0.127572
vn 0.000000 1.000000 0.000000
vn 0.997797 0.017676 -0.063942
vn 0.899052 -0.004367 0.437820
vn 0.806679 -0.033338 0.590049
vn 0.993551 -0.033348 0.108374
vn 0.554268 0.017594 0.832153
vn 0.070277 -0.004317 0.997518
vn -0.107625 -0.033316 0.993633
vn 0.403098 -0.033376 0.914548
vn -0.443375 0.017679 0.896162
vn -0.829120 -0.004344 0.559054
vn -0.914827 -0.033387 0.402463
vn -0.590542 -0.033371 0.806317
vn -0.403733 -0.033319 -0.914270
vn -0.257527 -0.032453 -0.965726
vn 0.259583 -0.000046 -0.965721
vn 0.443379 0.017619 -0.896161
vn 0.590410 -0.033346 -0.806414
vn 0.914269 -0.033353 -0.403733
vn 0.340513 0.919384 -0.196935
vn 0.732810 0.532992 -0.422977
vn 0.634687 0.679457 0.368118
vn 0.732455 0.532780 0.423858
vn 0.000000 0.919145 0.393919
vn 0.000000 0.533332 0.845906
vn -0.635119 0.679898 0.366555
vn -0.732563 0.532858 0.423573
vn -0.340578 0.919560 -0.196002
vn -0.732917 0.533070 -0.422693
vn 0.000000 0.680801 -0.732469
vn 0.000000 0.534000 -0.845484
vn 0.862937 -0.091489 -0.496959
vn 0.859538 -0.127156 -0.495002
vn 0.864066 -0.067157 0.498878
vn 0.859066 -0.127087 0.495837
vn 0.000000 -0.091241 0.995829
vn 0.000000 -0.127114 0.991888
vn -0.898791 -0.004361 -0.438356
vn -0.993630 -0.033399 -0.107624
vn -0.554728 0.017674 -0.831844
vn -0.997800 0.017665 0.063902
vn -0.258781 -0.006678 -0.965913
vn -0.806413 -0.033381 -0.590410
vn 0.828802 -0.004411 -0.559524
vn 0.258897 -0.032404 -0.965361
vn 0.340475 0.919282 0.197475
vn 0.634307 0.680497 -0.366850
vn -0.340540 0.919459 0.196540
vn 0.000000 0.679984 0.733227
vn 0.000000 0.919551 -0.392971
vn -0.634783 0.680877 -0.365317
vn 0.862478 -0.091218 0.497806
vn 0.864554 -0.067207 -0.498026
vn -0.861632 -0.091351 0.499245
vn 0.000000 -0.066964 0.997755
vn -0.863341 -0.067312 0.500111
vn -0.862095 -0.091608 -0.498398
vn -0.863831 -0.067362 -0.499258
vn -0.858220 -0.127208 0.497269
vn -0.858694 -0.127278 -0.496432
vn 0.000000 -0.067207 -0.997739
vn 0.000000 -0.127394 -0.991852
vn 0.000000 -0.091499 -0.995805
vn 0.000000 -0.103644 -0.994615
vn 0.000000 -0.103644 -0.994615
vn 0.000000 -0.103644 -0.994615
vn 0.000000 -0.103644 -0.994615
vn -0.856885 0.148878 -0.493542
vn -0.831193 0.126691 -0.541357
vn -0.810499 0.110115 -0.575296
vn -0.831193 0.126691 -0.541357
vn -0.860571 -0.103877 0.498625
vn -0.833981 -0.067321 0.547671
vn 0.000000 -0.103644 0.994615
vn -0.845988 -0.083238 0.526665
vn 0.000000 -0.103644 0.994615
vn 0.000000 -0.103644 0.994615
vn 0.856295 -0.149161 0.494480
vn 0.000000 -0.103644 0.994615
vn 0.000000 0.000000 -1.000000
vn 0.000000 0.707107 -0.707107
vn 0.000000 1.000000 0.000000
vn 0.000000 1.000000 0.000000
vn 0.000000 0.707107 -0.707107
vn 0.000000 0.707107 -0.707107
vn 0.000000 0.000000 -1.000000
vn 0.000000 0.000000 -1.000000
vn 0.000000 0.000000 -1.000000
vn 0.000000 1.000000 0.000000
vn 0.000000 0.707107 -0.707107
vn 0.000000 1.000000 0.000000
vn 0.000000 1.000000 0.000000
vn 0.000000 1.000000 0.000000
vn 0.882922 -0.106989 0.457167
vn 0.862175 -0.105230 -0.495561
vn 0.846758 -0.083243 -0.525425
vn 0.896229 -0.083392 0.435682
vn 0.846758 -0.083243 -0.525425
vn 0.000000 -1.000000 0.000000
vn 0.000000 -1.000000 0.000000
vn 0.834034 -0.066321 -0.547712
vn 0.000000 -1.000000 0.000000
vn 0.000000 -1.000000 0.000000
vn 0.000000 -1.000000 0.000000
vn 0.000000 -1.000000 0.000000
vn 0.000000 1.000000 0.000000
vn 0.000000 1.000000 0.000000
vn 0.000000 1.000000 0.000000
vn 0.000000 1.000000 0.000000
vn 0.000000 1.000000 0.000000
vn 0.000000 0.288799 -0.957390
vn 0.000000 0.288799 -0.957390
vn 0.000000 1.000000 0.000000
vn 0.000000 0.288799 -0.957390
vn 0.000000 -0.288799 0.957390
vn 0.000000 -0.288799 0.957390
vn 0.000000 0.288799 -0.957390
vn -0.865982 -0.500074 0.000000
vn -0.865982 -0.500074 0.000000
vn -0.865982 -0.500074 0.000000
vn 0.000000 -0.288799 0.957390
vn -0.867302 -0.497782 0.000000
vn -0.867302 -0.497782 0.000000
vn 0.000000 -0.288799 0.957390
vn -0.867302 -0.497782 0.000000
vn -0.866542 0.499104 0.000000
vn -0.866542 0.499104 0.000000
vn -0.867302 -0.497782 0.000000
vn -0.866542 0.499104 0.000000
vn 0.865217 0.501398 0.000000
vn 0.865217 0.501398 0.000000
vn -0.866542 0.499104 0.000000
vn 0.865217 0.501398 0.000000
vn 0.865982 -0.500074 0.000000
vn 0.865982 -0.500074 0.000000
vn 0.865217 0.501398 0.000000
vn 0.865982 -0.500074 0.000000
vn 0.000000 1.000000 0.000000
vn 0.000000 1.000000 0.000000
vn 0.865982 -0.500074 0.000000
vn 0.000000 1.000000 0.000000
vn 0.000000 -1.000000 0.000000
vn 0.000000 -1.000000 0.000000
vn 0.000000 1.000000 0.000000
vn 0.000000 -1.000000 0.000000
vn -0.866542 0.499104 0.000000
vn -0.866542 0.499104 0.000000
vn 0.000000 -1.000000 0.000000
vn -0.866542 0.499104 0.000000
vn -0.867302 -0.497782 0.000000
vn -0.866542 0.499104 0.000000
vn -0.867302 -0.497782 0.000000
vn -0.867302 -0.497782 0.000000
vn 0.000000 -1.000000 0.000000
vn -0.867302 -0.497782 0.000000
vn 0.000000 -1.000000 0.000000
vn 0.000000 -1.000000 0.000000
vn 0.865982 -0.500074 0.000000
vn 0.000000 -1.000000 0.000000
vn 0.865982 -0.500074 0.000000
vn 0.865982 -0.500074 0.000000
vn 0.865982 -0.500074 0.000000
vn 0.865217 0.501398 0.000000
vn 0.865217 0.501398 0.000000
vn 0.865217 0.501398 0.000000
vn 0.000000 1.000000 0.000000
vn 0.000000 1.000000 0.000000
vn 0.865217 0.501398 0.000000
vn 0.000000 1.000000 0.000000
vn 0.000000 0.000000 -1.000000
vn 0.000000 0.000000 -1.000000
vn 0.000000 1.000000 0.000000
vn 0.000000 0.000000 -1.000000
vn 0.000000 0.000000 -1.000000
vn 0.000000 0.000000 -1.000000
vn 0.000000 0.000000 -1.000000
vn 0.855487 0.149547 -0.495759
vn 1.000000 0.000000 -0.000000
vn 0.808793 0.110558 -0.577607
vn 0.829617 0.127227 -0.543645
vn 0.861538 -0.105304 0.496652
vn 0.845988 -0.083238 0.526665
vn 0.833150 -0.066250 0.549065
vn 0.845988 -0.083238 0.526665
vn -0.857687 -0.148493 0.492264
vn -0.884108 -0.106479 0.454990
vn -0.897303 -0.082983 0.433545
vn -0.884108 -0.106479 0.454990
vn -0.861212 -0.103801 -0.497533
vn -0.995199 -0.097877 0.000000
vn -0.834862 -0.067392 -0.546319
vn -0.846758 -0.083243 -0.525425
vn 0.000000 1.000000 0.000000
vn 0.270614 0.938742 0.213380
vn 0.000000 1.000000 0.000000
vn 0.000000 1.000000 0.000000
vn -0.049596 0.938752 0.341006
vn -0.319923 0.938790 0.127764
vn 0.000000 1.000000 0.000000
vn 0.000000 1.000000 0.000000
vn -0.270518 0.938727 -0.213567
vn 0.000000 1.000000 0.000000
vn 0.201386 0.926544 -0.317742
vn -0.095519 0.929671 -0.355793
vn 0.590410 -0.033346 -0.806414
vn 0.828802 -0.004411 -0.559524
vn 0.732800 0.533031 0.422944
vn 0.443369 0.017686 -0.896165
vn 0.914269 -0.033353 -0.403733
vn 0.320036 0.938765 -0.127662
vn 0.993551 -0.033348 0.108374
vn 0.899052 -0.004367 0.437820
vn 0.997797 0.017676 -0.063942
vn 0.806679 -0.033338 0.590049
vn 0.403098 -0.033376 0.914548
vn 0.070277 -0.004317 0.997518
vn 0.554268 0.017594 0.832153
vn -0.107625 -0.033316 0.993633
vn -0.590542 -0.033371 0.806317
vn -0.828799 -0.004399 0.559530
vn -0.443365 0.017664 0.896167
vn -0.403733 -0.033319 -0.914270
vn -0.258781 -0.006696 -0.965913
vn -0.257527 -0.032453 -0.965726
vn -0.806052 -0.033378 -0.590903
vn -0.554728 0.017617 -0.831845
vn -0.914268 -0.033379 0.403732
vn -0.993549 -0.033409 -0.108373
vn -0.898253 -0.004442 -0.439456
vn -0.997759 0.017597 0.064557
vn 0.258897 -0.032404 -0.965361
vn 0.259583 -0.000016 -0.965721
vn 0.635453 0.680045 -0.365702
vn 0.341290 0.919208 -0.196412
vn 0.000000 0.919145 0.393919
vn 0.635110 0.679910 0.366549
vn 0.733154 0.533242 -0.422064
vn 0.341252 0.919107 0.196951
vn 0.000000 0.679984 0.733227
vn -0.340540 0.919459 0.196540
vn -0.634551 0.680605 0.366226
vn 0.000000 0.533147 0.846023
vn -0.732484 0.533610 0.422761
vn -0.634783 0.680877 -0.365317
vn -0.732838 0.533821 -0.421882
vn -0.340578 0.919560 -0.196002
vn 0.000000 0.919551 -0.392971
vn 0.000000 0.533815 -0.845602
vn 0.862955 -0.091265 -0.496970
vn 0.000000 0.680801 -0.732469
vn 0.000000 1.000000 0.000000
vn 0.000000 1.000000 0.000000
vn 0.000000 1.000000 0.000000
vn 0.864631 -0.067047 -0.497913
vn 0.862478 -0.091218 0.497806
vn 0.864144 -0.066997 0.498765
vn 0.859538 -0.127156 -0.495002
vn 0.000000 -0.103644 0.994615
vn 0.000000 -0.103644 0.994615
vn 0.000000 -0.103644 0.994615
vn 0.859066 -0.127087 0.495837
vn 0.000000 -0.067008 0.997752
vn 0.000000 -0.127114 0.991888
vn 0.000000 -0.091241 0.995829
vn -0.862460 -0.091439 0.497796
vn -0.859039 -0.127329 0.495821
vn -0.862935 -0.091520 -0.496958
vn -0.864131 -0.067208 0.498758
vn -0.864619 -0.067258 -0.497906
vn 0.000000 -0.091499 -0.995805
vn 0.000000 -0.067251 -0.997736
vn -0.859511 -0.127399 -0.494986
vn 0.000000 -0.127394 -0.991852
vn 0.000000 -0.103644 -0.994615
vn 0.000000 -0.103644 -0.994615
vn 0.000000 -0.103644 -0.994615
vn 0.000000 -0.103644 -0.994615
vn -0.829617 0.127227 -0.543645
vn -0.829617 0.127227 -0.543645
vn -0.855487 0.149547 -0.495759
vn -0.808793 0.110558 -0.577607
vn -0.845538 -0.082625 0.527483
vn -0.833150 -0.066250 0.549065
vn -0.860571 -0.103877 0.498625
vn 0.856295 -0.149161 0.494480
vn 0.882922 -0.106989 0.457167
vn 0.000000 0.288799 -0.957390
vn 0.000000 1.000000 0.000000
vn 0.000000 -0.103644 0.994615
vn 0.896229 -0.083392 0.435682
vn 0.846310 -0.082629 -0.526243
vn 0.846310 -0.082629 -0.526243
vn 0.861212 -0.103801 -0.497533
vn 0.834034 -0.066321 -0.547712
vn 0.000000 -1.000000 0.000000
vn 0.000000 -1.000000 0.000000
vn 0.000000 -1.000000 0.000000
vn 0.000000 -1.000000 0.000000
vn 0.000000 -1.000000 0.000000
vn 0.000000 1.000000 0.000000
vn 0.000000 -1.000000 0.000000
vn 0.000000 1.000000 0.000000
vn 0.000000 0.288799 -0.957390
vn 0.000000 0.288799 -0.957390
vn 0.000000 -0.288799 0.957390
vn 0.000000 0.288799 -0.957390
vn 0.000000 -0.288799 0.957390
vn 0.000000 -0.288799 0.957390
vn -0.865982 -0.500074 0.000000
vn 0.000000 -0.288799 0.957390
vn -0.865217 0.501398 0.000000
vn -0.865217 0.501398 0.000000
vn -0.865217 0.501398 0.000000
vn 0.865217 0.501398 0.000000
vn 0.865217 0.501398 0.000000
vn 0.865217 0.501398 0.000000
vn -0.865217 0.501398 0.000000
vn 0.865982 -0.500074 0.000000
vn 0.865217 0.501398 0.000000
vn 0.500020 0.000000 -0.866014
vn -0.502260 0.000000 -0.864716
vn -0.502260 0.000000 -0.864716
vn 0.865982 -0.500074 0.000000
vn 0.865982 -0.500074 0.000000
vn 0.000000 1.000000 0.000000
vn 0.865982 -0.500074 0.000000
vn 0.500020 0.000000 -0.866014
vn 0.000000 1.000000 0.000000
vn 0.000000 1.000000 0.000000
vn 0.000000 1.000000 0.000000
vn 0.500020 0.000000 -0.866014
vn 0.500020 0.000000 -0.866014
vn 0.000000 -1.000000 0.000000
vn 0.000000 -1.000000 0.000000
vn 0.000000 -1.000000 0.000000
vn 0.000000 -1.000000 0.000000
vn -0.865217 0.501398 0.000000
vn -0.865217 0.501398 0.000000
vn -0.865217 0.501398 0.000000
vn -0.865217 0.501398 0.000000
vn -0.865982 -0.500074 0.000000
vn -0.865982 -0.500074 0.000000
vn -0.865982 -0.500074 0.000000
vn -0.865982 -0.500074 0.000000
vn 0.000000 -1.000000 0.000000
vn 0.000000 -1.000000 0.000000
vn 0.000000 -1.000000 0.000000
vn 0.000000 -1.000000 0.000000
vn 0.865982 -0.500074 0.000000
vn 0.865982 -0.500074 0.000000
vn 0.865982 -0.500074 0.000000
vn 0.865982 -0.500074 0.000000
vn 0.865217 0.501398 0.000000
vn 0.865217 0.501398 0.000000
vn 0.865217 0.501398 0.000000
vn 0.865217 0.501398 0.000000
vn 0.000000 1.000000 0.000000
vn 0.000000 1.000000 0.000000
vn 0.000000 1.000000 0.000000
vn 0.000000 1.000000 0.000000
vn 0.000000 0.000000 -1.000000
vn 0.000000 0.000000 -1.000000
vn 0.000000 0.000000 -1.000000
vn 0.000000 0.000000 -1.000000
vn 0.000000 0.000000 -1.000000
vn 0.829617 0.127227 -0.543645
vn 0.000000 0.000000 -1.000000
vn 1.000000 0.000000 -0.000000
vn 0.855487 0.149547 -0.495759
vn 0.808793 0.110558 -0.577607
vn 0.845538 -0.082625 0.527483
vn 0.845538 -0.082625 0.527483
vn 0.860571 -0.103877 0.498625
vn 0.833150 -0.066250 0.549065
vn -0.882922 -0.106989 0.457167
vn -0.882922 -0.106989 0.457167
vn -0.856295 -0.149161 0.494480
vn -0.934100 0.357012 0.000000
vn 0.934100 0.357012 0.000000
vn 0.934100 0.357012 0.000000
vn -0.861212 -0.103801 -0.497533
vn -0.846310 -0.082629 -0.526243
vn -0.896229 -0.083392 0.435682
vn -0.467766 0.356199 -0.808899
vn -0.834034 -0.066321 -0.547712
vn 0.000000 1.000000 0.000000
vn -0.995263 -0.097214 0.000000
vn -0.469175 0.356940 -0.807755
vn -0.934100 0.357012 0.000000
vn 0.000000 1.000000 0.000000
vn 0.000000 1.000000 0.000000
vn -0.049596 0.938752 0.341006
vn 0.270515 0.938755 0.213448
vn 0.000000 1.000000 0.000000
vn 0.000000 1.000000 0.000000
vn -0.270618 0.938714 -0.213499
vn -0.320086 0.938745 0.127682
vn -0.095507 0.929689 -0.355748
vn 0.201413 0.926524 -0.317784
vn 0.319873 0.938809 -0.127744
vn 0.000000 1.000000 0.000000
vn 0.997756 0.017634 -0.064598
vn 0.898516 -0.004448 0.438919
vn 0.806317 -0.033371 0.590542
vn 0.993549 -0.033396 0.108373
vn 0.554257 0.017579 0.832160
vn 0.070230 -0.004326 0.997521
vn -0.107625 -0.033329 0.993633
vn 0.403099 -0.033342 0.914549
vn -0.443897 0.017711 0.895903
vn -0.828810 -0.004384 0.559514
vn -0.914270 -0.033319 0.403733
vn -0.590903 -0.033378 0.806052
vn -0.898791 -0.004361 -0.438356
vn -0.993550 -0.033361 -0.108374
vn -0.554739 0.017633 -0.831838
vn -0.997800 0.017639 0.063902
vn -0.259038 -0.006668 -0.965844
vn -0.806414 -0.033346 -0.590410
vn -0.403733 -0.033353 -0.914269
vn 0.259583 -0.000046 -0.965721
vn 0.258635 -0.032388 -0.965432
vn -0.258145 -0.032447 -0.965561
vn 0.442837 0.017639 -0.896428
vn 0.590049 -0.033338 -0.806679
vn 0.914267 -0.033414 -0.403732
vn 0.828791 -0.004426 -0.559541
vn 0.000000 1.000000 0.000000
vn 0.466648 0.356199 -0.809544
vn 0.467276 0.355924 -0.809303
vn 0.634884 0.680753 -0.365375
vn 0.732838 0.533821 -0.421882
vn 0.340578 0.919560 -0.196002
vn 0.000000 1.000000 0.000000
vn 0.634541 0.680618 0.366221
vn 0.732484 0.533610 0.422761
vn 0.340540 0.919459 0.196540
vn 0.000000 1.000000 0.000000
vn 0.000000 1.000000 0.000000
vn 0.000000 0.919145 0.393919
vn 0.000000 0.533147 0.846023
vn -0.341252 0.919107 0.196951
vn 0.000000 0.679984 0.733227
vn -0.635119 0.679898 0.366555
vn -0.341290 0.919208 -0.196412
vn -0.635353 0.680170 -0.365645
vn -0.732800 0.533031 0.422944
vn -0.733154 0.533242 -0.422064
vn 0.000000 0.680801 -0.732469
vn 0.000000 0.533815 -0.845602
vn 0.000000 0.919551 -0.392971
vn 0.862937 -0.091489 -0.496959
vn 0.859511 -0.127399 -0.494986
vn 0.862460 -0.091442 0.497796
vn 0.864619 -0.067258 -0.497906
vn 0.864131 -0.067208 0.498758
vn 0.000000 -0.091241 0.995829
vn 0.000000 -0.067008 0.997752
vn 0.859039 -0.127329 0.495821
vn 0.000000 -0.127114 0.991888
vn -0.864144 -0.066997 0.498765
vn -0.859066 -0.127087 0.495837
vn -0.862478 -0.091215 0.497806
vn -0.859538 -0.127156 -0.495002
vn -0.864631 -0.067047 -0.497913
vn 0.000000 -0.067251 -0.997736
vn -0.862953 -0.091296 -0.496968
vn 0.000000 -0.127394 -0.991852
vn 0.000000 -0.091499 -0.995805
vn 0.000000 -0.103644 -0.994615
vn 0.000000 -0.103644 -0.994615
vn 0.000000 -0.103644 -0.994615
vn 0.000000 -0.103644 -0.994615
vn -0.855487 0.149547 -0.495759
vn -0.829617 0.127227 -0.543645
vn -0.808793 0.110558 -0.577607
vn -0.829617 0.127227 -0.543645
vn 0.989588 0.143929 0.000000
vn 0.000000 1.000000 0.000000
vn 0.000000 1.000000 0.000000
vn -0.845538 -0.082625 0.527483
vn -0.833150 -0.066250 0.549065
vn -0.860571 -0.103877 0.498625
vn 1.000000 -0.000591 0.000000
vn 0.000000 -0.103644 0.994615
vn 0.000000 -0.103644 0.994615
vn 0.000000 -0.103644 0.994615
vn 1.000000 -0.000591 0.000000
vn 0.997565 0.069743 0.000000
vn 0.000000 -0.103644 0.994615
vn 0.882922 -0.106989 0.457167
vn 0.896229 -0.083392 0.435682
vn 0.856295 -0.149161 0.494480
vn 0.861212 -0.103801 -0.497533
vn 0.846310 -0.082629 -0.526243
vn 0.834034 -0.066321 -0.547712
vn 0.846310 -0.082629 -0.526243
vn 0.000000 -1.000000 0.000000
vn 0.000000 -1.000000 0.000000
vn 0.000000 -1.000000 0.000000
vn 0.000000 -1.000000 0.000000
vn 0.000000 -1.000000 0.000000
vn 0.000000 1.000000 0.000000
vn 0.000000 1.000000 0.000000
vn 0.000000 -1.000000 0.000000
vn 0.000000 1.000000 0.000000
vn 0.000000 1.000000 0.000000
vn 0.000000 1.000000 0.000000
vn 0.000000 1.000000 0.000000
vn 0.000000 0.288799 -0.957390
vn 0.000000 0.288799 -0.957390
vn 0.000000 0.288799 -0.957390
vn 0.000000 0.288799 -0.957390
vn 0.000000 -0.288799 0.957390
vn 0.000000 -0.288799 0.957390
vn -0.865982 -0.500074 0.000000
vn 0.000000 -0.288799 0.957390
vn -0.865982 -0.500074 0.000000
vn 0.000000 -0.288799 0.957390
vn -0.865982 -0.500074 0.000000
vn -0.865217 0.501398 0.000000
vn -0.865217 0.501398 0.000000
vn -0.865982 -0.500074 0.000000
vn -0.865217 0.501398 0.000000
vn 0.865217 0.501398 0.000000
vn 0.865217 0.501398 0.000000
vn -0.865217 0.501398 0.000000
vn -1.000000 -0.000591 0.000000
vn -0.997565 0.069743 0.000000
vn -0.989588 0.143929 0.000000
vn 0.865217 0.501398 0.000000
vn 0.865982 -0.500074 0.000000
vn 0.865217 0.501398 0.000000
vn -0.498534 0.069725 -0.864061
vn 0.865982 -0.500074 0.000000
vn 0.865982 -0.500074 0.000000
vn 0.865982 -0.500074 0.000000
vn -0.495039 0.143632 -0.856917
vn -1.000000 -0.000591 0.000000
vn 0.000000 1.000000 0.000000
vn 0.000000 1.000000 0.000000
vn 0.000000 1.000000 0.000000
vn 0.000000 1.000000 0.000000
vn 0.000000 -1.000000 0.000000
vn 0.000000 -1.000000 0.000000
vn 0.000000 -1.000000 0.000000
vn 0.000000 -1.000000 0.000000
vn -0.865217 0.501398 0.000000
vn -0.865217 0.501398 0.000000
vn -0.865217 0.501398 0.000000
vn -0.865217 0.501398 0.000000
vn -0.865982 -0.500074 0.000000
vn -0.865982 -0.500074 0.000000
vn -0.865982 -0.500074 0.000000
vn -0.865982 -0.500074 0.000000
vn 0.000000 -1.000000 0.000000
vn 0.000000 -1.000000 0.000000
vn 0.000000 -1.000000 0.000000
vn 0.000000 -1.000000 0.000000
vn 0.865982 -0.500074 0.000000
vn 0.865982 -0.500074 0.000000
vn 0.865982 -0.500074 0.000000
vn 0.865982 -0.500074 0.000000
vn 0.865217 0.501398 0.000000
vn 0.865217 0.501398 0.000000
vn 0.000000 1.000000 0.000000
vn 0.865217 0.501398 0.000000
vn 0.000000 1.000000 0.000000
vn 0.865217 0.501398 0.000000
vn 0.494092 0.143568 -0.857473
vn -0.499395 -0.000512 -0.866374
vn -0.499695 -0.000404 -0.866201
vn 0.000000 1.000000 0.000000
vn 0.000000 0.000000 -1.000000
vn 0.000000 0.000000 -1.000000
vn 0.000000 1.000000 0.000000
vn 0.498578 -0.000295 -0.866845
vn 0.000000 0.000000 -1.000000
vn 0.000000 0.000000 -1.000000
vn 0.000000 0.000000 -1.000000
vn 0.498879 -0.000404 -0.866672
vn 0.497717 0.069808 -0.864526
vn 0.000000 0.000000 -1.000000
vn 0.829617 0.127227 -0.543645
vn 1.000000 0.000000 -0.000000
vn 0.855487 0.149547 -0.495759
vn 0.860571 -0.103877 0.498625
vn 0.845538 -0.082625 0.527483
vn 0.808793 0.110558 -0.577607
vn 0.845538 -0.082625 0.527483
vn -0.856295 -0.149161 0.494480
vn -0.882922 -0.106989 0.457167
vn 0.833150 -0.066250 0.549065
vn -0.882922 -0.106989 0.457167
vn -0.861212 -0.103801 -0.497533
vn -0.846310 -0.082629 -0.526243
vn -0.896229 -0.083392 0.435682
vn -0.995263 -0.097214 0.000000
vn 0.000000 1.000000 0.000000
vn 0.000000 1.000000 0.000000
vn -0.834034 -0.066321 -0.547712
vn 0.270499 0.938796 0.213289
vn -0.049619 0.938745 0.341022
vn 0.000000 1.000000 0.000000
vn 0.000000 1.000000 0.000000
vn -0.320229 0.938709 0.127592
vn -0.270618 0.938714 -0.213499
vn -0.095507 0.929689 -0.355748
vn 0.000000 1.000000 0.000000
vn 0.000000 1.000000 0.000000
vn 0.320042 0.938782 -0.127518
vn 0.997797 0.017702 -0.063942
vn 0.201604 0.926481 -0.317787
vn 0.993631 -0.033386 0.107624
vn 0.806678 -0.033373 0.590049
vn 0.554257 0.017635 0.832159
vn 0.899052 -0.004367 0.437820
vn 0.403099 -0.033342 0.914549
vn -0.107625 -0.033329 0.993633
vn -0.443907 0.017644 0.895899
vn 0.070230 -0.004326 0.997521
vn -0.590903 -0.033378 0.806052
vn -0.914270 -0.033319 0.403733
vn -0.997800 0.017639 0.063902
vn -0.828810 -0.004384 0.559514
vn -0.993550 -0.033361 -0.108374
vn -0.806414 -0.033346 -0.590410
vn -0.554739 0.017633 -0.831838
vn -0.898791 -0.004361 -0.438356
vn -0.259038 -0.006668 -0.965844
vn -0.258145 -0.032447 -0.965561
vn 0.259583 -0.000046 -0.965721
vn -0.403733 -0.033353 -0.914269
vn 0.258635 -0.032388 -0.965432
vn 0.829112 -0.004370 -0.559065
vn 0.590049 -0.033338 -0.806679
vn 0.442846 0.017654 -0.896424
vn 0.914826 -0.033421 -0.402463
vn 0.635453 0.680045 -0.365702
vn 0.732917 0.533070 -0.422693
vn 0.340578 0.919560 -0.196002
vn 0.340540 0.919459 0.196540
vn 0.732563 0.532858 0.423573
vn 0.000000 0.919145 0.393919
vn 0.634541 0.680618 0.366221
vn 0.000000 0.679984 0.733227
vn -0.340475 0.919282 0.197475
vn -0.633971 0.680349 0.367703
vn 0.000000 0.533332 0.845906
vn -0.732455 0.532780 0.423858
vn -0.634931 0.679719 -0.367211
vn -0.732810 0.532992 -0.422977
vn -0.340513 0.919384 -0.196935
vn 0.000000 0.919551 -0.392971
vn 0.000000 0.534000 -0.845484
vn 0.862111 -0.091402 -0.498408
vn 0.000000 0.680801 -0.732469
vn 0.863831 -0.067362 -0.499258
vn 0.861618 -0.091529 0.499237
vn 0.863341 -0.067312 0.500111
vn 0.858694 -0.127278 -0.496432
vn 0.858220 -0.127208 0.497269
vn 0.000000 -0.066964 0.997755
vn 0.000000 -0.127114 0.991888
vn 0.000000 -0.091241 0.995829
vn -0.862460 -0.091439 0.497796
vn -0.859066 -0.127087 0.495837
vn -0.862953 -0.091296 -0.496968
vn -0.864066 -0.067157 0.498878
vn -0.864554 -0.067207 -0.498026
vn 0.000000 -0.091499 -0.995805
vn 0.000000 -0.067207 -0.997739
vn -0.859538 -0.127156 -0.495002
vn 0.000000 -0.127394 -0.991852
vn 0.000000 -0.103644 -0.994615
vn 0.000000 -0.103644 -0.994615
vn 0.000000 -0.103644 -0.994615
vn 0.000000 -0.103644 -0.994615
vn -0.829617 0.127227 -0.543645
vn -0.829617 0.127227 -0.543645
vn -0.855487 0.149547 -0.495759
vn -0.808793 0.110558 -0.577607
vn -0.845988 -0.083238 0.526665
vn -0.833150 -0.066250 0.549065
vn -0.861538 -0.105304 0.496652
vn 0.000000 -0.103644 0.994615
vn 0.000000 -0.103644 0.994615
vn 0.000000 -0.103644 0.994615
vn 0.000000 -0.103644 0.994615
vn 0.857687 -0.148493 0.492264
vn 0.897303 -0.082983 0.433545
vn 0.861212 -0.103801 -0.497533
vn 0.884108 -0.106479 0.454990
vn 0.846758 -0.083243 -0.525425
vn 0.834862 -0.067392 -0.546319
vn 0.000000 -1.000000 0.000000
vn 0.846758 -0.083243 -0.525425
vn 0.000000 -1.000000 0.000000
vn 0.000000 -1.000000 0.000000
vn 0.000000 -1.000000 0.000000
vn 0.000000 -1.000000 0.000000
vn 0.000000 -1.000000 0.000000
vn 0.000000 1.000000 0.000000
vn 0.000000 1.000000 0.000000
vn 0.000000 1.000000 0.000000
vn 0.000000 1.000000 0.000000
vn 0.000000 1.000000 0.000000
vn 0.000000 0.288799 -0.957390
vn 0.000000 1.000000 0.000000
vn 0.000000 0.288799 -0.957390
vn 0.000000 0.288799 -0.957390
vn 0.000000 -0.288799 0.957390
vn 0.000000 0.288799 -0.957390
vn 0.000000 -0.288799 0.957390
vn 0.000000 -0.288799 0.957390
vn -0.865982 -0.500074 0.000000
vn 0.000000 -0.288799 0.957390
vn -0.865982 -0.500074 0.000000
vn -0.865982 -0.500074 0.000000
vn -0.865217 0.501398 0.000000
vn -0.865982 -0.500074 0.000000
vn -0.865217 0.501398 0.000000
vn -0.865217 0.501398 0.000000
vn 0.866542 0.499104 0.000000
vn -0.865217 0.501398 0.000000
vn 0.866542 0.499104 0.000000
vn 0.866542 0.499104 0.000000
vn 0.867302 -0.497782 0.000000
vn 0.866542 0.499104 0.000000
vn 0.867302 -0.497782 0.000000
vn 0.867302 -0.497782 0.000000
vn 0.000000 1.000000 0.000000
vn 0.867302 -0.497782 0.000000
vn 0.000000 1.000000 0.000000
vn 0.000000 1.000000 0.000000
vn 0.000000 -1.000000 0.000000
vn 0.000000 1.000000 0.000000
vn 0.000000 -1.000000 0.000000
vn 0.000000 -1.000000 0.000000
vn -0.865217 0.501398 0.000000
vn 0.000000 -1.000000 0.000000
vn -0.865217 0.501398 0.000000
vn -0.865217 0.501398 0.000000
vn -0.865982 -0.500074 0.000000
vn -0.865217 0.501398 0.000000
vn -0.865982 -0.500074 0.000000
vn -0.865982 -0.500074 0.000000
vn 0.000000 -1.000000 0.000000
vn -0.865982 -0.500074 0.000000
vn 0.000000 -1.000000 0.000000
vn 0.000000 -1.000000 0.000000
vn 0.867302 -0.497782 0.000000
vn 0.000000 -1.000000 0.000000
vn 0.326097 -0.081581 0.941810
vn 0.326190 -0.941775 -0.081608
vn 0.639571 -0.293823 -0.710364
vn 0.640181 -0.292886 -0.710201
vn -1.000000 0.000000 0.000000
vn -0.040530 0.923242 0.382076
vn 0.639516 0.293774 -0.710433
vn -0.000157 0.707224 -0.706989
vn 0.662940 -0.141405 0.735197
vn 0.639320 -0.710188 -0.294795
vn -1.000000 0.000000 0.000000
vn -1.000000 0.000000 0.000000
vn 1.000000 0.000000 0.000000
vn 1.000000 0.000000 0.000000
vn 1.000000 0.000000 0.000000
vn -1.000000 0.000000 0.000000
vn -1.000000 0.000000 0.000000
vn -0.245623 0.895817 -0.370379
vn -0.388202 -0.851354 -0.352840
vn -0.245940 -0.895469 0.371010
vn -0.638836 -0.710559 -0.294949
vn 0.000157 -0.706871 -0.707342
vn -0.639078 -0.710495 -0.294578
vn 0.040655 -0.382138 -0.923211
vn 0.040530 0.923242 -0.382076
vn 0.000157 0.707224 0.706989
vn 0.639571 0.710364 -0.293823
vn 0.040568 0.382446 0.923087
vn -0.040655 -0.382138 0.923211
vn -0.640304 0.709431 -0.294481
vn -0.325854 0.608530 -0.723540
vn -0.388096 0.352684 -0.851467
vn -0.639775 0.294006 -0.710105
vn -0.640033 0.293610 -0.710036
vn -0.245647 -0.370849 -0.895617
vn -0.326244 -0.723579 -0.608275
vn -0.638959 -0.293274 -0.711141
vn 0.662378 -0.619973 0.420582
vn 0.661971 -0.736039 -0.141566
vn -0.662281 0.735868 -0.141002
vn -0.662757 -0.419783 0.620110
vn 0.388649 -0.352767 0.851180
vn 0.246175 -0.895414 0.370987
vn -0.326016 -0.607995 0.723917
vn -0.639283 -0.710235 0.294761
vn 0.639775 0.294006 -0.710105
vn -0.040568 0.382446 -0.923087
vn 1.000000 0.000000 0.000000
vn 1.000000 0.000000 0.000000
vn -0.388645 0.851529 0.351928
vn -0.639775 0.710105 0.294006
vn -0.326384 0.723921 0.607792
vn -0.639571 -0.293823 -0.710364
vn 0.867302 -0.497782 0.000000
vn 0.867302 -0.497782 0.000000
vn 0.866542 0.499104 0.000000
vn 0.867302 -0.497782 0.000000
vn 0.866542 0.499104 0.000000
vn 0.866542 0.499104 0.000000
vn 0.000000 1.000000 0.000000
vn 0.866542 0.499104 0.000000
vn 0.000000 1.000000 0.000000
vn 0.000000 1.000000 0.000000
vn 0.000000 0.000000 -1.000000
vn 0.000000 1.000000 0.000000
vn 0.000000 0.000000 -1.000000
vn 0.000000 0.000000 -1.000000
vn 0.000000 0.000000 -1.000000
vn 0.000000 0.000000 -1.000000
vn 0.000000 0.000000 -1.000000
vn 0.831193 0.126691 -0.541357
vn 1.000000 -0.000000 0.000000
vn 0.856885 0.148878 -0.493542
vn 0.810499 0.110115 -0.575296
vn 0.845988 -0.083238 0.526665
vn 0.845988 -0.083238 0.526665
vn 0.860571 -0.103877 0.498625
vn 0.833981 -0.067321 0.547671
vn -0.882922 -0.106989 0.457167
vn -0.882922 -0.106989 0.457167
vn -0.856295 -0.149161 0.494480
vn -0.896229 -0.083392 0.435682
vn -0.846758 -0.083243 -0.525425
vn -0.995199 -0.097877 0.000000
vn -0.862175 -0.105230 -0.495561
vn -0.834034 -0.066321 -0.547712
vn -1.000000 0.000000 0.000000
vn -1.000000 0.000000 0.000000
vn -1.000000 0.000000 0.000000
vn -1.000000 0.000000 0.000000
vn 1.000000 0.000000 0.000000
vn 1.000000 0.000000 0.000000
vn -1.000000 0.000000 0.000000
vn 1.000000 0.000000 0.000000
vn 1.000000 0.000000 0.000000
vn 1.000000 0.000000 0.000000
vn 1.000000 0.000000 0.000000
vn 1.000000 0.000000 0.000000
vn -1.000000 0.000000 0.000000
vn -1.000000 0.000000 0.000000
vn 1.000000 0.000000 0.000000
vn -1.000000 0.000000 0.000000
vn 0.661971 -0.736039 -0.141566
vn 0.662378 -0.619973 0.420582
vn 0.639320 -0.710188 -0.294795
vn 0.662940 -0.141405 0.735197
vn 0.640861 0.708720 0.294981
vn 0.662467 0.735707 0.140971
vn 0.640267 0.294447 0.709478
vn -0.388458 -0.352798 0.851254
vn -0.663126 0.141373 0.735036
vn -0.640861 0.294981 0.708720
vn -0.245552 0.371048 0.895560
vn 0.639571 0.710364 -0.293823
vn 0.639775 0.294006 -0.710105
vn 0.640181 -0.292886 -0.710201
vn 0.639516 0.293774 -0.710433
vn 0.639571 -0.293823 -0.710364
vn 0.246175 -0.895414 0.370987
vn 0.388649 -0.352767 0.851180
vn 0.326190 -0.941775 -0.081608
vn 0.326097 -0.081581 0.941810
vn 0.388143 0.851725 0.352009
vn 0.326064 0.941820 0.081599
vn 0.245787 0.371025 0.895505
vn 0.245912 0.895750 -0.370351
vn 0.245552 0.371048 -0.895560
vn 0.388063 -0.352567 -0.851530
vn 0.388104 0.352683 -0.851464
vn 0.325819 -0.608127 -0.723895
vn 0.040857 -0.923076 0.382442
vn -0.000157 -0.706871 0.707342
vn -0.040857 -0.923076 -0.382442
vn 0.640861 0.708720 0.294981
vn 0.662467 0.735707 0.140971
vn 1.000000 0.000000 0.000000
vn 1.000000 0.000000 0.000000
vn -1.000000 0.000000 0.000000
vn -1.000000 0.000000 0.000000
vn 0.640267 0.294447 0.709478
vn 0.326064 0.941820 0.081599
vn 0.388143 0.851725 0.352009
vn 0.245787 0.371025 0.895505
vn 1.000000 0.000000 0.000000
vn -1.000000 0.000000 0.000000
vn 0.245912 0.895750 -0.370351
vn 0.245552 0.371048 -0.895560
vn 0.388063 -0.352567 -0.851530
vn 0.388104 0.352683 -0.851464
vn 0.325819 -0.608127 -0.723895
vn 0.040857 -0.923076 0.382442
vn -0.000157 -0.706871 0.707342
vn -0.040857 -0.923076 -0.382442
vn -0.040655 -0.382138 0.923211
vn 0.000157 0.707224 0.706989
vn -0.040530 0.923242 0.382076
vn 0.040568 0.382446 0.923087
vn 0.040530 0.923242 -0.382076
vn -0.040568 0.382446 -0.923087
vn 0.040655 -0.382138 -0.923211
vn -0.000157 0.707224 -0.706989
vn 0.000157 -0.706871 -0.707342
vn -0.639078 -0.710495 -0.294578
vn -0.638836 -0.710559 -0.294949
vn -0.388202 -0.851354 -0.352840
vn -0.245940 -0.895469 0.371010
vn -0.326016 -0.607995 0.723917
vn -0.388458 -0.352798 0.851254
vn -0.639283 -0.710235 0.294761
vn -0.662757 -0.419783 0.620110
vn -0.663126 0.141373 0.735036
vn -0.640861 0.294981 0.708720
vn -0.245552 0.371048 0.895560
vn -0.326384 0.723921 0.607792
vn -0.639775 0.710105 0.294006
vn -0.245623 0.895817 -0.370379
vn -0.388645 0.851529 0.351928
vn -0.662281 0.735868 -0.141002
vn -0.325854 0.608530 -0.723540
vn -0.388096 0.352684 -0.851467
vn -0.640304 0.709431 -0.294481
vn -0.639775 0.294006 -0.710105
vn -0.245647 -0.370849 -0.895617
vn -0.326244 -0.723579 -0.608275
vn -0.640033 0.293610 -0.710036
vn -0.639571 -0.293823 -0.710364
vn -1.000000 0.000000 0.000000
vn -1.000000 0.000000 0.000000
vn -0.638959 -0.293274 -0.711141
vn -1.000000 0.000000 0.000000
vn -1.000000 0.000000 0.000000
vn 1.000000 0.000000 0.000000
vn -1.000000 0.000000 0.000000
vn 1.000000 0.000000 0.000000
vn 1.000000 0.000000 0.000000
vn 1.000000 0.000000 0.000000
vn 1.000000 0.000000 0.000000
vn 1.000000 0.000000 0.000000
vn 1.000000 0.000000 0.000000
vn -1.000000 0.000000 0.000000
vn 1.000000 0.000000 0.000000
vn -1.000000 0.000000 0.000000
vn 0.639320 -0.710188 -0.294795
vn 0.661971 -0.736039 -0.141566
vn -1.000000 0.000000 0.000000
vn 0.662378 -0.619973 0.420582
vn 0.640267 0.294447 0.709478
vn 0.640861 0.708720 0.294981
vn 0.662940 -0.141405 0.735197
vn 0.662467 0.735707 0.140971
vn 0.639516 0.293774 -0.710433
vn 0.639775 0.294006 -0.710105
vn 0.639571 0.710364 -0.293823
vn 0.640181 -0.292886 -0.710201
vn 0.326190 -0.941775 -0.081608
vn 0.246175 -0.895414 0.370987
vn 0.639571 -0.293823 -0.710364
vn 0.388649 -0.352767 0.851180
vn 0.245787 0.371025 0.895505
vn 0.388143 0.851725 0.352009
vn 0.326097 -0.081581 0.941810
vn 0.326064 0.941820 0.081599
vn 0.388104 0.352683 -0.851464
vn 0.245552 0.371048 -0.895560
vn 0.245912 0.895750 -0.370351
vn 0.040530 0.923242 -0.382076
vn -0.040530 0.923242 0.382076
vn 0.000157 0.707224 0.706989
vn 0.040568 0.382446 0.923087
vn -0.040655 -0.382138 0.923211
vn -0.000157 -0.706871 0.707342
vn -0.245940 -0.895469 0.371010
vn 0.040857 -0.923076 0.382442
vn -0.638836 -0.710559 -0.294949
vn -0.040857 -0.923076 -0.382442
vn 0.325819 -0.608127 -0.723895
vn 0.388063 -0.352567 -0.851530
vn -0.040568 0.382446 -0.923087
vn -0.000157 0.707224 -0.706989
vn 0.000157 -0.706871 -0.707342
vn -0.388645 0.851529 0.351928
vn 0.040655 -0.382138 -0.923211
vn -0.639283 -0.710235 0.294761
vn -0.388458 -0.352798 0.851254
vn -0.388202 -0.851354 -0.352840
vn -0.639078 -0.710495 -0.294578
vn -0.640033 0.293610 -0.710036
vn -0.245623 0.895817 -0.370379
vn -0.639775 0.710105 0.294006
vn -0.640304 0.709431 -0.294481
vn -0.388096 0.352684 -0.851467
vn -0.326384 0.723921 0.607792
vn -0.663126 0.141373 0.735036
vn -0.326016 -0.607995 0.723917
vn -0.662757 -0.419783 0.620110
vn -0.639571 -0.293823 -0.710364
vn -0.639775 0.294006 -0.710105
vn -0.326244 -0.723579 -0.608275
vn -0.325854 0.608530 -0.723540
vn -0.662281 0.735868 -0.141002
vn -0.640861 0.294981 0.708720
vn -0.245552 0.371048 0.895560
vn -0.245647 -0.370849 -0.895617
vn -0.498694 -0.866778 0.000000
vn 0.755185 -0.655512 0.000000
vn -0.944751 -0.327789 0.000000
vn 0.944847 0.327511 0.000000
vn 0.498511 -0.866460 -0.027104
vn -0.496304 -0.862623 0.097798
vn -0.202197 -0.848488 0.489065
vn -0.488359 -0.848814 0.202536
vn -0.158397 0.987376 0.000000
vn 0.189213 0.981936 0.000000
vn -0.831489 -0.535370 0.148342
vn -0.755955 0.654623 0.000000
vn -0.638959 -0.293274 -0.711141
vn 0.498694 -0.866778 0.000000
vn -0.114018 0.954309 0.276213
vn 0.203230 0.847684 -0.490031
vn 0.000000 -0.866186 0.499722
vn 0.000000 -0.866778 -0.498694
vn -0.202937 -0.848162 0.489324
vn 0.733339 0.679528 -0.021358
vn -0.901424 0.418446 0.111071
vn 0.000000 0.981904 -0.189380
vn -0.004802 0.497071 0.867697
vn 0.000000 0.981872 0.189547
vn -0.006672 -0.501678 0.865029
vn 0.000000 -0.499683 0.866208
vn 0.000000 -0.866778 -0.498694
vn -0.581983 -0.453549 0.674973
vn 0.352727 -0.866699 -0.352727
vn 0.202536 -0.848814 -0.488359
vn 0.000000 -0.327789 -0.944751
vn 0.000000 0.499089 0.866551
vn 0.000000 0.327511 -0.944847
vn 0.000000 -0.866186 0.499722
vn -0.188633 0.978927 0.078232
vn -0.674384 0.452773 0.583269
vn 0.887710 -0.455096 -0.069708
vn 0.000000 0.654623 -0.755955
vn 0.000000 -0.654485 0.756075
vn 0.004398 -0.330752 0.943707
vn 0.000000 0.326710 0.945125
vn 0.006270 0.649066 0.760707
vn -0.755185 -0.655512 0.000000
vn -0.944847 0.327511 0.000000
vn -0.498511 -0.866460 -0.027104
vn 0.901424 0.418446 0.111071
vn 0.488359 -0.848814 0.202536
vn 0.831489 -0.535370 0.148342
vn -0.733339 0.679528 -0.021358
vn 0.000000 -0.655512 -0.755185
vn -0.498694 -0.866778 0.000000
vn 0.202937 -0.848162 0.489324
vn 0.202197 -0.848488 0.489065
vn 0.498694 -0.866778 0.000000
vn 0.000000 0.981872 0.189547
vn -0.498694 -0.866778 0.000000
vn -0.498694 -0.866778 0.000000
vn -0.498694 -0.866778 0.000000
vn -0.498694 -0.866778 0.000000
vn -1.000000 0.000000 0.000000
vn 0.000000 -0.866778 -0.498694
vn 0.000000 -0.866778 -0.498694
vn 0.000000 -0.866186 0.499722
vn 0.500475 0.865751 0.000000
vn 0.500475 0.865751 0.000000
vn 0.496304 -0.862623 0.097798
vn 0.158397 0.987376 0.000000
vn -0.202536 -0.848814 -0.488359
vn 0.581983 -0.453549 0.674973
vn 0.000000 0.981904 -0.189380
vn 0.000000 0.654623 -0.755955
vn 0.498694 -0.866778 0.000000
vn -1.000000 0.000000 0.000000
vn -1.000000 0.000000 0.000000
vn 0.000000 -0.866186 0.499722
vn 1.000000 0.000000 0.000000
vn -0.500475 0.865751 0.000000
vn -0.189213 0.981936 0.000000
vn 0.755955 0.654623 0.000000
vn -0.352727 -0.866699 -0.352727
vn 0.674384 0.452773 0.583269
vn 0.188633 0.978927 0.078232
vn 0.000000 0.327511 -0.944847
vn 0.498694 -0.866778 0.000000
vn 0.498694 -0.866778 0.000000
vn -1.000000 0.000000 0.000000
vn 0.500475 0.865751 0.000000
vn -0.500475 0.865751 0.000000
vn -0.500475 0.865751 0.000000
vn 0.944751 -0.327789 0.000000
vn 0.498694 -0.866778 0.000000
vn -0.887710 -0.455096 -0.069708
vn 0.114018 0.954309 0.276213
vn -0.203230 0.847684 -0.490031
vn 0.000000 -0.327789 -0.944751
vn 0.000000 -0.655512 -0.755185
vn -0.500475 0.865751 0.000000
vn 1.000000 0.000000 0.000000
vn 0.500475 0.865751 0.000000
vn -0.498694 -0.866778 0.000000
vn -0.498694 -0.866778 0.000000
vn -1.000000 0.000000 0.000000
vn 1.000000 0.000000 0.000000
vn 0.498694 -0.866778 0.000000
vn 1.000000 0.000000 0.000000
vn 0.498694 -0.866778 0.000000
vn 0.498694 -0.866778 0.000000
vn -0.498694 -0.866778 0.000000
vn -0.498694 -0.866778 0.000000
vn 0.498694 -0.866778 0.000000
vn -1.000000 0.000000 0.000000
vn -1.000000 0.000000 0.000000
vn -0.500475 0.865751 0.000000
vn -0.500475 0.865751 0.000000
vn -1.000000 0.000000 0.000000
vn 0.500475 0.865751 0.000000
vn 1.000000 0.000000 0.000000
vn 1.000000 0.000000 0.000000
vn 1.000000 0.000000 0.000000
vn 1.000000 0.000000 0.000000
vn 1.000000 0.000000 0.000000
vn 1.000000 0.000000 0.000000
vn 0.498694 -0.866778 0.000000
vn 0.498694 -0.866778 0.000000
vn 0.498694 -0.866778 0.000000
vn 0.498694 -0.866778 0.000000
vn -0.500475 0.865751 0.000000
vn -0.500475 0.865751 0.000000
vn -1.000000 0.000000 0.000000
vn -1.000000 0.000000 0.000000
vn 0.000000 0.000000 -1.000000
vn 1.000000 0.000000 0.000000
vn 0.000000 0.000000 -1.000000
vn 0.000000 0.000000 -1.000000
vn 0.000000 0.000000 -1.000000
vn 0.000000 0.000000 -1.000000
vn 0.000000 0.000000 -1.000000
vn -0.500475 0.865751 0.000000
vn 0.500475 0.865751 0.000000
vn 0.500475 0.865751 0.000000
vn -0.706756 -0.707458 0.000000
vn -0.706756 -0.707458 0.000000
vn 1.000000 0.000000 0.000000
vn -0.498694 -0.866778 0.000000
vn -0.498694 -0.866778 0.000000
vn -1.000000 0.000000 0.000000
vn -0.706818 0.707396 0.000000
vn -0.706818 0.707396 0.000000
vn -0.706756 -0.707458 0.000000
vn 0.000000 0.000000 -1.000000
vn 0.000000 0.000000 -1.000000
vn 0.500475 0.865751 0.000000
vn -0.706756 -0.707458 0.000000
vn -0.706756 -0.707458 0.000000
vn 0.500475 0.865751 0.000000
vn 0.500475 0.865751 0.000000
vn -0.498694 -0.866778 0.000000
vn -1.000000 0.000000 0.000000
vn -0.500475 0.865751 0.000000
vn -0.706818 0.707396 0.000000
vn -0.706756 -0.707458 0.000000
vn -0.706756 -0.707458 0.000000
vn 0.000000 0.000000 -1.000000
vn -0.706756 -0.707458 0.000000
vn 0.000000 0.000000 -1.000000
vn 0.000000 0.000000 -1.000000
vn 0.500475 0.865751 0.000000
vn 0.500475 0.865751 0.000000
vn -0.498694 -0.866778 0.000000
vn -0.500475 0.865751 0.000000
vn -0.500475 0.865751 0.000000
vn -0.706818 0.707396 0.000000
vn -0.706756 -0.707458 0.000000
vn 0.000000 0.000000 -1.000000
vn -0.706756 -0.707458 0.000000
vn -0.706756 -0.707458 0.000000
vn 0.707107 0.707107 0.000000
vn 0.707107 0.707107 0.000000
vn 0.707107 0.707107 0.000000
vn 0.707107 0.707107 0.000000
vn 0.707107 0.707107 0.000000
vn -0.706756 -0.707458 0.000000
vn 0.707107 0.707107 0.000000
vn 0.707107 0.707107 0.000000
vn 0.707107 0.707107 0.000000
vn 0.707107 0.707107 0.000000
vn 0.707107 0.707107 0.000000
vn 0.707107 0.707107 0.000000
vn 0.707107 0.707107 0.000000
vn 0.000000 0.000000 -1.000000
vn 0.000000 0.000000 -1.000000
vn 0.000000 0.000000 -1.000000
vn -0.707384 -0.706829 0.000000
vn -0.707384 -0.706829 0.000000
vn -0.707384 -0.706829 0.000000
vn -0.707384 -0.706829 0.000000
vn 0.706759 -0.707454 0.000000
vn 0.706759 -0.707454 0.000000
vn 0.706759 -0.707454 0.000000
vn -0.706737 0.707476 0.000000
vn -0.706737 0.707476 0.000000
vn -0.706737 0.707476 0.000000
vn -0.707107 0.707107 0.000000
vn 0.000000 0.000000 -1.000000
vn 0.707107 0.707107 0.000000
vn -0.707384 0.706829 0.000000
vn -0.707384 0.706829 0.000000
vn -0.707384 0.706829 0.000000
vn 0.707107 0.707107 0.000000
vn -0.707384 0.706829 0.000000
vn -0.707384 0.706829 0.000000
vn 0.707107 0.707107 0.000000
vn 0.707107 0.707107 0.000000
vn 0.707107 0.707107 0.000000
vn 0.707107 -0.707107 0.000000
vn 0.707107 -0.707107 0.000000
vn 0.707107 -0.707107 0.000000
vn -0.707384 -0.706829 0.000000
vn -0.707384 -0.706829 0.000000
vn -0.706737 0.707476 0.000000
vn -0.707107 0.707107 0.000000
vn -0.707107 0.707107 0.000000
vn -0.707384 0.706829 0.000000
vn 0.707107 0.707107 0.000000
vn 0.707107 0.707107 0.000000
vn -0.707384 0.706829 0.000000
vn 0.707107 0.707107 0.000000
vn 0.707107 -0.707107 0.000000
vn 0.707107 -0.707107 0.000000
vn 0.000000 0.000000 -1.000000
vn -0.707384 -0.706829 0.000000
vn 0.706759 -0.707454 0.000000
vn 0.707107 0.707107 0.000000
vn -0.707107 0.707107 0.000000
vn 0.707107 0.707107 0.000000
vn 0.707107 0.707107 0.000000
vn 0.707107 0.707107 0.000000
vn 0.706759 -0.707454 0.000000
vn 0.706759 -0.707454 0.000000
vn 0.707107 -0.707107 0.000000
vn 0.000000 0.000000 -1.000000
vn -0.707384 -0.706829 0.000000
vn 0.707107 -0.707107 0.000000
vn 0.707107 0.707107 0.000000
vn 0.707107 0.707107 0.000000
vn -0.707384 0.706829 0.000000
vn 0.707107 0.707107 0.000000
vn 0.707107 0.707107 0.000000
vn 0.706759 -0.707454 0.000000
vn 0.706759 -0.707454 0.000000
vn 0.707107 -0.707107 0.000000
vn 0.000000 0.000000 -1.000000
vn 0.000000 0.000000 -1.000000
vn 0.000000 0.000000 -1.000000
vn 0.000000 0.000000 -1.000000
vn 0.000000 0.000000 -1.000000
vn 0.000000 0.000000 -1.000000
vn 0.000000 0.000000 -1.000000
vn 0.000000 0.000000 -1.000000
vn 0.000000 0.000000 -1.000000
vn 0.000000 0.000000 -1.000000
vn 0.000000 0.000000 -1.000000
vn 0.000000 0.000000 -1.000000
vn 0.000000 0.000000 -1.000000
vn 0.000000 0.000000 -1.000000
vn 0.000000 0.000000 -1.000000
vn 0.000000 0.000000 -1.000000
vn 0.000000 0.000000 -1.000000
vn 0.000000 0.000000 -1.000000
vn 0.000000 0.000000 -1.000000
vn 0.707107 0.707107 0.000000
vn 0.000000 0.000000 -1.000000
vn 0.000000 0.000000 -1.000000
vn 0.000000 0.000000 -1.000000
vn 0.000000 0.000000 -1.000000
vn 0.000000 0.000000 -1.000000
vn 0.000000 0.000000 -1.000000
vn 0.000000 0.000000 -1.000000
vn 0.000000 0.000000 -1.000000
vn 0.000000 0.000000 -1.000000
vn 0.000000 0.000000 -1.000000
vn 0.000000 0.000000 -1.000000
vn 0.707107 -0.707107 0.000000
vn 0.000000 0.000000 -1.000000
vn 0.000000 0.000000 -1.000000
vn 0.000000 0.000000 -1.000000
vn 0.000000 0.000000 -1.000000
vn 0.000000 0.000000 -1.000000
vn 0.000000 0.000000 -1.000000
vn 0.000000 0.000000 -1.000000
vn 0.000000 0.000000 -1.000000
vn 0.000000 0.000000 -1.000000
vn 0.000000 0.000000 -1.000000
vn 0.000000 0.000000 -1.000000
vn 0.000000 0.000000 -1.000000
vn 0.000000 0.000000 -1.000000
vn 0.000000 0.000000 -1.000000
vn 0.000000 0.000000 -1.000000
vn 0.000000 0.000000 -1.000000
vn 0.000000 0.000000 -1.000000
vn 0.000000 0.000000 -1.000000
vn 0.000000 0.000000 -1.000000
vn 0.000000 0.000000 -1.000000
vn 0.000000 0.000000 -1.000000
vn -0.707107 0.707107 0.000000
vn -0.707107 0.707107 0.000000
vn -0.707107 0.707107 0.000000
vn -0.707107 0.707107 0.000000
vn -0.706829 -0.707384 0.000000
vn -0.706829 -0.707384 0.000000
vn -0.706829 -0.707384 0.000000
vn -0.706829 -0.707384 0.000000
vn 0.707107 0.707107 0.000000
vn 0.707107 0.707107 0.000000
vn 0.707107 0.707107 0.000000
vn 0.707107 0.707107 0.000000
vn 0.706829 -0.707384 0.000000
vn 0.706829 -0.707384 0.000000
vn 0.706829 -0.707384 0.000000
vn 0.706829 -0.707384 0.000000
vn -0.707107 0.707107 0.000000
vn -0.707107 0.707107 0.000000
vn -0.707107 0.707107 0.000000
vn -0.707107 0.707107 0.000000
vn -0.707384 -0.706829 0.000000
vn -0.707384 -0.706829 0.000000
vn -0.707384 -0.706829 0.000000
vn -0.707384 -0.706829 0.000000
vn 0.706829 0.707384 0.000000
vn 0.706829 0.707384 0.000000
vn 0.706829 0.707384 0.000000
vn 0.706829 0.707384 0.000000
vn 0.707107 -0.707107 0.000000
vn 0.707107 -0.707107 0.000000
vn 0.707107 -0.707107 0.000000
vn 0.707107 -0.707107 0.000000
vn -0.707107 0.707107 0.000000
vn -0.707107 0.707107 0.000000
vn -0.707107 0.707107 0.000000
vn -0.707107 0.707107 0.000000
vn -0.706829 -0.707384 0.000000
vn -0.706829 -0.707384 0.000000
vn -0.706829 -0.707384 0.000000
vn -0.706829 -0.707384 0.000000
vn 0.707107 0.707107 0.000000
vn 0.707107 0.707107 0.000000
vn 0.707107 0.707107 0.000000
vn 0.707107 0.707107 0.000000
vn 0.706829 -0.707384 0.000000
vn 0.706829 -0.707384 0.000000
vn 0.706829 -0.707384 0.000000
vn -0.707384 0.706829 0.000000
vn 0.706829 -0.707384 0.000000
vn -0.707384 0.706829 0.000000
vn -0.707384 0.706829 0.000000
vn -0.707384 -0.706829 0.000000
vn -0.707384 0.706829 0.000000
vn -0.707384 -0.706829 0.000000
vn -0.707384 -0.706829 0.000000
vn -0.707384 -0.706829 0.000000
vn 0.707107 0.707107 0.000000
vn 0.707107 0.707107 0.000000
vn 0.707107 0.707107 0.000000
vn 0.707107 0.707107 0.000000
vn 0.707107 -0.707107 0.000000
vn 0.707107 -0.707107 0.000000
vn 0.707107 -0.707107 0.000000
vn -0.707107 0.707107 0.000000
vn -0.707107 0.707107 0.000000
vn -0.707107 0.707107 0.000000
vn -0.707107 0.707107 0.000000
vn 0.707107 0.707107 0.000000
vn 0.707107 0.707107 0.000000
vn 0.707107 0.707107 0.000000
vn 0.706829 -0.707384 0.000000
vn 0.706829 -0.707384 0.000000
vn 0.706829 -0.707384 0.000000
vn 0.706829 -0.707384 0.000000
vn -0.706829 -0.707384 0.000000
vn -0.706829 -0.707384 0.000000
vn -0.706829 -0.707384 0.000000
vn -0.706829 -0.707384 0.000000
vn -0.707384 0.706829 0.000000
vn -0.707384 0.706829 0.000000
vn 0.707107 -0.707107 0.000000
vn 0.707107 -0.707107 0.000000
vn 0.707107 -0.707107 0.000000
vn 0.707107 0.707107 0.000000
vn -0.707384 -0.706829 0.000000
vn -0.707384 -0.706829 0.000000
vn 0.706759 -0.707454 0.000000
vn 0.706759 -0.707454 0.000000
vn 0.706759 -0.707454 0.000000
vn 0.706779 -0.707435 0.000000
vn -0.707107 -0.707107 0.000000
vn -0.707107 -0.707107 0.000000
vn 0.706779 -0.707435 0.000000
vn 0.706779 -0.707435 0.000000
vn 0.706779 -0.707435 0.000000
vn 0.707107 -0.707107 0.000000
vn -0.707384 0.706829 0.000000
vn -0.707384 0.706829 0.000000
vn 0.707107 0.707107 0.000000
vn 0.707107 0.707107 0.000000
vn 0.707107 0.707107 0.000000
vn 0.706759 -0.707454 0.000000
vn -0.707384 -0.706829 0.000000
vn -0.707384 -0.706829 0.000000
vn 0.706779 -0.707435 0.000000
vn 0.706779 -0.707435 0.000000
vn 0.706779 -0.707435 0.000000
vn 0.706779 -0.707435 0.000000
vn -0.707107 -0.707107 0.000000
vn -0.707107 -0.707107 0.000000
vn -0.707107 -0.707107 0.000000
vn -0.707107 -0.707107 0.000000
vn -0.707107 -0.707107 0.000000
vn -0.499104 -0.866542 0.000000
vn -0.499104 -0.866542 0.000000
vn 1.000000 0.000000 0.000000
vn 1.000000 0.000000 0.000000
vn -0.499104 -0.866542 0.000000
vn -0.499104 -0.866542 0.000000
vn -0.707107 0.707107 0.000000
vn -0.707107 0.707107 0.000000
vn -0.707107 0.707107 0.000000
vn -0.707107 0.707107 0.000000
vn -0.707107 0.707107 0.000000
vn -0.707384 -0.706829 0.000000
vn -0.707384 -0.706829 0.000000
vn 0.706829 0.707384 0.000000
vn 0.706829 0.707384 0.000000
vn 0.706829 0.707384 0.000000
vn 0.706829 0.707384 0.000000
vn 0.707107 -0.707107 0.000000
vn 0.707107 -0.707107 0.000000
vn -0.707107 0.707107 0.000000
vn 0.707107 -0.707107 0.000000
vn -0.707107 0.707107 0.000000
vn -0.707107 0.707107 0.000000
vn 0.497782 -0.867302 0.000000
vn 0.497782 -0.867302 0.000000
vn 1.000000 0.000000 0.000000
vn 0.497782 0.867302 0.000000
vn 0.497782 -0.867302 0.000000
vn 0.497782 -0.867302 0.000000
vn -0.707107 0.707107 0.000000
vn -0.707384 -0.706829 0.000000
vn -0.707107 -0.707107 0.000000
vn -0.707384 -0.706829 0.000000
vn -0.707107 0.707107 0.000000
vn -0.707107 0.707107 0.000000
vn -0.707107 0.707107 0.000000
vn 0.497782 0.867302 0.000000
vn 0.707107 -0.707107 0.000000
vn 1.000000 0.000000 0.000000
vn 0.497782 0.867302 0.000000
vn 0.499104 0.866542 0.000000
vn -0.499104 0.866542 0.000000
vn 0.497782 0.867302 0.000000
vn -0.499104 0.866542 0.000000
vn -0.499104 0.866542 0.000000
vn -1.000000 0.000000 0.000000
vn -0.499104 0.866542 0.000000
vn -1.000000 0.000000 0.000000
vn -1.000000 0.000000 0.000000
vn -0.330148 -0.573201 -0.749962
vn -1.000000 0.000000 0.000000
vn -0.513242 -0.556102 -0.653707
vn 0.501398 -0.865217 0.000000
vn 0.330235 -0.575379 -0.748254
vn -0.513242 -0.556102 -0.653707
vn 0.515856 -0.558933 -0.649220
vn 0.515856 -0.558933 -0.649220
vn 0.330235 0.575379 -0.748254
vn 0.552617 -0.552183 -0.624266
vn 0.593701 0.000000 -0.804686
vn 0.593701 0.000000 -0.804686
vn 0.515856 0.558933 -0.649220
vn 0.575998 0.457706 -0.677297
vn -0.330148 0.573201 -0.749962
vn 0.515856 0.558933 -0.649220
vn -0.513242 0.556102 -0.653707
vn -0.549374 0.549374 -0.629585
vn -0.589040 0.000000 -0.808104
vn -0.513242 0.556102 -0.653707
vn -0.589040 0.000000 -0.808104
vn 0.000000 0.000000 -1.000000
vn 0.000000 0.000000 -1.000000
vn -0.572232 -0.455071 -0.682247
vn 0.000000 0.000000 -1.000000
vn 0.000000 0.000000 -1.000000
vn 0.000000 0.000000 -1.000000
vn 0.000000 0.000000 -1.000000
vn 1.000000 0.000000 0.000000
vn 1.000000 0.000000 0.000000
vn 1.000000 0.000000 0.000000
vn 1.000000 0.000000 0.000000
vn 0.501398 0.865217 0.000000
vn 0.501398 0.865217 0.000000
vn 0.501398 0.865217 0.000000
vn 0.501398 0.865217 0.000000
vn -0.501398 0.865217 0.000000
vn -0.501398 0.865217 0.000000
vn -0.501398 0.865217 0.000000
vn -0.501398 0.865217 0.000000
vn -1.000000 0.000000 0.000000
vn -1.000000 0.000000 0.000000
vn -1.000000 0.000000 0.000000
vn -1.000000 0.000000 0.000000
vn -0.501398 -0.865217 0.000000
vn -0.501398 -0.865217 0.000000
vn -0.501398 -0.865217 0.000000
vn -0.501398 -0.865217 0.000000
vn 0.501398 -0.865217 0.000000
vn 0.501398 -0.865217 0.000000
vn 0.501398 -0.865217 0.000000
vn 0.501398 -0.865217 0.000000
vn 0.590975 0.000000 -0.806690
vn 0.332713 0.574133 -0.748113
vn 0.514429 0.557388 -0.651676
vn 0.590975 0.000000 -0.806690
vn 0.514429 0.557388 -0.651676
vn -0.332713 0.574133 -0.748113
vn -0.514429 0.557388 -0.651676
vn 0.573428 0.456592 -0.680224
vn -0.514429 0.557388 -0.651676
vn -0.590975 0.000000 -0.806690
vn -0.573428 0.456592 -0.680224
vn -0.590975 0.000000 -0.806690
vn -0.332713 -0.574133 -0.748113
vn -0.514739 -0.557336 -0.651476
vn -0.550683 -0.550683 -0.627293
vn -0.514739 -0.557336 -0.651476
vn 0.332713 -0.574133 -0.748113
vn 0.514739 -0.557336 -0.651476
vn 0.000000 0.000000 -1.000000
vn 0.514739 -0.557336 -0.651476
vn 0.000000 0.000000 -1.000000
vn 0.550683 -0.550683 -0.627293
vn 0.000000 0.000000 -1.000000
vn 0.000000 0.000000 -1.000000
vn -1.000000 0.000000 0.000000
vn 0.000000 0.000000 -1.000000
vn -1.000000 0.000000 0.000000
vn 0.000000 0.000000 -1.000000
vn -1.000000 0.000000 0.000000
vn -0.500074 -0.865982 0.000000
vn -0.500074 -0.865982 0.000000
vn -1.000000 0.000000 0.000000
vn -0.500074 -0.865982 0.000000
vn 0.501398 -0.865217 0.000000
vn -0.500074 -0.865982 0.000000
vn 0.501398 -0.865217 0.000000
vn 1.000000 0.000000 0.000000
vn 1.000000 0.000000 0.000000
vn 0.501398 -0.865217 0.000000
vn 1.000000 0.000000 0.000000
vn 0.499104 0.866542 0.000000
vn 1.000000 0.000000 0.000000
vn 0.499104 0.866542 0.000000
vn -0.497782 0.867302 0.000000
vn -0.497782 0.867302 0.000000
vn 0.499104 0.866542 0.000000
vn -0.497782 0.867302 0.000000
vn -0.644278 0.000000 -0.764791
vn -0.644278 0.000000 -0.764791
vn -0.497782 0.867302 0.000000
vn -0.356568 -0.617471 -0.701134
vn -0.543128 -0.588452 -0.598946
vn -0.543128 -0.588452 -0.598946
vn 0.543485 -0.588083 -0.598985
vn 0.644278 0.000000 -0.764791
vn 0.644278 0.000000 -0.764791
vn 0.543406 0.588407 -0.598738
vn -0.354668 0.617949 -0.701676
vn 0.579319 0.578864 -0.573851
vn 0.000000 0.000000 -1.000000
vn 0.000000 0.000000 -1.000000
vn 0.000000 0.000000 -1.000000
vn -1.000000 0.000000 0.000000
vn -1.000000 0.000000 0.000000
vn -1.000000 0.000000 0.000000
vn -0.499104 -0.866542 0.000000
vn 0.499104 -0.866542 0.000000
vn -0.499104 -0.866542 0.000000
vn 0.543485 -0.588083 -0.598985
vn 0.357667 -0.617194 -0.700818
vn -0.608889 -0.484525 -0.628084
vn 0.543406 0.588407 -0.598738
vn 0.355763 0.617674 -0.701364
vn 0.608973 -0.484211 -0.628245
vn -0.579196 0.579196 -0.573640
vn -0.543049 0.588776 -0.598699
vn -0.543049 0.588776 -0.598699
vn 0.000000 0.000000 -1.000000
vn 0.000000 0.000000 -1.000000
vn 0.000000 0.000000 -1.000000
vn -0.499104 -0.866542 0.000000
vn -0.499104 -0.866542 0.000000
vn -1.000000 0.000000 0.000000
vn 0.499104 -0.866542 0.000000
vn 0.499104 -0.866542 0.000000
vn 0.499104 -0.866542 0.000000
vn -0.357853 0.617514 -0.700441
vn 0.578612 0.579067 -0.574361
vn 0.000000 0.000000 -1.000000
vn 0.000000 0.000000 -1.000000
vn 0.543122 0.588477 -0.598927
vn 0.543122 0.588477 -0.598927
vn 1.000000 0.000000 0.000000
vn 0.501398 0.865217 0.000000
vn 1.000000 0.000000 0.000000
vn 0.501398 0.865217 0.000000
vn -0.501398 0.865217 0.000000
vn -0.501398 0.865217 0.000000
vn -0.643898 0.000000 -0.765111
vn -0.643898 0.000000 -0.765111
vn -0.355763 -0.617674 -0.701364
vn -0.543122 -0.588477 -0.598927
vn -0.543122 -0.588477 -0.598927
vn -0.608832 -0.484480 -0.628175
vn 0.355763 -0.617674 -0.701364
vn 0.643898 0.000000 -0.765111
vn 0.543122 -0.588477 -0.598927
vn 0.357853 0.617514 -0.700441
vn 0.608832 -0.484480 -0.628175
vn -0.543122 0.588477 -0.598927
vn -0.543122 0.588477 -0.598927
vn 0.000000 0.000000 -1.000000
vn 0.000000 0.000000 -1.000000
vn 0.000000 0.000000 -1.000000
vn -0.578612 0.579067 -0.574361
vn 1.000000 0.000000 0.000000
vn -0.501398 0.865217 0.000000
vn 1.000000 0.000000 0.000000
vn -0.501398 0.865217 0.000000
vn 0.501398 0.865217 0.000000
vn 0.643898 0.000000 -0.765111
vn 0.501398 0.865217 0.000000
vn 1.000000 0.000000 0.000000
vn 0.543122 -0.588477 -0.598927
vn 0.000000 0.000000 -1.000000
vn 1.000000 0.000000 0.000000
vn 0.000000 0.000000 -1.000000
vn 1.000000 0.000000 0.000000
vn 1.000000 0.000000 0.000000
vn 0.499104 0.866542 0.000000
vn 0.499104 0.866542 0.000000
vn 0.499104 0.866542 0.000000
vn 0.499104 0.866542 0.000000
vn -0.497782 0.867302 0.000000
vn -0.497782 0.867302 0.000000
vn -0.497782 0.867302 0.000000
vn -0.497782 0.867302 0.000000
vn -1.000000 0.000000 0.000000
vn 0.000000 0.000000 -1.000000
vn -1.000000 0.000000 0.000000
vn -1.000000 0.000000 0.000000
vn -1.000000 0.000000 0.000000
vn -0.500074 -0.865982 0.000000
vn 0.501398 -0.865217 0.000000
vn -0.500074 -0.865982 0.000000
vn -0.500074 -0.865982 0.000000
vn -0.500074 -0.865982 0.000000
vn 0.501398 -0.865217 0.000000
vn 0.501398 -0.865217 0.000000
vn 0.591364 0.000000 -0.806405
vn 0.501398 -0.865217 0.000000
vn 0.591364 0.000000 -0.806405
vn 0.514715 0.557340 -0.651491
vn 0.514715 0.557340 -0.651491
vn 0.330711 0.574180 -0.748964
vn 0.574094 0.456478 -0.679739
vn -0.514380 0.557693 -0.651453
vn -0.514380 0.557693 -0.651453
vn -0.329674 0.574401 -0.749253
vn -0.591364 0.000000 -0.806405
vn -0.574031 0.456787 -0.679584
vn -0.331671 -0.574357 -0.748404
vn -0.591364 0.000000 -0.806405
vn -0.514380 -0.557693 -0.651453
vn -0.550585 -0.551018 -0.627085
vn 0.332713 -0.574133 -0.748113
vn -0.514380 -0.557693 -0.651453
vn 0.514715 -0.557340 -0.651491
vn 0.550683 -0.550683 -0.627293
vn 0.000000 0.000000 -1.000000
vn 0.514715 -0.557340 -0.651491
vn 0.000000 0.000000 -1.000000
vn 0.000000 0.000000 -1.000000
vn 0.000000 0.000000 -1.000000
vn 0.000000 0.000000 -1.000000
vn 0.000000 0.000000 -1.000000
vn -0.501398 -0.865217 0.000000
vn -0.501398 -0.865217 0.000000
vn -0.501398 -0.865217 0.000000
vn -0.501398 -0.865217 0.000000
vn 0.501398 -0.865217 0.000000
vn 0.501398 -0.865217 0.000000
vn 0.501398 -0.865217 0.000000
vn 0.501398 -0.865217 0.000000
vn 1.000000 0.000000 0.000000
vn 1.000000 0.000000 0.000000
vn 1.000000 0.000000 0.000000
vn 1.000000 0.000000 0.000000
vn 0.501398 0.865217 0.000000
vn 0.501398 0.865217 0.000000
vn 0.501398 0.865217 0.000000
vn 0.501398 0.865217 0.000000
vn -0.501398 0.865217 0.000000
vn -0.501398 0.865217 0.000000
vn -0.501398 0.865217 0.000000
vn -0.501398 0.865217 0.000000
vn -1.000000 0.000000 0.000000
vn -1.000000 0.000000 0.000000
vn -1.000000 0.000000 0.000000
vn -1.000000 0.000000 0.000000
vn -0.514739 -0.557336 -0.651476
vn -0.514739 -0.557336 -0.651476
vn -0.332713 -0.574133 -0.748113
vn 0.332713 -0.574133 -0.748113
vn 0.514739 -0.557336 -0.651476
vn 0.590975 0.000000 -0.806690
vn 0.514739 -0.557336 -0.651476
vn 0.590975 0.000000 -0.806690
vn 0.550683 -0.550683 -0.627293
vn 0.514429 0.557388 -0.651676
vn 0.514429 0.557388 -0.651676
vn -0.332713 0.574133 -0.748113
vn 0.332713 0.574133 -0.748113
vn -0.514429 0.557388 -0.651676
vn 0.573428 0.456592 -0.680224
vn -0.514429 0.557388 -0.651676
vn -0.590975 0.000000 -0.806690
vn -0.590975 0.000000 -0.806690
vn -0.550323 0.550756 -0.627545
vn -0.573723 -0.456541 -0.680009
vn 0.000000 0.000000 -1.000000
vn 0.000000 0.000000 -1.000000
vn 0.000000 0.000000 -1.000000
vn 0.000000 0.000000 -1.000000
vn 0.000000 1.000000 0.000000
vn 0.000000 0.000000 -1.000000
vn 0.000000 1.000000 0.000000
vn 0.000000 0.000000 -1.000000
vn 0.000000 1.000000 0.000000
vn 0.000000 0.000000 -1.000000
vn 1.000000 0.000000 0.000000
vn 1.000000 0.000000 0.000000
vn 0.000000 0.000000 -1.000000
vn 1.000000 0.000000 0.000000
vn 0.000000 0.000000 -1.000000
vn 1.000000 0.000000 0.000000
vn 1.000000 0.000000 0.000000
vn 1.000000 0.000000 0.000000
vn 1.000000 0.000000 0.000000
vn 1.000000 0.000000 0.000000
vn 1.000000 0.000000 0.000000
vn 0.000000 -1.000000 0.000000
vn 0.000000 -1.000000 0.000000
vn 0.000000 0.000000 -1.000000
vn 0.000000 0.000000 -1.000000
vn 0.000000 0.000000 -1.000000
vn -1.000000 0.000000 0.000000
vn -1.000000 0.000000 0.000000
vn -1.000000 0.000000 0.000000
vn 0.000000 1.000000 0.000000
vn 0.000000 1.000000 0.000000
vn 0.000000 1.000000 0.000000
vn 0.000000 0.000000 -1.000000
vn 0.000000 0.000000 -1.000000
vn 0.000000 0.000000 -1.000000
vn 1.000000 0.000000 0.000000
vn 1.000000 0.000000 0.000000
vn 1.000000 0.000000 0.000000
vn 0.000000 0.000000 -1.000000
vn 0.000000 -1.000000 0.000000
vn 0.000000 -1.000000 0.000000
vn -1.000000 0.000000 0.000000
vn -1.000000 0.000000 0.000000
vn 0.000000 0.000000 -1.000000
vn -1.000000 0.000000 0.000000
vn -1.000000 0.000000 0.000000
vn -1.000000 0.000000 0.000000
vn 0.000000 0.000000 -1.000000
vn 0.000000 0.000000 -1.000000
vn 0.000000 1.000000 0.000000
vn 0.000000 0.000000 -1.000000
vn 0.000000 0.000000 -1.000000
vn 0.000000 0.000000 -1.000000
vn 0.000000 0.000000 -1.000000
vn 0.000000 0.000000 -1.000000
vn 0.000000 -1.000000 0.000000
vn -1.000000 0.000000 0.000000
vn 0.000000 0.000000 -1.000000
vn 0.000000 -1.000000 0.000000
vn 0.000000 0.000000 -1.000000
vn 0.000000 0.000000 -1.000000
vn 0.000000 0.000000 -1.000000
vn -1.000000 0.000000 0.000000
vn -1.000000 0.000000 0.000000
vn -1.000000 0.000000 0.000000
vn 0.000000 0.000000 -1.000000
vn 0.000000 0.000000 -1.000000
vn 0.000000 1.000000 0.000000
vn 0.000000 1.000000 0.000000
vn 0.000000 1.000000 0.000000
vn 0.000000 1.000000 0.000000
vn 0.000000 0.000000 -1.000000
vn 0.000000 0.000000 -1.000000
vn 0.000000 0.000000 -1.000000
vn 0.000000 -1.000000 0.000000
vn 0.000000 -1.000000 0.000000
vn 0.000000 0.000000 -1.000000
vn 0.000000 0.000000 -1.000000
vn 0.000000 -1.000000 0.000000
vn 0.000000 -1.000000 0.000000
vn -1.000000 0.000000 0.000000
vn 0.000000 0.000000 -1.000000
vn 0.000000 0.000000 -1.000000
vn -1.000000 0.000000 0.000000
vn 0.000000 0.000000 -1.000000
vn 0.000000 0.000000 -1.000000
vn 0.000000 0.000000 -1.000000
vn 0.000000 -1.000000 0.000000
vn 0.000000 0.000000 -1.000000
vn -1.000000 0.000000 0.000000
vn 0.000000 0.000000 -1.000000
vn 0.000000 -1.000000 0.000000
vn -1.000000 0.000000 0.000000
vn 0.000000 -1.000000 0.000000
vn -1.000000 0.000000 0.000000
vn -1.000000 0.000000 0.000000
vn -1.000000 0.000000 0.000000
vn 0.000000 -1.000000 0.000000
vn 0.000000 -1.000000 0.000000
vn 0.000000 -1.000000 0.000000
vn 0.000000 -1.000000 0.000000
vn 0.000000 0.000000 1.000000
vn 0.000000 0.000000 1.000000
vn 0.000000 0.000000 1.000000
vn 0.000000 0.000000 1.000000
vn -1.000000 0.000000 0.000000
vn 0.000000 0.000000 1.000000
vn 0.000000 0.000000 1.000000
vn 0.000000 0.000000 1.000000
vn 0.000000 0.000000 1.000000
vn 0.000000 0.000000 -1.000000
vn 0.000000 0.000000 -1.000000
vn 0.000000 0.000000 -1.000000
vn 0.000000 0.000000 -1.000000
vn 0.000000 0.000000 -1.000000
vn 0.000000 -1.000000 0.000000
vn 0.000000 -1.000000 0.000000
vn 0.000000 -1.000000 0.000000
vn 0.000000 -1.000000 0.000000
vn 0.000000 -1.000000 0.000000
vn 0.000000 -1.000000 0.000000
vn 0.000000 -1.000000 0.000000
vn 0.000000 -1.000000 0.000000
vn 0.000000 0.000000 1.000000
vn 0.000000 0.000000 1.000000
vn 0.000000 0.000000 1.000000
vn 0.000000 0.000000 1.000000
vn 0.000000 0.000000 1.000000
vn 0.000000 0.000000 1.000000
vn 0.000000 0.000000 1.000000
vn 0.000000 0.000000 1.000000
vn 0.000000 0.000000 -1.000000
vn 0.000000 0.000000 -1.000000
vn 0.000000 0.000000 -1.000000
vn 0.000000 0.000000 -1.000000
vn 0.000000 0.000000 -1.000000
vn 0.000000 0.000000 -1.000000
vn 0.000000 0.000000 -1.000000
vn 0.000000 0.000000 -1.000000
vn 0.000000 -1.000000 0.000000
vn 0.000000 -1.000000 0.000000
vn 0.000000 -1.000000 0.000000
vn 0.000000 -1.000000 0.000000
vn 0.000000 0.000000 1.000000
vn 0.000000 0.000000 1.000000
vn 0.000000 0.000000 1.000000
vn 0.000000 0.000000 1.000000
vn 0.000000 0.000000 1.000000
vn 0.000000 0.000000 1.000000
vn 0.000000 0.000000 1.000000
vn 0.000000 0.000000 1.000000
vn 0.000000 -1.000000 0.000000
vn 0.000000 -1.000000 0.000000
vn 0.000000 -1.000000 0.000000
vn 0.000000 -1.000000 0.000000
vn 0.000000 0.000000 -1.000000
vn 0.000000 0.000000 -1.000000
vn 0.000000 0.000000 -1.000000
vn 0.000000 0.000000 -1.000000
vn 0.000000 0.000000 1.000000
vn 0.000000 0.000000 1.000000
vn 0.000000 0.000000 -1.000000
vn 0.000000 0.000000 1.000000
vn 1.000000 0.000000 0.000000
vn 1.000000 0.000000 0.000000
vn 0.000000 0.000000 1.000000
vn 1.000000 0.000000 0.000000
vn 1.000000 0.000000 0.000000
vn 1.000000 0.000000 0.000000
vn 1.000000 0.000000 0.000000
vn 1.000000 0.000000 0.000000
vn 0.000000 0.000000 1.000000
vn 0.000000 0.000000 1.000000
vn 0.000000 0.000000 1.000000
vn 0.000000 -1.000000 0.000000
vn 0.000000 0.000000 1.000000
vn 0.000000 -1.000000 0.000000
vn 0.000000 -1.000000 0.000000
vn 0.000000 -1.000000 0.000000
vn 0.000000 -1.000000 0.000000
vn 0.000000 -1.000000 0.000000
vn 0.000000 -1.000000 0.000000
vn 0.000000 -1.000000 0.000000
vn 1.000000 0.000000 0.000000
vn 1.000000 0.000000 0.000000
vn 1.000000 0.000000 0.000000
vn 1.000000 0.000000 0.000000
vn -1.000000 0.000000 0.000000
vn -1.000000 0.000000 0.000000
vn -1.000000 0.000000 0.000000
vn 0.000000 0.000000 -1.000000
vn 0.000000 0.000000 -1.000000
vn 0.000000 0.000000 -1.000000
vn 0.000000 0.000000 -1.000000
vn 0.000000 -1.000000 0.000000
vn 0.000000 -1.000000 0.000000
vn 0.000000 -1.000000 0.000000
vn 0.000000 1.000000 0.000000
vn 0.000000 1.000000 0.000000
vn 0.000000 1.000000 0.000000
vn 0.000000 1.000000 0.000000
vn 0.000000 1.000000 0.000000
vn 0.000000 1.000000 0.000000
vn 0.000000 1.000000 0.000000
vn -1.000000 0.000000 0.000000
vn -1.000000 0.000000 0.000000
vn -1.000000 0.000000 0.000000
vn 0.000000 -1.000000 0.000000
vn 1.000000 0.000000 0.000000
vn 0.000000 -1.000000 0.000000
vn 0.000000 1.000000 0.000000
vn 0.000000 1.000000 0.000000
vn 0.000000 1.000000 0.000000
vn 0.000000 0.000000 -1.000000
vn 0.000000 0.000000 -1.000000
vn 0.000000 0.000000 -1.000000
vn 0.000000 0.000000 -1.000000
vn 0.000000 0.000000 -1.000000
vn 0.000000 0.000000 -1.000000
vn 0.000000 0.000000 -1.000000
vn 0.000000 0.000000 -1.000000
vn 0.000000 0.000000 -1.000000
vn 0.000000 -1.000000 0.000000
vn 0.000000 -1.000000 0.000000
vn -1.000000 0.000000 0.000000
vn 1.000000 0.000000 0.000000
vn 1.000000 0.000000 0.000000
vn 1.000000 0.000000 0.000000
vn 0.000000 0.000000 -1.000000
vn 0.000000 0.000000 -1.000000
vn 0.000000 1.000000 0.000000
vn 0.000000 0.000000 -1.000000
vn 0.000000 0.000000 -1.000000
vn 0.000000 0.000000 -1.000000
vn 0.000000 0.000000 -1.000000
vn 0.000000 0.000000 -1.000000
vn 0.000000 0.000000 -1.000000
vn -1.000000 0.000000 0.000000
vn -1.000000 0.000000 0.000000
vn 0.000000 0.000000 -1.000000
vn 0.926110 0.377254 0.000000
vn 0.463514 0.377366 -0.801717
vn 0.000000 1.000000 0.000000
vn -0.462348 0.377366 0.802390
vn 0.463822 0.377226 -0.801605
vn -0.462348 0.377366 -0.802390
vn -1.000000 0.000000 0.000000
vn 0.500822 0.000000 -0.865550
vn -0.498471 0.000000 -0.866906
vn 0.500822 0.000000 -0.865550
vn 0.500822 0.000000 -0.865550
vn 0.500822 0.000000 -0.865550
vn 1.000000 0.000000 0.000000
vn 1.000000 0.000000 0.000000
vn 0.500822 0.000000 0.865550
vn 0.500822 0.000000 0.865550
vn 0.500822 0.000000 0.865550
vn 0.500822 0.000000 0.865550
vn -0.498471 0.000000 0.866906
vn -0.498471 0.000000 0.866906
vn -0.498471 0.000000 0.866906
vn -0.461691 0.376998 -0.802941
vn -0.926110 0.377254 0.000000
vn 0.463765 0.377506 0.801506
vn 0.926110 0.377254 0.000000
vn 0.000000 1.000000 0.000000
vn 0.000000 1.000000 0.000000
vn -0.461542 0.377732 0.802681
vn 0.463514 0.377366 0.801717
vn -0.498471 0.000000 -0.866906
vn 1.000000 0.000000 0.000000
vn -1.000000 0.000000 0.000000
vn 1.000000 0.000000 0.000000
vn -0.498471 0.000000 -0.866906
vn -0.926110 0.377254 0.000000
vn -0.498471 0.000000 -0.866906
vn 0.000000 1.000000 0.000000
vn -0.498471 0.000000 0.866906
vn 0.000000 1.000000 0.000000
vn -0.494903 0.134686 -0.858446
vn -1.000000 -0.000540 0.000000
vn -1.000000 -0.000540 0.000000
vn -0.998035 0.062658 0.000000
vn -0.990925 0.134414 0.000000
vn 0.000000 1.000000 0.000000
vn 0.990878 0.134764 0.000000
vn 0.500410 0.000000 -0.865789
vn 0.500410 0.000000 -0.865789
vn 0.499413 0.063090 -0.864064
vn 0.495880 0.134790 -0.857867
vn -0.500410 0.000000 -0.865789
vn -0.499980 -0.000135 -0.866037
vn -0.498919 0.063039 -0.864353
vn 0.998006 0.063111 0.000000
vn 1.000000 0.000000 0.000000
vn 0.495900 0.134487 0.857902
vn 1.000000 0.000000 0.000000
vn 0.499426 0.062678 0.864086
vn 0.500410 -0.000467 0.865789
vn -0.494912 0.134558 0.858462
vn 0.500410 -0.000467 0.865789
vn 1.000000 0.000000 0.000000
vn 1.000000 0.000000 0.000000
vn 1.000000 0.000000 0.000000
vn 0.497613 0.000000 0.867399
vn -0.498933 0.062594 0.864377
vn -0.500410 -0.000738 0.865788
vn 1.000000 0.000000 0.000000
vn -0.499980 -0.000603 0.866037
vn 0.497613 0.000000 0.867399
vn 0.497613 0.000000 0.867399
vn 0.497613 0.000000 0.867399
vn -0.495649 0.000000 0.868523
vn -0.495649 0.000000 0.868523
vn -0.495649 0.000000 0.868523
vn -0.495649 0.000000 0.868523
vn -1.000000 0.000000 0.000000
vn -1.000000 0.000000 0.000000
vn -1.000000 0.000000 0.000000
vn -1.000000 0.000000 0.000000
vn -0.499068 0.000000 -0.866563
vn -0.499068 0.000000 -0.866563
vn -0.499068 0.000000 -0.866563
vn -0.499068 0.000000 -0.866563
vn 0.501036 0.000000 -0.865426
vn 0.501036 0.000000 -0.865426
vn 0.501036 0.000000 -0.865426
vn 0.501036 0.000000 -0.865426
vn 0.949439 0.313950 0.000000
vn 0.472662 0.312681 0.823906
vn 0.474369 0.313466 0.822626
vn 0.949439 0.313950 0.000000
vn -0.470480 0.314613 0.824419
vn -0.949722 0.313095 0.000000
vn -0.949722 0.313095 0.000000
vn -0.473904 0.313252 0.822975
vn -0.473946 0.313271 -0.822943
vn 0.475761 0.313602 -0.821769
vn 0.475176 0.313836 -0.822019
vn -0.474710 0.313622 -0.822369
vn 0.000000 1.000000 0.000000
vn 0.000000 1.000000 0.000000
vn 0.000000 1.000000 0.000000
vn 0.000000 1.000000 0.000000
vn 0.000000 1.000000 0.000000
vn 0.993285 0.115695 0.000000
vn 0.998506 0.054633 0.000000
vn 0.000000 1.000000 0.000000
vn 1.000000 -0.000399 0.000000
vn 0.496655 0.115516 0.860227
vn 0.499280 0.054751 0.864709
vn 1.000000 -0.000399 0.000000
vn 0.499986 -0.000273 0.866033
vn -0.496476 0.115415 0.860344
vn -0.499286 0.054558 0.864718
vn 0.499722 -0.000346 0.866186
vn -0.499986 -0.000273 0.866033
vn -0.993325 0.115349 0.000000
vn -0.998516 0.054468 0.000000
vn -0.499722 -0.000199 0.866186
vn -1.000000 -0.000399 0.000000
vn -0.496779 0.115703 -0.860130
vn -0.499280 0.054751 -0.864709
vn -1.000000 -0.000399 0.000000
vn 0.499986 -0.000273 -0.866033
vn 0.499279 0.054784 -0.864707
vn 1.000000 0.000000 0.000000
vn 0.496969 0.115618 -0.860032
vn 0.499722 -0.000199 -0.866186
vn -0.499722 -0.000346 -0.866186
vn -0.499986 -0.000273 -0.866033
vn 1.000000 0.000000 0.000000
vn 1.000000 0.000000 0.000000
vn -1.000000 0.000000 0.000000
vn -1.000000 0.000000 0.000000
vn 1.000000 0.000000 0.000000
vn -1.000000 0.000000 0.000000
vn -0.500020 0.000000 -0.866014
vn -0.500020 0.000000 -0.866014
vn -1.000000 0.000000 0.000000
vn -0.500020 0.000000 -0.866014
vn 0.502260 0.000000 -0.864716
vn 0.502260 0.000000 -0.864716
vn -0.500020 0.000000 -0.866014
vn 0.502260 0.000000 -0.864716
vn 0.934100 0.357012 0.000000
vn 0.934100 0.357012 0.000000
vn 0.502260 0.000000 -0.864716
vn -0.934100 0.357012 0.000000
vn -0.466995 0.357398 -0.808815
vn -0.466472 0.357123 -0.809238
vn -0.934100 0.357012 0.000000
vn 1.000000 -0.000591 0.000000
vn 0.000000 1.000000 0.000000
vn 0.989612 0.143764 0.000000
vn 0.000000 1.000000 0.000000
vn 0.000000 1.000000 0.000000
vn 1.000000 -0.000591 0.000000
vn 0.000000 1.000000 0.000000
vn 0.469282 0.356382 -0.807940
vn 0.000000 1.000000 0.000000
vn 0.000000 1.000000 0.000000
vn 0.467589 0.357123 -0.808593
vn 0.997557 0.069851 0.000000
vn -0.989612 0.143764 0.000000
vn -1.000000 -0.000591 0.000000
vn -1.000000 -0.000591 0.000000
vn -0.997557 0.069851 0.000000
vn -0.494075 0.143811 -0.857443
vn -0.499586 -0.000660 -0.866264
vn -0.499995 -0.000512 -0.866028
vn -0.498295 0.069736 -0.864198
vn 1.000000 0.000000 0.000000
vn 1.000000 0.000000 0.000000
vn -1.000000 0.000000 0.000000
vn 0.495018 0.143921 -0.856880
vn 1.000000 0.000000 0.000000
vn 0.499107 0.069820 -0.863723
vn -1.000000 0.000000 0.000000
vn -1.000000 0.000000 0.000000
vn 0.500403 -0.000660 -0.865792
vn 0.500813 -0.000808 -0.865555
vn 1.000000 0.000000 0.000000
vn -1.000000 0.000000 0.000000
vn -0.500020 0.000000 -0.866014
vn -0.500020 0.000000 -0.866014
vn 0.500020 0.000000 -0.866014
vn 0.500020 0.000000 -0.866014
vn -0.500020 0.000000 -0.866014
vn -0.500020 0.000000 -0.866014
vn 0.934507 0.355944 0.000000
vn 0.500020 0.000000 -0.866014
vn 0.500020 0.000000 -0.866014
vn -0.934507 0.355944 0.000000
vn 0.934507 0.355944 0.000000
vn -0.934507 0.355944 0.000000
vn -0.467257 0.355932 -0.809310
vn -0.467273 0.355940 -0.809298
vn 0.000000 1.000000 0.000000
vn 0.000000 1.000000 0.000000
vn 0.467276 0.355924 -0.809303
vn 0.467257 0.355932 -0.809310
vn 0.000000 1.000000 0.000000
vn 0.000000 1.000000 0.000000
vn 0.000000 1.000000 0.000000
vn 0.000000 1.000000 0.000000
vn 0.989607 0.143800 0.000000
vn 1.000000 0.000000 0.000000
vn 1.000000 0.000000 0.000000
vn 0.997548 0.069982 0.000000
vn -0.494814 0.143616 -0.857049
vn -0.499695 -0.000404 -0.866201
vn -0.498534 0.069725 -0.864061
vn 0.498199 0.069800 -0.864249
vn -0.989658 0.143445 0.000000
vn -1.000000 -0.000591 0.000000
vn -1.000000 -0.000591 0.000000
vn -0.997582 0.069504 0.000000
vn 0.494823 0.143486 -0.857066
vn -0.499395 -0.000512 -0.866374
vn 0.499287 -0.000256 -0.866437
vn 1.000000 0.000000 0.000000
vn 1.000000 0.000000 0.000000
vn 0.498578 0.000000 -0.866845
vn 1.000000 0.000000 0.000000
vn -1.000000 0.000000 0.000000
vn -1.000000 0.000000 0.000000
vn 1.000000 0.000000 0.000000
vn -1.000000 0.000000 0.000000
vn -0.502260 0.000000 -0.864716
vn -0.502260 0.000000 -0.864716
vn -1.000000 0.000000 0.000000
f 1687/1687/1687 1684/1684/1684 1685/1685/1685
f 1697/1697/1697 1694/1694/1694 1692/1692/1692
f 1733/1733/1733 1729/1729/1729 1726/1726/1726
f 1736/1736/1736 1735/1735/1735 1737/1737/1737
f 1796/1796/1796 1774/1774/1774 1773/1773/1773
f 1799/1799/1799 1780/1780/1780 1781/1781/1781
f 1829/1829/1829 1825/1825/1825 1824/1824/1824
f 1834/1834/1834 1846/1846/1846 1831/1831/1831
f 1881/1881/1881 1877/1877/1877 1875/1875/1875
f 1886/1886/1886 1888/1888/1888 1885/1885/1885
f 1940/1940/1940 1933/1933/1933 1931/1931/1931
f 1945/1945/1945 1943/1943/1943 1942/1942/1942
f 284/284/284 283/283/283 282/282/282
f 274/274/274 283/283/283 284/284/284
f 281/281/281 275/275/275 272/272/272
f 276/276/276 275/275/275 281/281/281
f 278/278/278 279/279/279 277/277/277
f 271/271/271 279/279/279 278/278/278
f 19/19/19 273/273/273 280/280/280
f 1/1/1 273/273/273 19/19/19
f 21/21/21 1/1/1 19/19/19
f 2/2/2 1/1/1 21/21/21
f 18/18/18 17/17/17 20/20/20
f 22/22/22 17/17/17 18/18/18
f 24/24/24 4/4/4 3/3/3
f 23/23/23 4/4/4 24/24/24
f 6/6/6 7/7/7 5/5/5
f 26/26/26 7/7/7 6/6/6
f 10/10/10 9/9/9 8/8/8
f 9/9/9 10/10/10 25/25/25
f 25/25/25 10/10/10 28/28/28
f 11/11/11 28/28/28 10/10/10
f 12/12/12 28/28/28 11/11/11
f 13/13/13 30/30/30 27/27/27
f 15/15/15 30/30/30 13/13/13
f 30/30/30 15/15/15 14/14/14
f 31/31/31 34/34/34 29/29/29
f 31/31/31 16/16/16 34/34/34
f 16/16/16 32/32/32 34/34/34
f 32/32/32 33/33/33 34/34/34
f 35/35/35 33/33/33 32/32/32
f 42/42/42 46/46/46 39/39/39
f 45/45/45 46/46/46 42/42/42
f 45/45/45 44/44/44 46/46/46
f 38/38/38 46/46/46 44/44/44
f 41/41/41 46/46/46 38/38/38
f 36/36/36 41/41/41 38/38/38
f 37/37/37 41/41/41 36/36/36
f 40/40/40 41/41/41 37/37/37
f 43/43/43 41/41/41 40/40/40
f 64/64/64 63/63/63 66/66/66
f 68/68/68 63/63/63 64/64/64
f 67/67/67 47/47/47 65/65/65
f 48/48/48 47/47/47 67/67/67
f 56/56/56 53/53/53 49/49/49
f 71/71/71 53/53/53 56/56/56
f 71/71/71 72/72/72 53/53/53
f 53/53/53 72/72/72 52/52/52
f 56/56/56 55/55/55 71/71/71
f 71/71/71 55/55/55 54/54/54
f 50/50/50 69/69/69 70/70/70
f 51/51/51 69/69/69 50/50/50
f 74/74/74 58/58/58 57/57/57
f 73/73/73 58/58/58 74/74/74
f 60/60/60 61/61/61 59/59/59
f 76/76/76 61/61/61 60/60/60
f 75/75/75 77/77/77 62/62/62
f 80/80/80 77/77/77 75/75/75
f 79/79/79 81/81/81 78/78/78
f 84/84/84 81/81/81 79/79/79
f 83/83/83 85/85/85 82/82/82
f 82/82/82 85/85/85 86/86/86
f 86/86/86 85/85/85 91/91/91
f 86/86/86 91/91/91 88/88/88
f 92/92/92 91/91/91 85/85/85
f 110/110/110 91/91/91 92/92/92
f 110/110/110 112/112/112 91/91/91
f 91/91/91 112/112/112 90/90/90
f 110/110/110 92/92/92 89/89/89
f 89/89/89 92/92/92 87/87/87
f 114/114/114 111/111/111 109/109/109
f 113/113/113 111/111/111 114/114/114
f 94/94/94 95/95/95 93/93/93
f 116/116/116 95/95/95 94/94/94
f 115/115/115 97/97/97 96/96/96
f 98/98/98 97/97/97 115/115/115
f 118/118/118 100/100/100 99/99/99
f 117/117/117 100/100/100 118/118/118
f 102/102/102 103/103/103 101/101/101
f 120/120/120 103/103/103 102/102/102
f 119/119/119 105/105/105 104/104/104
f 106/106/106 105/105/105 119/119/119
f 122/122/122 108/108/108 107/107/107
f 121/121/121 108/108/108 122/122/122
f 126/126/126 124/124/124 123/123/123
f 125/125/125 124/124/124 126/126/126
f 130/130/130 128/128/128 127/127/127
f 129/129/129 128/128/128 130/130/130
f 134/134/134 132/132/132 131/131/131
f 133/133/133 132/132/132 134/134/134
f 138/138/138 136/136/136 135/135/135
f 137/137/137 136/136/136 138/138/138
f 163/163/163 164/164/164 166/166/166
f 163/163/163 168/168/168 164/164/164
f 165/165/165 168/168/168 163/163/163
f 139/139/139 140/140/140 167/167/167
f 141/141/141 140/140/140 139/139/139
f 172/172/172 142/142/142 170/170/170
f 171/171/171 142/142/142 172/172/172
f 146/146/146 171/171/171 172/172/172
f 147/147/147 171/171/171 146/146/146
f 143/143/143 144/144/144 169/169/169
f 145/145/145 144/144/144 143/143/143
f 149/149/149 174/174/174 148/148/148
f 150/150/150 174/174/174 149/149/149
f 151/151/151 152/152/152 173/173/173
f 153/153/153 152/152/152 151/151/151
f 158/158/158 178/178/178 157/157/157
f 157/157/157 178/178/178 156/156/156
f 178/178/178 155/155/155 156/156/156
f 156/156/156 155/155/155 175/175/175
f 155/155/155 154/154/154 175/175/175
f 175/175/175 154/154/154 176/176/176
f 154/154/154 162/162/162 176/176/176
f 176/176/176 162/162/162 161/161/161
f 162/162/162 180/180/180 161/161/161
f 161/161/161 180/180/180 160/160/160
f 180/180/180 159/159/159 160/160/160
f 160/160/160 159/159/159 177/177/177
f 184/184/184 191/191/191 179/179/179
f 184/184/184 193/193/193 191/191/191
f 193/193/193 235/235/235 191/191/191
f 235/235/235 208/208/208 191/191/191
f 191/191/191 208/208/208 190/190/190
f 191/191/191 190/190/190 192/192/192
f 194/194/194 193/193/193 184/184/184
f 194/194/194 196/196/196 193/193/193
f 196/196/196 210/210/210 193/193/193
f 193/193/193 210/210/210 235/235/235
f 210/210/210 209/209/209 235/235/235
f 235/235/235 209/209/209 208/208/208
f 209/209/209 236/236/236 208/208/208
f 208/208/208 236/236/236 207/207/207
f 208/208/208 207/207/207 190/190/190
f 197/197/197 194/194/194 184/184/184
f 197/197/197 195/195/195 194/194/194
f 195/195/195 196/196/196 194/194/194
f 183/183/183 197/197/197 184/184/184
f 198/198/198 197/197/197 183/183/183
f 198/198/198 200/200/200 197/197/197
f 200/200/200 195/195/195 197/197/197
f 183/183/183 184/184/184 181/181/181
f 199/199/199 200/200/200 198/198/198
f 201/201/201 199/199/199 198/198/198
f 204/204/204 199/199/199 201/201/201
f 202/202/202 204/204/204 201/201/201
f 203/203/203 204/204/204 202/202/202
f 232/232/232 203/203/203 202/202/202
f 230/230/230 203/203/203 232/232/232
f 201/201/201 198/198/198 183/183/183
f 188/188/188 201/201/201 183/183/183
f 202/202/202 201/201/201 188/188/188
f 232/232/232 202/202/202 188/188/188
f 187/187/187 232/232/232 188/188/188
f 229/229/229 232/232/232 187/187/187
f 229/229/229 230/230/230 232/232/232
f 234/234/234 230/230/230 229/229/229
f 231/231/231 234/234/234 229/229/229
f 205/205/205 234/234/234 231/231/231
f 188/188/188 183/183/183 182/182/182
f 187/187/187 188/188/188 185/185/185
f 231/231/231 229/229/229 187/187/187
f 189/189/189 231/231/231 187/187/187
f 233/233/233 231/231/231 189/189/189
f 233/233/233 205/205/205 231/231/231
f 206/206/206 205/205/205 233/233/233
f 189/189/189 187/187/187 186/186/186
f 212/212/212 238/238/238 211/211/211
f 212/212/212 244/244/244 238/238/238
f 223/223/223 244/244/244 212/212/212
f 224/224/224 244/244/244 223/223/223
f 214/214/214 213/213/213 237/237/237
f 214/214/214 225/225/225 213/213/213
f 243/243/243 225/225/225 214/214/214
f 226/226/226 225/225/225 243/243/243
f 216/216/216 240/240/240 215/215/215
f 216/216/216 246/246/246 240/240/240
f 227/227/227 246/246/246 216/216/216
f 228/228/228 246/246/246 227/227/227
f 218/218/218 217/217/217 239/239/239
f 218/218/218 247/247/247 217/217/217
f 245/245/245 247/247/247 218/218/218
f 250/250/250 247/247/247 245/245/245
f 220/220/220 242/242/242 219/219/219
f 220/220/220 249/249/249 242/242/242
f 248/248/248 249/249/249 220/220/220
f 251/251/251 249/249/249 248/248/248
f 222/222/222 221/221/221 241/241/241
f 222/222/222 252/252/252 221/221/221
f 254/254/254 252/252/252 222/222/222
f 253/253/253 252/252/252 254/254/254
f 258/258/258 256/256/256 255/255/255
f 257/257/257 256/256/256 258/258/258
f 262/262/262 260/260/260 259/259/259
f 261/261/261 260/260/260 262/262/262
f 381/381/381 266/266/266 263/263/263
f 264/264/264 266/266/266 381/381/381
f 267/267/267 270/270/270 265/265/265
f 268/268/268 270/270/270 267/267/267
f 369/369/369 285/285/285 269/269/269
f 288/288/288 285/285/285 369/369/369
f 287/287/287 289/289/289 286/286/286
f 292/292/292 289/289/289 287/287/287
f 291/291/291 296/296/296 290/290/290
f 295/295/295 296/296/296 291/291/291
f 295/295/295 294/294/294 296/296/296
f 296/296/296 294/294/294 293/293/293
f 300/300/300 299/299/299 297/297/297
f 297/297/297 299/299/299 298/298/298
f 299/299/299 301/301/301 298/298/298
f 304/304/304 301/301/301 299/299/299
f 303/303/303 305/305/305 302/302/302
f 308/308/308 305/305/305 303/303/303
f 307/307/307 312/312/312 306/306/306
f 315/315/315 312/312/312 307/307/307
f 314/314/314 316/316/316 313/313/313
f 319/319/319 316/316/316 314/314/314
f 318/318/318 320/320/320 317/317/317
f 323/323/323 320/320/320 318/318/318
f 322/322/322 324/324/324 321/321/321
f 327/327/327 324/324/324 322/322/322
f 326/326/326 328/328/328 325/325/325
f 331/331/331 328/328/328 326/326/326
f 330/330/330 332/332/332 329/329/329
f 335/335/335 332/332/332 330/330/330
f 334/334/334 336/336/336 333/333/333
f 339/339/339 336/336/336 334/334/334
f 338/338/338 340/340/340 337/337/337
f 342/342/342 340/340/340 338/338/338
f 341/341/341 346/346/346 343/343/343
f 344/344/344 346/346/346 341/341/341
f 347/347/347 350/350/350 345/345/345
f 348/348/348 350/350/350 347/347/347
f 351/351/351 353/353/353 349/349/349
f 352/352/352 353/353/353 351/351/351
f 354/354/354 356/356/356 355/355/355
f 359/359/359 356/356/356 354/354/354
f 358/358/358 360/360/360 357/357/357
f 363/363/363 360/360/360 358/358/358
f 367/367/367 362/362/362 361/361/361
f 364/364/364 362/362/362 367/367/367
f 367/367/367 365/365/365 364/364/364
f 366/366/366 365/365/365 367/367/367
f 371/371/371 369/369/369 368/368/368
f 370/370/370 369/369/369 371/371/371
f 375/375/375 373/373/373 372/372/372
f 374/374/374 373/373/373 375/375/375
f 379/379/379 377/377/377 376/376/376
f 378/378/378 377/377/377 379/379/379
f 383/383/383 381/381/381 380/380/380
f 382/382/382 381/381/381 383/383/383
f 385/385/385 401/401/401 384/384/384
f 385/385/385 404/404/404 401/401/401
f 404/404/404 397/397/397 401/401/401
f 397/397/397 399/399/399 401/401/401
f 401/401/401 399/399/399 394/394/394
f 401/401/401 394/394/394 393/393/393
f 403/403/403 404/404/404 385/385/385
f 403/403/403 402/402/402 404/404/404
f 402/402/402 400/400/400 404/404/404
f 404/404/404 400/400/400 397/397/397
f 400/400/400 396/396/396 397/397/397
f 397/397/397 396/396/396 399/399/399
f 396/396/396 422/422/422 399/399/399
f 399/399/399 422/422/422 423/423/423
f 399/399/399 423/423/423 394/394/394
f 408/408/408 403/403/403 385/385/385
f 408/408/408 405/405/405 403/403/403
f 405/405/405 402/402/402 403/403/403
f 388/388/388 408/408/408 385/385/385
f 407/407/407 408/408/408 388/388/388
f 407/407/407 406/406/406 408/408/408
f 406/406/406 405/405/405 408/408/408
f 388/388/388 385/385/385 387/387/387
f 409/409/409 406/406/406 407/407/407
f 412/412/412 409/409/409 407/407/407
f 410/410/410 409/409/409 412/412/412
f 411/411/411 410/410/410 412/412/412
f 418/418/418 410/410/410 411/411/411
f 421/421/421 418/418/418 411/411/411
f 419/419/419 418/418/418 421/421/421
f 412/412/412 407/407/407 388/388/388
f 389/389/389 412/412/412 388/388/388
f 411/411/411 412/412/412 389/389/389
f 421/421/421 411/411/411 389/389/389
f 392/392/392 421/421/421 389/389/389
f 420/420/420 421/421/421 392/392/392
f 420/420/420 419/419/419 421/421/421
f 416/416/416 419/419/419 420/420/420
f 417/417/417 416/416/416 420/420/420
f 413/413/413 416/416/416 417/417/417
f 389/389/389 388/388/388 386/386/386
f 392/392/392 389/389/389 391/391/391
f 417/417/417 420/420/420 392/392/392
f 395/395/395 417/417/417 392/392/392
f 414/414/414 417/417/417 395/395/395
f 414/414/414 413/413/413 417/417/417
f 415/415/415 413/413/413 414/414/414
f 395/395/395 392/392/392 390/390/390
f 428/428/428 424/424/424 425/425/425
f 428/428/428 445/445/445 424/424/424
f 440/440/440 445/445/445 428/428/428
f 448/448/448 445/445/445 440/440/440
f 398/398/398 427/427/427 429/429/429
f 398/398/398 447/447/447 427/427/427
f 446/446/446 447/447/447 398/398/398
f 452/452/452 447/447/447 446/446/446
f 433/433/433 430/430/430 426/426/426
f 433/433/433 453/453/453 430/430/430
f 455/455/455 453/453/453 433/433/433
f 454/454/454 453/453/453 455/455/455
f 434/434/434 432/432/432 431/431/431
f 434/434/434 459/459/459 432/432/432
f 456/456/456 459/459/459 434/434/434
f 457/457/457 459/459/459 456/456/456
f 436/436/436 435/435/435 437/437/437
f 436/436/436 460/460/460 435/435/435
f 458/458/458 460/460/460 436/436/436
f 463/463/463 460/460/460 458/458/458
f 439/439/439 441/441/441 438/438/438
f 439/439/439 462/462/462 441/441/441
f 461/461/461 462/462/462 439/439/439
f 464/464/464 462/462/462 461/461/461
f 465/465/465 466/466/466 467/467/467
f 468/468/468 466/466/466 465/465/465
f 469/469/469 470/470/470 471/471/471
f 472/472/472 470/470/470 469/469/469
f 578/578/578 473/473/473 475/475/475
f 474/474/474 473/473/473 578/578/578
f 451/451/451 449/449/449 450/450/450
f 480/480/480 449/449/449 451/451/451
f 559/559/559 477/477/477 476/476/476
f 481/481/481 477/477/477 559/559/559
f 482/482/482 483/483/483 484/484/484
f 485/485/485 483/483/483 482/482/482
f 486/486/486 489/489/489 488/488/488
f 490/490/490 489/489/489 486/486/486
f 490/490/490 492/492/492 489/489/489
f 489/489/489 492/492/492 487/487/487
f 442/442/442 443/443/443 491/491/491
f 491/491/491 443/443/443 444/444/444
f 443/443/443 493/493/493 444/444/444
f 479/479/479 493/493/493 443/443/443
f 494/494/494 497/497/497 478/478/478
f 495/495/495 497/497/497 494/494/494
f 498/498/498 501/501/501 496/496/496
f 499/499/499 501/501/501 498/498/498
f 311/311/311 310/310/310 500/500/500
f 309/309/309 310/310/310 311/311/311
f 503/503/503 502/502/502 504/504/504
f 508/508/508 502/502/502 503/503/503
f 505/505/505 510/510/510 506/506/506
f 507/507/507 510/510/510 505/505/505
f 514/514/514 517/517/517 509/509/509
f 515/515/515 517/517/517 514/514/514
f 521/521/521 519/519/519 516/516/516
f 520/520/520 519/519/519 521/521/521
f 527/527/527 525/525/525 524/524/524
f 526/526/526 525/525/525 527/527/527
f 528/528/528 529/529/529 530/530/530
f 531/531/531 529/529/529 528/528/528
f 532/532/532 533/533/533 534/534/534
f 535/535/535 533/533/533 532/532/532
f 536/536/536 537/537/537 538/538/538
f 539/539/539 537/537/537 536/536/536
f 540/540/540 541/541/541 542/542/542
f 543/543/543 541/541/541 540/540/540
f 544/544/544 545/545/545 546/546/546
f 547/547/547 545/545/545 544/544/544
f 548/548/548 549/549/549 550/550/550
f 551/551/551 549/549/549 548/548/548
f 558/558/558 552/552/552 554/554/554
f 553/553/553 552/552/552 558/558/558
f 558/558/558 556/556/556 553/553/553
f 555/555/555 556/556/556 558/558/558
f 557/557/557 559/559/559 560/560/560
f 561/561/561 559/559/559 557/557/557
f 562/562/562 563/563/563 564/564/564
f 565/565/565 563/563/563 562/562/562
f 566/566/566 567/567/567 568/568/568
f 574/574/574 567/567/567 566/566/566
f 573/573/573 578/578/578 572/572/572
f 576/576/576 578/578/578 573/573/573
f 584/584/584 591/591/591 577/577/577
f 584/584/584 593/593/593 591/591/591
f 593/593/593 618/618/618 591/591/591
f 618/618/618 615/615/615 591/591/591
f 591/591/591 615/615/615 590/590/590
f 591/591/591 590/590/590 592/592/592
f 594/594/594 593/593/593 584/584/584
f 594/594/594 596/596/596 593/593/593
f 596/596/596 617/617/617 593/593/593
f 593/593/593 617/617/617 618/618/618
f 617/617/617 616/616/616 618/618/618
f 618/618/618 616/616/616 615/615/615
f 616/616/616 613/613/613 615/615/615
f 615/615/615 613/613/613 612/612/612
f 615/615/615 612/612/612 590/590/590
f 597/597/597 594/594/594 584/584/584
f 597/597/597 595/595/595 594/594/594
f 595/595/595 596/596/596 594/594/594
f 583/583/583 597/597/597 584/584/584
f 598/598/598 597/597/597 583/583/583
f 598/598/598 600/600/600 597/597/597
f 600/600/600 595/595/595 597/597/597
f 583/583/583 584/584/584 581/581/581
f 599/599/599 600/600/600 598/598/598
f 601/601/601 599/599/599 598/598/598
f 604/604/604 599/599/599 601/601/601
f 602/602/602 604/604/604 601/601/601
f 603/603/603 604/604/604 602/602/602
f 608/608/608 603/603/603 602/602/602
f 606/606/606 603/603/603 608/608/608
f 601/601/601 598/598/598 583/583/583
f 588/588/588 601/601/601 583/583/583
f 602/602/602 601/601/601 588/588/588
f 608/608/608 602/602/602 588/588/588
f 587/587/587 608/608/608 588/588/588
f 605/605/605 608/608/608 587/587/587
f 605/605/605 606/606/606 608/608/608
f 610/610/610 606/606/606 605/605/605
f 607/607/607 610/610/610 605/605/605
f 611/611/611 610/610/610 607/607/607
f 588/588/588 583/583/583 582/582/582
f 587/587/587 588/588/588 585/585/585
f 607/607/607 605/605/605 587/587/587
f 589/589/589 607/607/607 587/587/587
f 609/609/609 607/607/607 589/589/589
f 609/609/609 611/611/611 607/607/607
f 614/614/614 611/611/611 609/609/609
f 589/589/589 587/587/587 586/586/586
f 623/623/623 622/622/622 624/624/624
f 623/623/623 646/646/646 622/622/622
f 643/643/643 646/646/646 623/623/623
f 644/644/644 646/646/646 643/643/643
f 627/627/627 626/626/626 628/628/628
f 627/627/627 647/647/647 626/626/626
f 645/645/645 647/647/647 627/627/627
f 650/650/650 647/647/647 645/645/645
f 632/632/632 634/634/634 631/631/631
f 632/632/632 649/649/649 634/634/634
f 648/648/648 649/649/649 632/632/632
f 651/651/651 649/649/649 648/648/648
f 638/638/638 635/635/635 633/633/633
f 638/638/638 652/652/652 635/635/635
f 654/654/654 652/652/652 638/638/638
f 653/653/653 652/652/652 654/654/654
f 639/639/639 637/637/637 636/636/636
f 639/639/639 656/656/656 637/637/637
f 658/658/658 656/656/656 639/639/639
f 655/655/655 656/656/656 658/658/658
f 641/641/641 640/640/640 642/642/642
f 641/641/641 657/657/657 640/640/640
f 660/660/660 657/657/657 641/641/641
f 659/659/659 657/657/657 660/660/660
f 664/664/664 662/662/662 661/661/661
f 663/663/663 662/662/662 664/664/664
f 668/668/668 666/666/666 665/665/665
f 667/667/667 666/666/666 668/668/668
f 789/789/789 672/672/672 674/674/674
f 673/673/673 672/672/672 789/789/789
f 676/676/676 677/677/677 678/678/678
f 681/681/681 677/677/677 676/676/676
f 776/776/776 682/682/682 684/684/684
f 683/683/683 682/682/682 776/776/776
f 688/688/688 686/686/686 685/685/685
f 687/687/687 686/686/686 688/688/688
f 692/692/692 691/691/691 689/689/689
f 696/696/696 691/691/691 692/692/692
f 696/696/696 693/693/693 691/691/691
f 691/691/691 693/693/693 690/690/690
f 695/695/695 700/700/700 694/694/694
f 694/694/694 700/700/700 697/697/697
f 700/700/700 698/698/698 697/697/697
f 699/699/699 698/698/698 700/700/700
f 704/704/704 702/702/702 701/701/701
f 703/703/703 702/702/702 704/704/704
f 706/706/706 705/705/705 708/708/708
f 710/710/710 705/705/705 706/706/706
f 709/709/709 711/711/711 707/707/707
f 714/714/714 711/711/711 709/709/709
f 713/713/713 715/715/715 712/712/712
f 718/718/718 715/715/715 713/713/713
f 717/717/717 724/724/724 716/716/716
f 722/722/722 724/724/724 717/717/717
f 728/728/728 726/726/726 723/723/723
f 727/727/727 726/726/726 728/728/728
f 734/734/734 732/732/732 731/731/731
f 733/733/733 732/732/732 734/734/734
f 738/738/738 736/736/736 735/735/735
f 737/737/737 736/736/736 738/738/738
f 742/742/742 740/740/740 739/739/739
f 741/741/741 740/740/740 742/742/742
f 746/746/746 744/744/744 743/743/743
f 745/745/745 744/744/744 746/746/746
f 750/750/750 748/748/748 747/747/747
f 749/749/749 748/748/748 750/750/750
f 754/754/754 752/752/752 751/751/751
f 753/753/753 752/752/752 754/754/754
f 756/756/756 755/755/755 758/758/758
f 760/760/760 755/755/755 756/756/756
f 759/759/759 764/764/764 757/757/757
f 767/767/767 764/764/764 759/759/759
f 769/769/769 766/766/766 765/765/765
f 771/771/771 766/766/766 769/769/769
f 769/769/769 770/770/770 771/771/771
f 774/774/774 770/770/770 769/769/769
f 775/775/775 776/776/776 777/777/777
f 780/780/780 776/776/776 775/775/775
f 779/779/779 781/781/781 778/778/778
f 784/784/784 781/781/781 779/779/779
f 783/783/783 785/785/785 782/782/782
f 788/788/788 785/785/785 783/783/783
f 787/787/787 789/789/789 786/786/786
f 792/792/792 789/789/789 787/787/787
f 793/793/793 802/802/802 790/790/790
f 793/793/793 803/803/803 802/802/802
f 803/803/803 826/826/826 802/802/802
f 826/826/826 828/828/828 802/802/802
f 802/802/802 828/828/828 804/804/804
f 802/802/802 804/804/804 801/801/801
f 808/808/808 803/803/803 793/793/793
f 808/808/808 805/805/805 803/803/803
f 805/805/805 829/829/829 803/803/803
f 803/803/803 829/829/829 826/826/826
f 829/829/829 827/827/827 826/826/826
f 826/826/826 827/827/827 828/828/828
f 827/827/827 825/825/825 828/828/828
f 828/828/828 825/825/825 823/823/823
f 828/828/828 823/823/823 804/804/804
f 807/807/807 808/808/808 793/793/793
f 807/807/807 806/806/806 808/808/808
f 806/806/806 805/805/805 808/808/808
f 794/794/794 807/807/807 793/793/793
f 812/812/812 807/807/807 794/794/794
f 812/812/812 809/809/809 807/807/807
f 809/809/809 806/806/806 807/807/807
f 794/794/794 793/793/793 791/791/791
f 810/810/810 809/809/809 812/812/812
f 811/811/811 810/810/810 812/812/812
f 813/813/813 810/810/810 811/811/811
f 816/816/816 813/813/813 811/811/811
f 814/814/814 813/813/813 816/816/816
f 815/815/815 814/814/814 816/816/816
f 817/817/817 814/814/814 815/815/815
f 811/811/811 812/812/812 794/794/794
f 797/797/797 811/811/811 794/794/794
f 816/816/816 811/811/811 797/797/797
f 815/815/815 816/816/816 797/797/797
f 798/798/798 815/815/815 797/797/797
f 820/820/820 815/815/815 798/798/798
f 820/820/820 817/817/817 815/815/815
f 818/818/818 817/817/817 820/820/820
f 819/819/819 818/818/818 820/820/820
f 824/824/824 818/818/818 819/819/819
f 797/797/797 794/794/794 796/796/796
f 798/798/798 797/797/797 795/795/795
f 819/819/819 820/820/820 798/798/798
f 799/799/799 819/819/819 798/798/798
f 821/821/821 819/819/819 799/799/799
f 821/821/821 824/824/824 819/819/819
f 822/822/822 824/824/824 821/821/821
f 799/799/799 798/798/798 800/800/800
f 831/831/831 830/830/830 832/832/832
f 831/831/831 849/849/849 830/830/830
f 847/847/847 849/849/849 831/831/831
f 852/852/852 849/849/849 847/847/847
f 834/834/834 836/836/836 833/833/833
f 834/834/834 851/851/851 836/836/836
f 850/850/850 851/851/851 834/834/834
f 853/853/853 851/851/851 850/850/850
f 840/840/840 837/837/837 835/835/835
f 840/840/840 854/854/854 837/837/837
f 856/856/856 854/854/854 840/840/840
f 855/855/855 854/854/854 856/856/856
f 841/841/841 839/839/839 838/838/838
f 841/841/841 860/860/860 839/839/839
f 857/857/857 860/860/860 841/841/841
f 858/858/858 860/860/860 857/857/857
f 843/843/843 842/842/842 844/844/844
f 843/843/843 861/861/861 842/842/842
f 859/859/859 861/861/861 843/843/843
f 864/864/864 861/861/861 859/859/859
f 846/846/846 848/848/848 845/845/845
f 846/846/846 863/863/863 848/848/848
f 862/862/862 863/863/863 846/846/846
f 865/865/865 863/863/863 862/862/862
f 866/866/866 867/867/867 868/868/868
f 869/869/869 867/867/867 866/866/866
f 870/870/870 871/871/871 872/872/872
f 873/873/873 871/871/871 870/870/870
f 1028/1028/1028 874/874/874 876/876/876
f 875/875/875 874/874/874 1028/1028/1028
f 880/880/880 878/878/878 877/877/877
f 879/879/879 878/878/878 880/880/880
f 1016/1016/1016 884/884/884 881/881/881
f 882/882/882 884/884/884 1016/1016/1016
f 885/885/885 888/888/888 883/883/883
f 886/886/886 888/888/888 885/885/885
f 889/889/889 890/890/890 887/887/887
f 893/893/893 890/890/890 889/889/889
f 893/893/893 891/891/891 890/890/890
f 890/890/890 891/891/891 892/892/892
f 894/894/894 897/897/897 896/896/896
f 896/896/896 897/897/897 895/895/895
f 897/897/897 900/900/900 895/895/895
f 898/898/898 900/900/900 897/897/897
f 901/901/901 904/904/904 899/899/899
f 902/902/902 904/904/904 901/901/901
f 905/905/905 908/908/908 903/903/903
f 906/906/906 908/908/908 905/905/905
f 909/909/909 912/912/912 907/907/907
f 910/910/910 912/912/912 909/909/909
f 913/913/913 916/916/916 911/911/911
f 914/914/914 916/916/916 913/913/913
f 917/917/917 920/920/920 915/915/915
f 918/918/918 920/920/920 917/917/917
f 921/921/921 924/924/924 919/919/919
f 922/922/922 924/924/924 921/921/921
f 925/925/925 928/928/928 923/923/923
f 926/926/926 928/928/928 925/925/925
f 929/929/929 932/932/932 927/927/927
f 930/930/930 932/932/932 929/929/929
f 933/933/933 936/936/936 931/931/931
f 934/934/934 936/936/936 933/933/933
f 937/937/937 940/940/940 935/935/935
f 938/938/938 940/940/940 937/937/937
f 941/941/941 944/944/944 939/939/939
f 942/942/942 944/944/944 941/941/941
f 998/998/998 1001/1001/1001 943/943/943
f 999/999/999 1001/1001/1001 998/998/998
f 1002/1002/1002 1005/1005/1005 1000/1000/1000
f 1003/1003/1003 1005/1005/1005 1002/1002/1002
f 1006/1006/1006 1009/1009/1009 1004/1004/1004
f 1007/1007/1007 1009/1009/1009 1006/1006/1006
f 1011/1011/1011 1010/1010/1010 1008/1008/1008
f 1013/1013/1013 1010/1010/1010 1011/1011/1011
f 1011/1011/1011 1012/1012/1012 1013/1013/1013
f 1014/1014/1014 1012/1012/1012 1011/1011/1011
f 1015/1015/1015 1016/1016/1016 1017/1017/1017
f 1018/1018/1018 1016/1016/1016 1015/1015/1015
f 1019/1019/1019 1020/1020/1020 1021/1021/1021
f 1022/1022/1022 1020/1020/1020 1019/1019/1019
f 1023/1023/1023 1024/1024/1024 1025/1025/1025
f 1026/1026/1026 1024/1024/1024 1023/1023/1023
f 1027/1027/1027 1028/1028/1028 1029/1029/1029
f 1030/1030/1030 1028/1028/1028 1027/1027/1027
f 1032/1032/1032 1031/1031/1031 1033/1033/1033
f 1032/1032/1032 1034/1034/1034 1031/1031/1031
f 1037/1037/1037 1034/1034/1034 1032/1032/1032
f 1037/1037/1037 1043/1043/1043 1034/1034/1034
f 1046/1046/1046 1043/1043/1043 1037/1037/1037
f 1046/1046/1046 1044/1044/1044 1043/1043/1043
f 1038/1038/1038 1036/1036/1036 1035/1035/1035
f 1038/1038/1038 1041/1041/1041 1036/1036/1036
f 1039/1039/1039 1041/1041/1041 1038/1038/1038
f 1039/1039/1039 1042/1042/1042 1041/1041/1041
f 1041/1041/1041 1042/1042/1042 1045/1045/1045
f 1045/1045/1045 1042/1042/1042 1040/1040/1040
f 1047/1047/1047 1074/1074/1074 1049/1049/1049
f 1065/1065/1065 1074/1074/1074 1047/1047/1047
f 1065/1065/1065 966/966/966 1074/1074/1074
f 966/966/966 968/968/968 1074/1074/1074
f 1074/1074/1074 968/968/968 1072/1072/1072
f 1074/1074/1074 1072/1072/1072 1062/1062/1062
f 1062/1062/1062 1072/1072/1072 1060/1060/1060
f 1048/1048/1048 1065/1065/1065 1047/1047/1047
f 1063/1063/1063 1065/1065/1065 1048/1048/1048
f 1063/1063/1063 1075/1075/1075 1065/1065/1065
f 1076/1076/1076 1075/1075/1075 1063/1063/1063
f 1076/1076/1076 964/964/964 1075/1075/1075
f 988/988/988 964/964/964 1076/1076/1076
f 988/988/988 989/989/989 964/964/964
f 985/985/985 989/989/989 988/988/988
f 1054/1054/1054 985/985/985 988/988/988
f 1055/1055/1055 985/985/985 1054/1054/1054
f 973/973/973 988/988/988 1076/1076/1076
f 1054/1054/1054 988/988/988 973/973/973
f 973/973/973 1076/1076/1076 1066/1066/1066
f 1066/1066/1066 1076/1076/1076 1064/1064/1064
f 1066/1066/1066 1064/1064/1064 1050/1050/1050
f 1053/1053/1053 1066/1066/1066 1050/1050/1050
f 1069/1069/1069 1066/1066/1066 1053/1053/1053
f 1069/1069/1069 972/972/972 1066/1066/1066
f 970/970/970 972/972/972 1069/1069/1069
f 970/970/970 1057/1057/1057 972/972/972
f 1050/1050/1050 1064/1064/1064 1048/1048/1048
f 966/966/966 979/979/979 968/968/968
f 980/980/980 979/979/979 966/966/966
f 980/980/980 997/997/997 979/979/979
f 981/981/981 997/997/997 980/980/980
f 1077/1077/1077 980/980/980 966/966/966
f 963/963/963 980/980/980 1077/1077/1077
f 963/963/963 967/967/967 980/980/980
f 965/965/965 967/967/967 963/963/963
f 1077/1077/1077 966/966/966 1065/1065/1065
f 1052/1052/1052 1067/1067/1067 1051/1051/1051
f 1068/1068/1068 1067/1067/1067 1052/1052/1052
f 1068/1068/1068 970/970/970 1067/1067/1067
f 950/950/950 970/970/970 1068/1068/1068
f 950/950/950 996/996/996 970/970/970
f 996/996/996 1057/1057/1057 970/970/970
f 996/996/996 1055/1055/1055 1057/1057/1057
f 1056/1056/1056 1055/1055/1055 996/996/996
f 1058/1058/1058 1068/1068/1068 1052/1052/1052
f 1070/1070/1070 1068/1068/1068 1058/1058/1058
f 1070/1070/1070 969/969/969 1068/1068/1068
f 952/952/952 969/969/969 1070/1070/1070
f 952/952/952 962/962/962 969/969/969
f 975/975/975 962/962/962 952/952/952
f 975/975/975 984/984/984 962/962/962
f 974/974/974 984/984/984 975/975/975
f 991/991/991 975/975/975 952/952/952
f 976/976/976 975/975/975 991/991/991
f 976/976/976 977/977/977 975/975/975
f 978/978/978 977/977/977 976/976/976
f 991/991/991 952/952/952 1071/1071/1071
f 1071/1071/1071 952/952/952 1073/1073/1073
f 1071/1071/1071 1073/1073/1073 1059/1059/1059
f 1059/1059/1059 1073/1073/1073 1061/1061/1061
f 994/994/994 996/996/996 950/950/950
f 994/994/994 995/995/995 996/996/996
f 984/984/984 995/995/995 994/994/994
f 1083/1083/1083 1082/1082/1082 1089/1089/1089
f 1083/1083/1083 961/961/961 1082/1082/1082
f 960/960/960 961/961/961 1083/1083/1083
f 960/960/960 949/949/949 961/961/961
f 955/955/955 949/949/949 960/960/960
f 955/955/955 956/956/956 949/949/949
f 992/992/992 958/958/958 959/959/959
f 992/992/992 993/993/993 958/958/958
f 957/957/957 993/993/993 992/992/992
f 957/957/957 1080/1080/1080 993/993/993
f 993/993/993 1080/1080/1080 1081/1081/1081
f 1081/1081/1081 1080/1080/1080 1088/1088/1088
f 983/983/983 1094/1094/1094 954/954/954
f 946/946/946 1094/1094/1094 983/983/983
f 946/946/946 1106/1106/1106 1094/1094/1094
f 1106/1106/1106 1104/1104/1104 1094/1094/1094
f 1094/1094/1094 1104/1104/1104 1092/1092/1092
f 1094/1094/1094 1092/1092/1092 947/947/947
f 947/947/947 1092/1092/1092 948/948/948
f 982/982/982 946/946/946 983/983/983
f 987/987/987 946/946/946 982/982/982
f 987/987/987 1095/1095/1095 946/946/946
f 1096/1096/1096 1095/1095/1095 987/987/987
f 1096/1096/1096 1110/1110/1110 1095/1095/1095
f 1111/1111/1111 1110/1110/1110 1096/1096/1096
f 1111/1111/1111 1113/1113/1113 1110/1110/1110
f 1114/1114/1114 1113/1113/1113 1111/1111/1111
f 1112/1112/1112 1114/1114/1114 1111/1111/1111
f 1115/1115/1115 1114/1114/1114 1112/1112/1112
f 1098/1098/1098 1111/1111/1111 1096/1096/1096
f 1112/1112/1112 1111/1111/1111 1098/1098/1098
f 1098/1098/1098 1096/1096/1096 945/945/945
f 945/945/945 1096/1096/1096 986/986/986
f 945/945/945 986/986/986 953/953/953
f 1084/1084/1084 945/945/945 953/953/953
f 1087/1087/1087 945/945/945 1084/1084/1084
f 1087/1087/1087 1101/1101/1101 945/945/945
f 1099/1099/1099 1101/1101/1101 1087/1087/1087
f 1099/1099/1099 1117/1117/1117 1101/1101/1101
f 953/953/953 986/986/986 982/982/982
f 1106/1106/1106 1127/1127/1127 1104/1104/1104
f 1128/1128/1128 1127/1127/1127 1106/1106/1106
f 1128/1128/1128 1130/1130/1130 1127/1127/1127
f 1133/1133/1133 1130/1130/1130 1128/1128/1128
f 1097/1097/1097 1128/1128/1128 1106/1106/1106
f 1109/1109/1109 1128/1128/1128 1097/1097/1097
f 1109/1109/1109 1107/1107/1107 1128/1128/1128
f 1108/1108/1108 1107/1107/1107 1109/1109/1109
f 1097/1097/1097 1106/1106/1106 946/946/946
f 1079/1079/1079 1086/1086/1086 1078/1078/1078
f 1085/1085/1085 1086/1086/1086 1079/1079/1079
f 1085/1085/1085 1099/1099/1099 1086/1086/1086
f 1100/1100/1100 1099/1099/1099 1085/1085/1085
f 1100/1100/1100 1118/1118/1118 1099/1099/1099
f 1118/1118/1118 1117/1117/1117 1099/1099/1099
f 1118/1118/1118 1115/1115/1115 1117/1117/1117
f 1116/1116/1116 1115/1115/1115 1118/1118/1118
f 971/971/971 1085/1085/1085 1079/1079/1079
f 1090/1090/1090 1085/1085/1085 971/971/971
f 1090/1090/1090 1102/1102/1102 1085/1085/1085
f 1105/1105/1105 1102/1102/1102 1090/1090/1090
f 1105/1105/1105 1120/1120/1120 1102/1102/1102
f 1123/1123/1123 1120/1120/1120 1105/1105/1105
f 1123/1123/1123 1122/1122/1122 1120/1120/1120
f 1125/1125/1125 1122/1122/1122 1123/1123/1123
f 1103/1103/1103 1123/1123/1123 1105/1105/1105
f 1124/1124/1124 1123/1123/1123 1103/1103/1103
f 1124/1124/1124 1126/1126/1126 1123/1123/1123
f 1129/1129/1129 1126/1126/1126 1124/1124/1124
f 1103/1103/1103 1105/1105/1105 1091/1091/1091
f 1091/1091/1091 1105/1105/1105 1093/1093/1093
f 1091/1091/1091 1093/1093/1093 990/990/990
f 990/990/990 1093/1093/1093 951/951/951
f 1121/1121/1121 1118/1118/1118 1100/1100/1100
f 1121/1121/1121 1119/1119/1119 1118/1118/1118
f 1122/1122/1122 1119/1119/1119 1121/1121/1121
f 1134/1134/1134 1132/1132/1132 1131/1131/1131
f 1134/1134/1134 1137/1137/1137 1132/1132/1132
f 1135/1135/1135 1137/1137/1137 1134/1134/1134
f 1135/1135/1135 1144/1144/1144 1137/1137/1137
f 1149/1149/1149 1144/1144/1144 1135/1135/1135
f 1149/1149/1149 1146/1146/1146 1144/1144/1144
f 1141/1141/1141 1138/1138/1138 1136/1136/1136
f 1141/1141/1141 1139/1139/1139 1138/1138/1138
f 1140/1140/1140 1139/1139/1139 1141/1141/1141
f 1140/1140/1140 1145/1145/1145 1139/1139/1139
f 1139/1139/1139 1145/1145/1145 1143/1143/1143
f 1143/1143/1143 1145/1145/1145 1142/1142/1142
f 1148/1148/1148 1180/1180/1180 1147/1147/1147
f 1159/1159/1159 1180/1180/1180 1148/1148/1148
f 1159/1159/1159 1184/1184/1184 1180/1180/1180
f 1184/1184/1184 1186/1186/1186 1180/1180/1180
f 1180/1180/1180 1186/1186/1186 1181/1181/1181
f 1180/1180/1180 1181/1181/1181 1161/1161/1161
f 1161/1161/1161 1181/1181/1181 1158/1158/1158
f 1150/1150/1150 1159/1159/1159 1148/1148/1148
f 1160/1160/1160 1159/1159/1159 1150/1150/1150
f 1160/1160/1160 1177/1177/1177 1159/1159/1159
f 1175/1175/1175 1177/1177/1177 1160/1160/1160
f 1175/1175/1175 1176/1176/1176 1177/1177/1177
f 1198/1198/1198 1176/1176/1176 1175/1175/1175
f 1198/1198/1198 1187/1187/1187 1176/1176/1176
f 1199/1199/1199 1187/1187/1187 1198/1198/1198
f 1188/1188/1188 1199/1199/1199 1198/1198/1198
f 1197/1197/1197 1199/1199/1199 1188/1188/1188
f 1174/1174/1174 1198/1198/1198 1175/1175/1175
f 1188/1188/1188 1198/1198/1198 1174/1174/1174
f 1174/1174/1174 1175/1175/1175 1165/1165/1165
f 1165/1165/1165 1175/1175/1175 1162/1162/1162
f 1165/1165/1165 1162/1162/1162 1153/1153/1153
f 1151/1151/1151 1165/1165/1165 1153/1153/1153
f 1163/1163/1163 1165/1165/1165 1151/1151/1151
f 1163/1163/1163 1173/1173/1173 1165/1165/1165
f 1172/1172/1172 1173/1173/1173 1163/1163/1163
f 1172/1172/1172 1206/1206/1206 1173/1173/1173
f 1153/1153/1153 1162/1162/1162 1150/1150/1150
f 1184/1184/1184 1207/1207/1207 1186/1186/1186
f 1202/1202/1202 1207/1207/1207 1184/1184/1184
f 1202/1202/1202 1200/1200/1200 1207/1207/1207
f 1220/1220/1220 1200/1200/1200 1202/1202/1202
f 1179/1179/1179 1202/1202/1202 1184/1184/1184
f 1189/1189/1189 1202/1202/1202 1179/1179/1179
f 1189/1189/1189 1190/1190/1190 1202/1202/1202
f 1178/1178/1178 1190/1190/1190 1189/1189/1189
f 1179/1179/1179 1184/1184/1184 1159/1159/1159
f 1154/1154/1154 1164/1164/1164 1152/1152/1152
f 1166/1166/1166 1164/1164/1164 1154/1154/1154
f 1166/1166/1166 1172/1172/1172 1164/1164/1164
f 1171/1171/1171 1172/1172/1172 1166/1166/1166
f 1171/1171/1171 1196/1196/1196 1172/1172/1172
f 1196/1196/1196 1206/1206/1206 1172/1172/1172
f 1196/1196/1196 1197/1197/1197 1206/1206/1206
f 1205/1205/1205 1197/1197/1197 1196/1196/1196
f 1157/1157/1157 1166/1166/1166 1154/1154/1154
f 1169/1169/1169 1166/1166/1166 1157/1157/1157
f 1169/1169/1169 1170/1170/1170 1166/1166/1166
f 1183/1183/1183 1170/1170/1170 1169/1169/1169
f 1183/1183/1183 1192/1192/1192 1170/1170/1170
f 1203/1203/1203 1192/1192/1192 1183/1183/1183
f 1203/1203/1203 1204/1204/1204 1192/1192/1192
f 1194/1194/1194 1204/1204/1204 1203/1203/1203
f 1182/1182/1182 1203/1203/1203 1183/1183/1183
f 1195/1195/1195 1203/1203/1203 1182/1182/1182
f 1195/1195/1195 1201/1201/1201 1203/1203/1203
f 1191/1191/1191 1201/1201/1201 1195/1195/1195
f 1182/1182/1182 1183/1183/1183 1168/1168/1168
f 1168/1168/1168 1183/1183/1183 1167/1167/1167
f 1168/1168/1168 1167/1167/1167 1156/1156/1156
f 1156/1156/1156 1167/1167/1167 1155/1155/1155
f 1185/1185/1185 1196/1196/1196 1171/1171/1171
f 1185/1185/1185 1193/1193/1193 1196/1196/1196
f 1204/1204/1204 1193/1193/1193 1185/1185/1185
f 1209/1209/1209 1212/1212/1212 1221/1221/1221
f 1244/1244/1244 1212/1212/1212 1209/1209/1209
f 1244/1244/1244 1236/1236/1236 1212/1212/1212
f 1244/1244/1244 1237/1237/1237 1236/1236/1236
f 1211/1211/1211 1244/1244/1244 1209/1209/1209
f 1227/1227/1227 1244/1244/1244 1211/1211/1211
f 1217/1217/1217 1227/1227/1227 1211/1211/1211
f 1216/1216/1216 1227/1227/1227 1217/1217/1217
f 1242/1242/1242 1227/1227/1227 1216/1216/1216
f 1228/1228/1228 1242/1242/1242 1216/1216/1216
f 1243/1243/1243 1242/1242/1242 1228/1228/1228
f 1243/1243/1243 1222/1222/1222 1242/1242/1242
f 1222/1222/1222 1223/1223/1223 1242/1242/1242
f 1219/1219/1219 1216/1216/1216 1217/1217/1217
f 1228/1228/1228 1216/1216/1216 1219/1219/1219
f 1210/1210/1210 1228/1228/1228 1219/1219/1219
f 1218/1218/1218 1228/1228/1228 1210/1210/1210
f 1218/1218/1218 1243/1243/1243 1228/1228/1228
f 1235/1235/1235 1243/1243/1243 1218/1218/1218
f 1235/1235/1235 1230/1230/1230 1243/1243/1243
f 1230/1230/1230 1222/1222/1222 1243/1243/1243
f 1208/1208/1208 1218/1218/1218 1210/1210/1210
f 1213/1213/1213 1218/1218/1218 1208/1208/1208
f 1213/1213/1213 1235/1235/1235 1218/1218/1218
f 1215/1215/1215 1235/1235/1235 1213/1213/1213
f 1226/1226/1226 1232/1232/1232 1214/1214/1214
f 1214/1214/1214 1232/1232/1232 1235/1235/1235
f 1232/1232/1232 1230/1230/1230 1235/1235/1235
f 1233/1233/1233 1230/1230/1230 1232/1232/1232
f 1239/1239/1239 1230/1230/1230 1233/1233/1233
f 1231/1231/1231 1230/1230/1230 1239/1239/1239
f 1229/1229/1229 1230/1230/1230 1231/1231/1231
f 1245/1245/1245 1229/1229/1229 1231/1231/1231
f 1240/1240/1240 1229/1229/1229 1245/1245/1245
f 1232/1232/1232 1241/1241/1241 1233/1233/1233
f 1233/1233/1233 1241/1241/1241 1224/1224/1224
f 1238/1238/1238 1240/1240/1240 1245/1245/1245
f 1257/1257/1257 1240/1240/1240 1238/1238/1238
f 1225/1225/1225 1257/1257/1257 1238/1238/1238
f 1234/1234/1234 1257/1257/1257 1225/1225/1225
f 1252/1252/1252 1250/1250/1250 1258/1258/1258
f 1299/1299/1299 1250/1250/1250 1252/1252/1252
f 1299/1299/1299 1251/1251/1251 1250/1250/1250
f 1256/1256/1256 1251/1251/1251 1299/1299/1299
f 1256/1256/1256 1285/1285/1285 1251/1251/1251
f 1274/1274/1274 1285/1285/1285 1256/1256/1256
f 1274/1274/1274 1286/1286/1286 1285/1285/1285
f 1299/1299/1299 1252/1252/1252 1287/1287/1287
f 1299/1299/1299 1287/1287/1287 1275/1275/1275
f 1289/1289/1289 1274/1274/1274 1256/1256/1256
f 1289/1289/1289 1253/1253/1253 1274/1274/1274
f 1253/1253/1253 1286/1286/1286 1274/1274/1274
f 1253/1253/1253 1297/1297/1297 1286/1286/1286
f 1255/1255/1255 1297/1297/1297 1253/1253/1253
f 1255/1255/1255 1298/1298/1298 1297/1297/1297
f 1273/1273/1273 1298/1298/1298 1255/1255/1255
f 1276/1276/1276 1273/1273/1273 1255/1255/1255
f 1254/1254/1254 1273/1273/1273 1276/1276/1276
f 1288/1288/1288 1253/1253/1253 1289/1289/1289
f 1288/1288/1288 1255/1255/1255 1253/1253/1253
f 1276/1276/1276 1255/1255/1255 1288/1288/1288
f 1249/1249/1249 1276/1276/1276 1288/1288/1288
f 1247/1247/1247 1276/1276/1276 1249/1249/1249
f 1247/1247/1247 1260/1260/1260 1276/1276/1276
f 1259/1259/1259 1260/1260/1260 1247/1247/1247
f 1300/1300/1300 1288/1288/1288 1289/1289/1289
f 1249/1249/1249 1288/1288/1288 1300/1300/1300
f 1300/1300/1300 1289/1289/1289 1301/1301/1301
f 1269/1269/1269 1268/1268/1268 1303/1303/1303
f 1303/1303/1303 1268/1268/1268 1302/1302/1302
f 1303/1303/1303 1302/1302/1302 1290/1290/1290
f 1290/1290/1290 1302/1302/1302 1278/1278/1278
f 1290/1290/1290 1278/1278/1278 1277/1277/1277
f 1277/1277/1277 1278/1278/1278 1262/1262/1262
f 1277/1277/1277 1262/1262/1262 1249/1249/1249
f 1249/1249/1249 1262/1262/1262 1248/1248/1248
f 1249/1249/1249 1248/1248/1248 1247/1247/1247
f 1247/1247/1247 1248/1248/1248 1246/1246/1246
f 1247/1247/1247 1246/1246/1246 1282/1282/1282
f 1282/1282/1282 1246/1246/1246 1270/1270/1270
f 1291/1291/1291 1279/1279/1279 1292/1292/1292
f 1261/1261/1261 1279/1279/1279 1291/1291/1291
f 1263/1263/1263 1266/1266/1266 1264/1264/1264
f 1265/1265/1265 1266/1266/1266 1263/1263/1263
f 1280/1280/1280 1281/1281/1281 1267/1267/1267
f 1293/1293/1293 1281/1281/1281 1280/1280/1280
f 1296/1296/1296 1295/1295/1295 1304/1304/1304
f 1284/1284/1284 1295/1295/1295 1296/1296/1296
f 1271/1271/1271 1294/1294/1294 1272/1272/1272
f 1306/1306/1306 1294/1294/1294 1271/1271/1271
f 1305/1305/1305 1312/1312/1312 1283/1283/1283
f 1310/1310/1310 1312/1312/1312 1305/1305/1305
f 1313/1313/1313 1314/1314/1314 1311/1311/1311
f 1317/1317/1317 1314/1314/1314 1313/1313/1313
f 1315/1315/1315 1308/1308/1308 1316/1316/1316
f 1307/1307/1307 1308/1308/1308 1315/1315/1315
f 1318/1318/1318 1319/1319/1319 1309/1309/1309
f 1322/1322/1322 1319/1319/1319 1318/1318/1318
f 1320/1320/1320 1334/1334/1334 1321/1321/1321
f 1335/1335/1335 1334/1334/1334 1320/1320/1320
f 1374/1374/1374 1363/1363/1363 1375/1375/1375
f 1362/1362/1362 1363/1363/1363 1374/1374/1374
f 1328/1328/1328 1329/1329/1329 1327/1327/1327
f 1350/1350/1350 1329/1329/1329 1328/1328/1328
f 1332/1332/1332 1330/1330/1330 1331/1331/1331
f 1333/1333/1333 1330/1330/1330 1332/1332/1332
f 1352/1352/1352 1364/1364/1364 1351/1351/1351
f 1376/1376/1376 1364/1364/1364 1352/1352/1352
f 1336/1336/1336 1353/1353/1353 1337/1337/1337
f 1365/1365/1365 1353/1353/1353 1336/1336/1336
f 1366/1366/1366 1377/1377/1377 1378/1378/1378
f 1345/1345/1345 1377/1377/1377 1366/1366/1366
f 1347/1347/1347 1359/1359/1359 1346/1346/1346
f 1323/1323/1323 1359/1359/1359 1347/1347/1347
f 1325/1325/1325 1326/1326/1326 1324/1324/1324
f 1339/1339/1339 1326/1326/1326 1325/1325/1325
f 1355/1355/1355 1367/1367/1367 1354/1354/1354
f 1379/1379/1379 1367/1367/1367 1355/1355/1355
f 1369/1369/1369 1368/1368/1368 1380/1380/1380
f 1356/1356/1356 1368/1368/1368 1369/1369/1369
f 1342/1342/1342 1343/1343/1343 1340/1340/1340
f 1343/1343/1343 1511/1511/1511 1340/1340/1340
f 1469/1469/1469 1511/1511/1511 1343/1343/1343
f 1469/1469/1469 1470/1470/1470 1511/1511/1511
f 1511/1511/1511 1470/1470/1470 1509/1509/1509
f 1511/1511/1511 1509/1509/1509 1508/1508/1508
f 1508/1508/1508 1509/1509/1509 1510/1510/1510
f 1508/1508/1508 1510/1510/1510 1467/1467/1467
f 1510/1510/1510 1504/1504/1504 1467/1467/1467
f 1467/1467/1467 1504/1504/1504 1483/1483/1483
f 1373/1373/1373 1470/1470/1470 1469/1469/1469
f 1372/1372/1372 1470/1470/1470 1373/1373/1373
f 1373/1373/1373 1344/1344/1344 1372/1372/1372
f 1344/1344/1344 1503/1503/1503 1372/1372/1372
f 1472/1472/1472 1503/1503/1503 1344/1344/1344
f 1472/1472/1472 1463/1463/1463 1503/1503/1503
f 1503/1503/1503 1463/1463/1463 1501/1501/1501
f 1503/1503/1503 1501/1501/1501 1500/1500/1500
f 1500/1500/1500 1501/1501/1501 1502/1502/1502
f 1500/1500/1500 1502/1502/1502 1507/1507/1507
f 1509/1509/1509 1500/1500/1500 1507/1507/1507
f 1470/1470/1470 1500/1500/1500 1509/1509/1509
f 1370/1370/1370 1463/1463/1463 1472/1472/1472
f 1381/1381/1381 1463/1463/1463 1370/1370/1370
f 1370/1370/1370 1341/1341/1341 1381/1381/1381
f 1341/1341/1341 1499/1499/1499 1381/1381/1381
f 1466/1466/1466 1499/1499/1499 1341/1341/1341
f 1466/1466/1466 1464/1464/1464 1499/1499/1499
f 1499/1499/1499 1464/1464/1464 1495/1495/1495
f 1499/1499/1499 1495/1495/1495 1497/1497/1497
f 1497/1497/1497 1495/1495/1495 1498/1498/1498
f 1497/1497/1497 1498/1498/1498 1496/1496/1496
f 1501/1501/1501 1497/1497/1497 1496/1496/1496
f 1463/1463/1463 1497/1497/1497 1501/1501/1501
f 1357/1357/1357 1464/1464/1464 1466/1466/1466
f 1358/1358/1358 1464/1464/1464 1357/1357/1357
f 1357/1357/1357 1338/1338/1338 1358/1358/1358
f 1338/1338/1338 1473/1473/1473 1358/1358/1358
f 1448/1448/1448 1473/1473/1473 1338/1338/1338
f 1476/1476/1476 1473/1473/1473 1448/1448/1448
f 1476/1476/1476 1475/1475/1475 1473/1473/1473
f 1474/1474/1474 1475/1475/1475 1476/1476/1476
f 1474/1474/1474 1477/1477/1477 1475/1475/1475
f 1495/1495/1495 1475/1475/1475 1477/1477/1477
f 1464/1464/1464 1475/1475/1475 1495/1495/1495
f 1480/1480/1480 1477/1477/1477 1474/1474/1474
f 1480/1480/1480 1479/1479/1479 1477/1477/1477
f 1481/1481/1481 1479/1479/1479 1480/1480/1480
f 1481/1481/1481 1461/1461/1461 1479/1479/1479
f 1494/1494/1494 1479/1479/1479 1461/1461/1461
f 1498/1498/1498 1479/1479/1479 1494/1494/1494
f 1496/1496/1496 1498/1498/1498 1494/1494/1494
f 1437/1437/1437 1480/1480/1480 1474/1474/1474
f 1459/1459/1459 1480/1480/1480 1437/1437/1437
f 1460/1460/1460 1459/1459/1459 1437/1437/1437
f 1398/1398/1398 1459/1459/1459 1460/1460/1460
f 1397/1397/1397 1459/1459/1459 1398/1398/1398
f 1398/1398/1398 1399/1399/1399 1397/1397/1397
f 1399/1399/1399 1481/1481/1481 1397/1397/1397
f 1462/1462/1462 1481/1481/1481 1399/1399/1399
f 1462/1462/1462 1461/1461/1461 1481/1481/1481
f 1411/1411/1411 1461/1461/1461 1462/1462/1462
f 1471/1471/1471 1461/1461/1461 1411/1411/1411
f 1411/1411/1411 1468/1468/1468 1471/1471/1471
f 1471/1471/1471 1468/1468/1468 1491/1491/1491
f 1491/1491/1491 1468/1468/1468 1492/1492/1492
f 1487/1487/1487 1491/1491/1491 1492/1492/1492
f 1493/1493/1493 1491/1491/1491 1487/1487/1487
f 1493/1493/1493 1494/1494/1494 1491/1491/1491
f 1496/1496/1496 1494/1494/1494 1493/1493/1493
f 1492/1492/1492 1489/1489/1489 1487/1487/1487
f 1487/1487/1487 1489/1489/1489 1486/1486/1486
f 1486/1486/1486 1489/1489/1489 1465/1465/1465
f 1486/1486/1486 1465/1465/1465 1506/1506/1506
f 1506/1506/1506 1465/1465/1465 1488/1488/1488
f 1483/1483/1483 1506/1506/1506 1488/1488/1488
f 1504/1504/1504 1506/1506/1506 1483/1483/1483
f 1504/1504/1504 1505/1505/1505 1506/1506/1506
f 1507/1507/1507 1505/1505/1505 1504/1504/1504
f 1507/1507/1507 1502/1502/1502 1505/1505/1505
f 1502/1502/1502 1493/1493/1493 1505/1505/1505
f 1505/1505/1505 1493/1493/1493 1487/1487/1487
f 1488/1488/1488 1485/1485/1485 1483/1483/1483
f 1483/1483/1483 1485/1485/1485 1482/1482/1482
f 1482/1482/1482 1485/1485/1485 1484/1484/1484
f 1349/1349/1349 1348/1348/1348 1361/1361/1361
f 1371/1371/1371 1348/1348/1348 1349/1349/1349
f 1360/1360/1360 1382/1382/1382 1383/1383/1383
f 1389/1389/1389 1382/1382/1382 1360/1360/1360
f 1388/1388/1388 1390/1390/1390 1387/1387/1387
f 1391/1391/1391 1390/1390/1390 1388/1388/1388
f 1393/1393/1393 1392/1392/1392 1394/1394/1394
f 1385/1385/1385 1392/1392/1392 1393/1393/1393
f 1386/1386/1386 1395/1395/1395 1384/1384/1384
f 1396/1396/1396 1395/1395/1395 1386/1386/1386
f 1452/1452/1452 1451/1451/1451 1412/1412/1412
f 1440/1440/1440 1451/1451/1451 1452/1452/1452
f 1404/1404/1404 1405/1405/1405 1439/1439/1439
f 1406/1406/1406 1405/1405/1405 1404/1404/1404
f 1408/1408/1408 1409/1409/1409 1427/1427/1427
f 1407/1407/1407 1409/1409/1409 1408/1408/1408
f 1428/1428/1428 1429/1429/1429 1410/1410/1410
f 1441/1441/1441 1429/1429/1429 1428/1428/1428
f 1414/1414/1414 1413/1413/1413 1453/1453/1453
f 1430/1430/1430 1413/1413/1413 1414/1414/1414
f 1455/1455/1455 1443/1443/1443 1442/1442/1442
f 1454/1454/1454 1443/1443/1443 1455/1455/1455
f 1423/1423/1423 1424/1424/1424 1422/1422/1422
f 1436/1436/1436 1424/1424/1424 1423/1423/1423
f 1401/1401/1401 1402/1402/1402 1400/1400/1400
f 1403/1403/1403 1402/1402/1402 1401/1401/1401
f 1431/1431/1431 1432/1432/1432 1416/1416/1416
f 1444/1444/1444 1432/1432/1432 1431/1431/1431
f 1457/1457/1457 1446/1446/1446 1456/1456/1456
f 1445/1445/1445 1446/1446/1446 1457/1457/1457
f 1415/1415/1415 1418/1418/1418 1433/1433/1433
f 1417/1417/1417 1418/1418/1418 1415/1415/1415
f 1419/1419/1419 1421/1421/1421 1420/1420/1420
f 1434/1434/1434 1421/1421/1421 1419/1419/1419
f 1447/1447/1447 1458/1458/1458 1435/1435/1435
f 1450/1450/1450 1458/1458/1458 1447/1447/1447
f 1438/1438/1438 1426/1426/1426 1449/1449/1449
f 1425/1425/1425 1426/1426/1426 1438/1438/1438
f 1512/1512/1512 1513/1513/1513 1514/1514/1514
f 1515/1515/1515 1513/1513/1513 1512/1512/1512
f 1516/1516/1516 1517/1517/1517 1518/1518/1518
f 1519/1519/1519 1517/1517/1517 1516/1516/1516
f 1520/1520/1520 1521/1521/1521 1522/1522/1522
f 1523/1523/1523 1521/1521/1521 1520/1520/1520
f 1524/1524/1524 1525/1525/1525 1526/1526/1526
f 1527/1527/1527 1525/1525/1525 1524/1524/1524
f 1528/1528/1528 1529/1529/1529 1530/1530/1530
f 1531/1531/1531 1529/1529/1529 1528/1528/1528
f 1532/1532/1532 1533/1533/1533 1534/1534/1534
f 1535/1535/1535 1533/1533/1533 1532/1532/1532
f 1536/1536/1536 1537/1537/1537 1538/1538/1538
f 1539/1539/1539 1537/1537/1537 1536/1536/1536
f 1540/1540/1540 1541/1541/1541 1542/1542/1542
f 1543/1543/1543 1541/1541/1541 1540/1540/1540
f 1544/1544/1544 1545/1545/1545 1546/1546/1546
f 1547/1547/1547 1545/1545/1545 1544/1544/1544
f 1548/1548/1548 1549/1549/1549 1550/1550/1550
f 1551/1551/1551 1549/1549/1549 1548/1548/1548
f 1552/1552/1552 1553/1553/1553 1554/1554/1554
f 1555/1555/1555 1553/1553/1553 1552/1552/1552
f 1558/1558/1558 1560/1560/1560 1556/1556/1556
f 1557/1557/1557 1560/1560/1560 1558/1558/1558
f 1564/1564/1564 1562/1562/1562 1559/1559/1559
f 1561/1561/1561 1562/1562/1562 1564/1564/1564
f 1563/1563/1563 1565/1565/1565 1566/1566/1566
f 1567/1567/1567 1565/1565/1565 1563/1563/1563
f 1568/1568/1568 1569/1569/1569 1570/1570/1570
f 1571/1571/1571 1569/1569/1569 1568/1568/1568
f 1572/1572/1572 1490/1490/1490 1573/1573/1573
f 1574/1574/1574 1490/1490/1490 1572/1572/1572
f 1575/1575/1575 1576/1576/1576 1577/1577/1577
f 1578/1578/1578 1576/1576/1576 1575/1575/1575
f 1579/1579/1579 1478/1478/1478 1580/1580/1580
f 1581/1581/1581 1478/1478/1478 1579/1579/1579
f 1582/1582/1582 1583/1583/1583 1584/1584/1584
f 1585/1585/1585 1583/1583/1583 1582/1582/1582
f 1586/1586/1586 1587/1587/1587 1588/1588/1588
f 1589/1589/1589 1587/1587/1587 1586/1586/1586
f 1590/1590/1590 1609/1609/1609 1591/1591/1591
f 1608/1608/1608 1609/1609/1609 1590/1590/1590
f 1592/1592/1592 1594/1594/1594 1607/1607/1607
f 1593/1593/1593 1594/1594/1594 1592/1592/1592
f 1611/1611/1611 1610/1610/1610 1612/1612/1612
f 1595/1595/1595 1610/1610/1610 1611/1611/1611
f 1596/1596/1596 1615/1615/1615 1597/1597/1597
f 1614/1614/1614 1615/1615/1615 1596/1596/1596
f 1598/1598/1598 1600/1600/1600 1613/1613/1613
f 1599/1599/1599 1600/1600/1600 1598/1598/1598
f 1617/1617/1617 1616/1616/1616 1618/1618/1618
f 1601/1601/1601 1616/1616/1616 1617/1617/1617
f 1602/1602/1602 1621/1621/1621 1603/1603/1603
f 1620/1620/1620 1621/1621/1621 1602/1602/1602
f 1604/1604/1604 1606/1606/1606 1619/1619/1619
f 1605/1605/1605 1606/1606/1606 1604/1604/1604
f 1623/1623/1623 1622/1622/1622 1624/1624/1624
f 1656/1656/1656 1622/1622/1622 1623/1623/1623
f 1633/1633/1633 1654/1654/1654 1631/1631/1631
f 1658/1658/1658 1654/1654/1654 1633/1633/1633
f 1632/1632/1632 1634/1634/1634 1660/1660/1660
f 1635/1635/1635 1634/1634/1634 1632/1632/1632
f 1655/1655/1655 1657/1657/1657 1636/1636/1636
f 1637/1637/1637 1657/1657/1657 1655/1655/1655
f 1639/1639/1639 1640/1640/1640 1638/1638/1638
f 1641/1641/1641 1640/1640/1640 1639/1639/1639
f 1643/1643/1643 1662/1662/1662 1642/1642/1642
f 1645/1645/1645 1662/1662/1662 1643/1643/1643
f 1659/1659/1659 1647/1647/1647 1644/1644/1644
f 1646/1646/1646 1647/1647/1647 1659/1659/1659
f 1629/1629/1629 1626/1626/1626 1630/1630/1630
f 1625/1625/1625 1626/1626/1626 1629/1629/1629
f 1648/1648/1648 1653/1653/1653 1649/1649/1649
f 1652/1652/1652 1653/1653/1653 1648/1648/1648
f 1627/1627/1627 1650/1650/1650 1628/1628/1628
f 1663/1663/1663 1650/1650/1650 1627/1627/1627
f 1661/1661/1661 1664/1664/1664 1651/1651/1651
f 1667/1667/1667 1664/1664/1664 1661/1661/1661
f 1668/1668/1668 1671/1671/1671 1666/1666/1666
f 1669/1669/1669 1671/1671/1671 1668/1668/1668
f 1672/1672/1672 1675/1675/1675 1670/1670/1670
f 1673/1673/1673 1675/1675/1675 1672/1672/1672
f 1676/1676/1676 1679/1679/1679 1674/1674/1674
f 1697/1697/1697 1679/1679/1679 1676/1676/1676
f 1680/1680/1680 1681/1681/1681 1678/1678/1678
f 1683/1683/1683 1681/1681/1681 1680/1680/1680
f 1686/1686/1686 1689/1689/1689 1682/1682/1682
f 1687/1687/1687 1689/1689/1689 1686/1686/1686
f 1690/1690/1690 1693/1693/1693 1688/1688/1688
f 1691/1691/1691 1693/1693/1693 1690/1690/1690
f 1696/1696/1696 1701/1701/1701 1695/1695/1695
f 1700/1700/1700 1701/1701/1701 1696/1696/1696
f 1700/1700/1700 1699/1699/1699 1701/1701/1701
f 1701/1701/1701 1699/1699/1699 1698/1698/1698
f 1705/1705/1705 1703/1703/1703 1702/1702/1702
f 1704/1704/1704 1703/1703/1703 1705/1705/1705
f 1709/1709/1709 1707/1707/1707 1706/1706/1706
f 1708/1708/1708 1707/1707/1707 1709/1709/1709
f 1713/1713/1713 1711/1711/1711 1710/1710/1710
f 1712/1712/1712 1711/1711/1711 1713/1713/1713
f 1717/1717/1717 1715/1715/1715 1714/1714/1714
f 1716/1716/1716 1715/1715/1715 1717/1717/1717
f 1721/1721/1721 1719/1719/1719 1718/1718/1718
f 1720/1720/1720 1719/1719/1719 1721/1721/1721
f 1725/1725/1725 1723/1723/1723 1722/1722/1722
f 1724/1724/1724 1723/1723/1723 1725/1725/1725
f 1728/1728/1728 1730/1730/1730 1727/1727/1727
f 1733/1733/1733 1730/1730/1730 1728/1728/1728
f 1732/1732/1732 1734/1734/1734 1731/1731/1731
f 1736/1736/1736 1734/1734/1734 1732/1732/1732
f 1741/1741/1741 1739/1739/1739 1738/1738/1738
f 1740/1740/1740 1739/1739/1739 1741/1741/1741
f 1743/1743/1743 1745/1745/1745 1742/1742/1742
f 1747/1747/1747 1745/1745/1745 1743/1743/1743
f 1746/1746/1746 1749/1749/1749 1744/1744/1744
f 1753/1753/1753 1749/1749/1749 1746/1746/1746
f 1753/1753/1753 1748/1748/1748 1749/1749/1749
f 1749/1749/1749 1748/1748/1748 1751/1751/1751
f 1752/1752/1752 1754/1754/1754 1750/1750/1750
f 1757/1757/1757 1754/1754/1754 1752/1752/1752
f 1756/1756/1756 1758/1758/1758 1755/1755/1755
f 1760/1760/1760 1758/1758/1758 1756/1756/1756
f 1677/1677/1677 1761/1761/1761 1759/1759/1759
f 1764/1764/1764 1761/1761/1761 1677/1677/1677
f 1763/1763/1763 1765/1765/1765 1762/1762/1762
f 1767/1767/1767 1765/1765/1765 1763/1763/1763
f 1665/1665/1665 1768/1768/1768 1766/1766/1766
f 1771/1771/1771 1768/1768/1768 1665/1665/1665
f 1770/1770/1770 1772/1772/1772 1769/1769/1769
f 1775/1775/1775 1772/1772/1772 1770/1770/1770
f 1778/1778/1778 1777/1777/1777 1776/1776/1776
f 1796/1796/1796 1777/1777/1777 1778/1778/1778
f 1794/1794/1794 1779/1779/1779 1795/1795/1795
f 1799/1799/1799 1779/1779/1779 1794/1794/1794
f 1797/1797/1797 1782/1782/1782 1798/1798/1798
f 1784/1784/1784 1782/1782/1782 1797/1797/1797
f 1802/1802/1802 1801/1801/1801 1783/1783/1783
f 1800/1800/1800 1801/1801/1801 1802/1802/1802
f 1787/1787/1787 1805/1805/1805 1785/1785/1785
f 1803/1803/1803 1805/1805/1805 1787/1787/1787
f 1803/1803/1803 1804/1804/1804 1805/1805/1805
f 1805/1805/1805 1804/1804/1804 1786/1786/1786
f 1790/1790/1790 1789/1789/1789 1788/1788/1788
f 1808/1808/1808 1789/1789/1789 1790/1790/1790
f 1806/1806/1806 1791/1791/1791 1807/1807/1807
f 1793/1793/1793 1791/1791/1791 1806/1806/1806
f 1811/1811/1811 1810/1810/1810 1792/1792/1792
f 1809/1809/1809 1810/1810/1810 1811/1811/1811
f 1818/1818/1818 1820/1820/1820 1843/1843/1843
f 1841/1841/1841 1820/1820/1820 1818/1818/1818
f 1847/1847/1847 1819/1819/1819 1845/1845/1845
f 1821/1821/1821 1819/1819/1819 1847/1847/1847
f 1823/1823/1823 1842/1842/1842 1822/1822/1822
f 1844/1844/1844 1842/1842/1842 1823/1823/1823
f 1827/1827/1827 1828/1828/1828 1826/1826/1826
f 1829/1829/1829 1828/1828/1828 1827/1827/1827
f 1849/1849/1849 1832/1832/1832 1830/1830/1830
f 1834/1834/1834 1832/1832/1832 1849/1849/1849
f 1817/1817/1817 1816/1816/1816 1833/1833/1833
f 1813/1813/1813 1816/1816/1816 1817/1817/1817
f 1836/1836/1836 1835/1835/1835 1812/1812/1812
f 1840/1840/1840 1835/1835/1835 1836/1836/1836
f 1815/1815/1815 1837/1837/1837 1839/1839/1839
f 1838/1838/1838 1837/1837/1837 1815/1815/1815
f 1838/1838/1838 1850/1850/1850 1837/1837/1837
f 1837/1837/1837 1850/1850/1850 1814/1814/1814
f 1851/1851/1851 1854/1854/1854 1848/1848/1848
f 1853/1853/1853 1854/1854/1854 1851/1851/1851
f 1858/1858/1858 1856/1856/1856 1855/1855/1855
f 1857/1857/1857 1856/1856/1856 1858/1858/1858
f 1862/1862/1862 1860/1860/1860 1859/1859/1859
f 1861/1861/1861 1860/1860/1860 1862/1862/1862
f 1866/1866/1866 1865/1865/1865 1863/1863/1863
f 1867/1867/1867 1865/1865/1865 1866/1866/1866
f 1870/1870/1870 1872/1872/1872 1868/1868/1868
f 1871/1871/1871 1872/1872/1872 1870/1870/1870
f 1873/1873/1873 1876/1876/1876 1869/1869/1869
f 1874/1874/1874 1876/1876/1876 1873/1873/1873
f 1878/1878/1878 1879/1879/1879 1880/1880/1880
f 1881/1881/1881 1879/1879/1879 1878/1878/1878
f 1882/1882/1882 1883/1883/1883 1884/1884/1884
f 1886/1886/1886 1883/1883/1883 1882/1882/1882
f 1889/1889/1889 1892/1892/1892 1887/1887/1887
f 1890/1890/1890 1892/1892/1892 1889/1889/1889
f 1893/1893/1893 1896/1896/1896 1891/1891/1891
f 1894/1894/1894 1896/1896/1896 1893/1893/1893
f 1897/1897/1897 1898/1898/1898 1895/1895/1895
f 1901/1901/1901 1898/1898/1898 1897/1897/1897
f 1901/1901/1901 1899/1899/1899 1898/1898/1898
f 1898/1898/1898 1899/1899/1899 1900/1900/1900
f 1902/1902/1902 1903/1903/1903 1904/1904/1904
f 1905/1905/1905 1903/1903/1903 1902/1902/1902
f 1906/1906/1906 1907/1907/1907 1908/1908/1908
f 1909/1909/1909 1907/1907/1907 1906/1906/1906
f 1910/1910/1910 1911/1911/1911 1912/1912/1912
f 1913/1913/1913 1911/1911/1911 1910/1910/1910
f 1914/1914/1914 1915/1915/1915 1916/1916/1916
f 1917/1917/1917 1915/1915/1915 1914/1914/1914
f 1918/1918/1918 1919/1919/1919 1920/1920/1920
f 1921/1921/1921 1919/1919/1919 1918/1918/1918
f 1922/1922/1922 1923/1923/1923 1924/1924/1924
f 1925/1925/1925 1923/1923/1923 1922/1922/1922
f 1926/1926/1926 1927/1927/1927 1928/1928/1928
f 1945/1945/1945 1927/1927/1927 1926/1926/1926
f 1930/1930/1930 1932/1932/1932 1929/1929/1929
f 1934/1934/1934 1932/1932/1932 1930/1930/1930
f 1936/1936/1936 1935/1935/1935 1938/1938/1938
f 1940/1940/1940 1935/1935/1935 1936/1936/1936
f 1939/1939/1939 1941/1941/1941 1937/1937/1937
f 1944/1944/1944 1941/1941/1941 1939/1939/1939
f 1946/1946/1946 1948/1948/1948 1947/1947/1947
f 1949/1949/1949 1948/1948/1948 1946/1946/1946
f 1949/1949/1949 1951/1951/1951 1948/1948/1948
f 1948/1948/1948 1951/1951/1951 1864/1864/1864
f 1954/1954/1954 1952/1952/1952 1950/1950/1950
f 1950/1950/1950 1952/1952/1952 2144/2144/2144
f 2144/2144/2144 1952/1952/1952 2143/2143/2143
f 2144/2144/2144 2143/2143/2143 2145/2145/2145
f 1852/1852/1852 1955/1955/1955 1953/1953/1953
f 1958/1958/1958 1955/1955/1955 1852/1852/1852
f 1957/1957/1957 1959/1959/1959 1956/1956/1956
f 1962/1962/1962 1959/1959/1959 1957/1957/1957
f 1971/1971/1971 1969/1969/1969 1960/1960/1960
f 1971/1971/1971 2011/2011/2011 1969/1969/1969
f 2031/2031/2031 2011/2011/2011 1971/1971/1971
f 2012/2012/2012 2011/2011/2011 2031/2031/2031
f 1963/1963/1963 1965/1965/1965 1961/1961/1961
f 1964/1964/1964 1965/1965/1965 1963/1963/1963
f 1982/1982/1982 1981/1981/1981 1983/1983/1983
f 1966/1966/1966 1981/1981/1981 1982/1982/1982
f 1967/1967/1967 1986/1986/1986 1968/1968/1968
f 1985/1985/1985 1986/1986/1986 1967/1967/1967
f 1970/1970/1970 1989/1989/1989 1984/1984/1984
f 2006/2006/2006 1989/1989/1989 1970/1970/1970
f 2032/2032/2032 1989/1989/1989 2006/2006/2006
f 2006/2006/2006 2034/2034/2034 2032/2032/2032
f 1987/1987/1987 1972/1972/1972 1988/1988/1988
f 1974/1974/1974 1972/1972/1972 1987/1987/1987
f 1992/1992/1992 1991/1991/1991 1973/1973/1973
f 1990/1990/1990 1991/1991/1991 1992/1992/1992
f 1977/1977/1977 1976/1976/1976 1975/1975/1975
f 1995/1995/1995 1976/1976/1976 1977/1977/1977
f 1993/1993/1993 1978/1978/1978 1994/1994/1994
f 1980/1980/1980 1978/1978/1978 1993/1993/1993
f 1998/1998/1998 1997/1997/1997 1979/1979/1979
f 1996/1996/1996 1997/1997/1997 1998/1998/1998
f 2005/2005/2005 2007/2007/2007 2030/2030/2030
f 2028/2028/2028 2007/2007/2007 2005/2005/2005
f 2009/2009/2009 2010/2010/2010 2008/2008/2008
f 2029/2029/2029 2010/2010/2010 2009/2009/2009
f 2014/2014/2014 2015/2015/2015 2013/2013/2013
f 2016/2016/2016 2015/2015/2015 2014/2014/2014
f 2036/2036/2036 2019/2019/2019 2017/2017/2017
f 2018/2018/2018 2019/2019/2019 2036/2036/2036
f 2021/2021/2021 2020/2020/2020 2033/2033/2033
f 2004/2004/2004 2020/2020/2020 2021/2021/2021
f 2023/2023/2023 2058/2058/2058 1999/1999/1999
f 2003/2003/2003 2058/2058/2058 2023/2023/2023
f 2003/2003/2003 2000/2000/2000 2058/2058/2058
f 2058/2058/2058 2000/2000/2000 2027/2027/2027
f 2058/2058/2058 2027/2027/2027 2022/2022/2022
f 2058/2058/2058 2022/2022/2022 2057/2057/2057
f 2058/2058/2058 2057/2057/2057 2060/2060/2060
f 2060/2060/2060 2056/2056/2056 2058/2058/2058
f 2058/2058/2058 2056/2056/2056 2059/2059/2059
f 2002/2002/2002 2026/2026/2026 2041/2041/2041
f 2041/2041/2041 2026/2026/2026 2042/2042/2042
f 2042/2042/2042 2040/2040/2040 2041/2041/2041
f 2035/2035/2035 2040/2040/2040 2042/2042/2042
f 2038/2038/2038 2035/2035/2035 2042/2042/2042
f 2024/2024/2024 2037/2037/2037 2001/2001/2001
f 2025/2025/2025 2037/2037/2037 2024/2024/2024
f 2043/2043/2043 2044/2044/2044 2045/2045/2045
f 2046/2046/2046 2044/2044/2044 2043/2043/2043
f 2047/2047/2047 2048/2048/2048 2049/2049/2049
f 2050/2050/2050 2048/2048/2048 2047/2047/2047
f 2052/2052/2052 2054/2054/2054 2053/2053/2053
f 2055/2055/2055 2054/2054/2054 2052/2052/2052
f 2061/2061/2061 2062/2062/2062 2063/2063/2063
f 2064/2064/2064 2062/2062/2062 2061/2061/2061
f 2065/2065/2065 2066/2066/2066 2067/2067/2067
f 2068/2068/2068 2066/2066/2066 2065/2065/2065
f 2069/2069/2069 2070/2070/2070 2071/2071/2071
f 2072/2072/2072 2070/2070/2070 2069/2069/2069
f 2073/2073/2073 2074/2074/2074 2075/2075/2075
f 2076/2076/2076 2074/2074/2074 2073/2073/2073
f 2077/2077/2077 2078/2078/2078 2079/2079/2079
f 2080/2080/2080 2078/2078/2078 2077/2077/2077
f 2081/2081/2081 2082/2082/2082 2083/2083/2083
f 2084/2084/2084 2082/2082/2082 2081/2081/2081
f 2085/2085/2085 2086/2086/2086 2087/2087/2087
f 2088/2088/2088 2086/2086/2086 2085/2085/2085
f 2089/2089/2089 2090/2090/2090 2091/2091/2091
f 2092/2092/2092 2090/2090/2090 2089/2089/2089
f 2093/2093/2093 2094/2094/2094 2095/2095/2095
f 2096/2096/2096 2094/2094/2094 2093/2093/2093
f 2097/2097/2097 2098/2098/2098 2099/2099/2099
f 2100/2100/2100 2098/2098/2098 2097/2097/2097
f 2101/2101/2101 2103/2103/2103 2104/2104/2104
f 2104/2104/2104 2103/2103/2103 2102/2102/2102
f 2107/2107/2107 2104/2104/2104 2102/2102/2102
f 2106/2106/2106 2108/2108/2108 2105/2105/2105
f 2111/2111/2111 2108/2108/2108 2106/2106/2106
f 2110/2110/2110 2112/2112/2112 2109/2109/2109
f 2109/2109/2109 2112/2112/2112 2114/2114/2114
f 2112/2112/2112 2115/2115/2115 2114/2114/2114
f 2114/2114/2114 2115/2115/2115 2113/2113/2113
f 2116/2116/2116 2114/2114/2114 2113/2113/2113
f 2119/2119/2119 2121/2121/2121 2117/2117/2117
f 2118/2118/2118 2121/2121/2121 2119/2119/2119
f 2125/2125/2125 2123/2123/2123 2120/2120/2120
f 2122/2122/2122 2123/2123/2123 2125/2125/2125
f 2124/2124/2124 2126/2126/2126 2127/2127/2127
f 2128/2128/2128 2126/2126/2126 2124/2124/2124
f 2129/2129/2129 2130/2130/2130 2131/2131/2131
f 2132/2132/2132 2130/2130/2130 2129/2129/2129
f 2133/2133/2133 2051/2051/2051 2134/2134/2134
f 2135/2135/2135 2051/2051/2051 2133/2133/2133
f 2136/2136/2136 2137/2137/2137 2138/2138/2138
f 2139/2139/2139 2137/2137/2137 2136/2136/2136
f 2140/2140/2140 2039/2039/2039 2141/2141/2141
f 2142/2142/2142 2039/2039/2039 2140/2140/2140
f 2149/2149/2149 2147/2147/2147 2146/2146/2146
f 2148/2148/2148 2147/2147/2147 2149/2149/2149
f 2152/2152/2152 2151/2151/2151 2150/2150/2150
f 2170/2170/2170 2151/2151/2151 2152/2152/2152
f 2168/2168/2168 2153/2153/2153 2169/2169/2169
f 2155/2155/2155 2153/2153/2153 2168/2168/2168
f 2173/2173/2173 2172/2172/2172 2154/2154/2154
f 2171/2171/2171 2172/2172/2172 2173/2173/2173
f 2158/2158/2158 2157/2157/2157 2156/2156/2156
f 2176/2176/2176 2157/2157/2157 2158/2158/2158
f 2174/2174/2174 2159/2159/2159 2175/2175/2175
f 2161/2161/2161 2159/2159/2159 2174/2174/2174
f 2183/2183/2183 2217/2217/2217 2184/2184/2184
f 2192/2192/2192 2217/2217/2217 2183/2183/2183
f 2215/2215/2215 2219/2219/2219 2194/2194/2194
f 2221/2221/2221 2219/2219/2219 2215/2215/2215
f 2195/2195/2195 2196/2196/2196 2193/2193/2193
f 2197/2197/2197 2196/2196/2196 2195/2195/2195
f 2218/2218/2218 2198/2198/2198 2216/2216/2216
f 2199/2199/2199 2198/2198/2198 2218/2218/2218
f 2201/2201/2201 2202/2202/2202 2200/2200/2200
f 2203/2203/2203 2202/2202/2202 2201/2201/2201
f 2223/2223/2223 2206/2206/2206 2204/2204/2204
f 2205/2205/2205 2206/2206/2206 2223/2223/2223
f 2208/2208/2208 2229/2229/2229 2220/2220/2220
f 2228/2228/2228 2229/2229/2229 2208/2208/2208
f 2228/2228/2228 2226/2226/2226 2229/2229/2229
f 2227/2227/2227 2226/2226/2226 2228/2228/2228
f 2191/2191/2191 2225/2225/2225 2207/2207/2207
f 2238/2238/2238 2225/2225/2225 2191/2191/2191
f 2238/2238/2238 2237/2237/2237 2225/2225/2225
f 2236/2236/2236 2237/2237/2237 2238/2238/2238
f 2187/2187/2187 2235/2235/2235 2190/2190/2190
f 2234/2234/2234 2235/2235/2235 2187/2187/2187
f 2234/2234/2234 2233/2233/2233 2235/2235/2235
f 2232/2232/2232 2233/2233/2233 2234/2234/2234
f 2210/2210/2210 2231/2231/2231 2186/2186/2186
f 2239/2239/2239 2231/2231/2231 2210/2210/2210
f 2239/2239/2239 2242/2242/2242 2231/2231/2231
f 2240/2240/2240 2242/2242/2242 2239/2239/2239
f 2214/2214/2214 2241/2241/2241 2209/2209/2209
f 2243/2243/2243 2241/2241/2241 2214/2214/2214
f 2243/2243/2243 2246/2246/2246 2241/2241/2241
f 2244/2244/2244 2246/2246/2246 2243/2243/2243
f 2189/2189/2189 2245/2245/2245 2213/2213/2213
f 2251/2251/2251 2245/2245/2245 2189/2189/2189
f 2251/2251/2251 2254/2254/2254 2245/2245/2245
f 2252/2252/2252 2254/2254/2254 2251/2251/2251
f 2211/2211/2211 2212/2212/2212 2188/2188/2188
f 2230/2230/2230 2212/2212/2212 2211/2211/2211
f 2230/2230/2230 2222/2222/2222 2212/2212/2212
f 2212/2212/2212 2222/2222/2222 2224/2224/2224
f 2247/2247/2247 2249/2249/2249 2253/2253/2253
f 2248/2248/2248 2249/2249/2249 2247/2247/2247
f 2255/2255/2255 2250/2250/2250 2256/2256/2256
f 2257/2257/2257 2250/2250/2250 2255/2255/2255
f 2258/2258/2258 2259/2259/2259 2260/2260/2260
f 2261/2261/2261 2259/2259/2259 2258/2258/2258
f 2265/2265/2265 2264/2264/2264 2262/2262/2262
f 2263/2263/2263 2264/2264/2264 2265/2265/2265
f 2269/2269/2269 2267/2267/2267 2266/2266/2266
f 2268/2268/2268 2267/2267/2267 2269/2269/2269
f 2273/2273/2273 2271/2271/2271 2270/2270/2270
f 2272/2272/2272 2271/2271/2271 2273/2273/2273
f 2277/2277/2277 2291/2291/2291 2274/2274/2274
f 2292/2292/2292 2291/2291/2291 2277/2277/2277
f 2292/2292/2292 2294/2294/2294 2291/2291/2291
f 2297/2297/2297 2294/2294/2294 2292/2292/2292
f 2276/2276/2276 2295/2295/2295 2275/2275/2275
f 2296/2296/2296 2295/2295/2295 2276/2276/2276
f 2296/2296/2296 2298/2298/2298 2295/2295/2295
f 2301/2301/2301 2298/2298/2298 2296/2296/2296
f 2281/2281/2281 2299/2299/2299 2278/2278/2278
f 2300/2300/2300 2299/2299/2299 2281/2281/2281
f 2300/2300/2300 2302/2302/2302 2299/2299/2299
f 2305/2305/2305 2302/2302/2302 2300/2300/2300
f 2280/2280/2280 2303/2303/2303 2279/2279/2279
f 2304/2304/2304 2303/2303/2303 2280/2280/2280
f 2304/2304/2304 2306/2306/2306 2303/2303/2303
f 2309/2309/2309 2306/2306/2306 2304/2304/2304
f 2285/2285/2285 2307/2307/2307 2282/2282/2282
f 2308/2308/2308 2307/2307/2307 2285/2285/2285
f 2308/2308/2308 2316/2316/2316 2307/2307/2307
f 2315/2315/2315 2316/2316/2316 2308/2308/2308
f 2284/2284/2284 2313/2313/2313 2283/2283/2283
f 2311/2311/2311 2313/2313/2313 2284/2284/2284
f 2311/2311/2311 2310/2310/2310 2313/2313/2313
f 2314/2314/2314 2310/2310/2310 2311/2311/2311
f 2289/2289/2289 2288/2288/2288 2286/2286/2286
f 2293/2293/2293 2288/2288/2288 2289/2289/2289
f 2293/2293/2293 2290/2290/2290 2288/2288/2288
f 2288/2288/2288 2290/2290/2290 2287/2287/2287
f 2312/2312/2312 2317/2317/2317 2318/2318/2318
f 2321/2321/2321 2317/2317/2317 2312/2312/2312
f 2320/2320/2320 2322/2322/2322 2319/2319/2319
f 2325/2325/2325 2322/2322/2322 2320/2320/2320
f 2324/2324/2324 2326/2326/2326 2323/2323/2323
f 2329/2329/2329 2326/2326/2326 2324/2324/2324
f 2328/2328/2328 2330/2330/2330 2327/2327/2327
f 2333/2333/2333 2330/2330/2330 2328/2328/2328
f 2332/2332/2332 2340/2340/2340 2331/2331/2331
f 2349/2349/2349 2340/2340/2340 2332/2332/2332
f 2349/2349/2349 2343/2343/2343 2340/2340/2340
f 2338/2338/2338 2343/2343/2343 2349/2349/2349
f 2337/2337/2337 2350/2350/2350 2334/2334/2334
f 2353/2353/2353 2350/2350/2350 2337/2337/2337
f 2353/2353/2353 2351/2351/2351 2350/2350/2350
f 2352/2352/2352 2351/2351/2351 2353/2353/2353
f 2336/2336/2336 2354/2354/2354 2335/2335/2335
f 2357/2357/2357 2354/2354/2354 2336/2336/2336
f 2357/2357/2357 2355/2355/2355 2354/2354/2354
f 2356/2356/2356 2355/2355/2355 2357/2357/2357
f 2348/2348/2348 2361/2361/2361 2345/2345/2345
f 2363/2363/2363 2361/2361/2361 2348/2348/2348
f 2363/2363/2363 2366/2366/2366 2361/2361/2361
f 2367/2367/2367 2366/2366/2366 2363/2363/2363
f 2347/2347/2347 2339/2339/2339 2346/2346/2346
f 2342/2342/2342 2339/2339/2339 2347/2347/2347
f 2342/2342/2342 2344/2344/2344 2339/2339/2339
f 2339/2339/2339 2344/2344/2344 2341/2341/2341
f 2368/2368/2368 2359/2359/2359 2362/2362/2362
f 2358/2358/2358 2359/2359/2359 2368/2368/2368
f 2360/2360/2360 2364/2364/2364 2365/2365/2365
f 2369/2369/2369 2364/2364/2364 2360/2360/2360
f 2371/2371/2371 2375/2375/2375 2370/2370/2370
f 2374/2374/2374 2375/2375/2375 2371/2371/2371
f 2373/2373/2373 2378/2378/2378 2372/2372/2372
f 2377/2377/2377 2378/2378/2378 2373/2373/2373
f 2376/2376/2376 2392/2392/2392 2380/2380/2380
f 2395/2395/2395 2392/2392/2392 2376/2376/2376
f 2395/2395/2395 2393/2393/2393 2392/2392/2392
f 2394/2394/2394 2393/2393/2393 2395/2395/2395
f 2381/2381/2381 2400/2400/2400 2379/2379/2379
f 2403/2403/2403 2400/2400/2400 2381/2381/2381
f 2403/2403/2403 2401/2401/2401 2400/2400/2400
f 2402/2402/2402 2401/2401/2401 2403/2403/2403
f 2382/2382/2382 2396/2396/2396 2383/2383/2383
f 2398/2398/2398 2396/2396/2396 2382/2382/2382
f 2398/2398/2398 2397/2397/2397 2396/2396/2396
f 2405/2405/2405 2397/2397/2397 2398/2398/2398
f 2387/2387/2387 2404/2404/2404 2386/2386/2386
f 2399/2399/2399 2404/2404/2404 2387/2387/2387
f 2399/2399/2399 2406/2406/2406 2404/2404/2404
f 2409/2409/2409 2406/2406/2406 2399/2399/2399
f 2384/2384/2384 2391/2391/2391 2385/2385/2385
f 2390/2390/2390 2391/2391/2391 2384/2384/2384
f 2390/2390/2390 2389/2389/2389 2391/2391/2391
f 2391/2391/2391 2389/2389/2389 2388/2388/2388
f 2408/2408/2408 2410/2410/2410 2407/2407/2407
f 2413/2413/2413 2410/2410/2410 2408/2408/2408
f 2412/2412/2412 2414/2414/2414 2411/2411/2411
f 2417/2417/2417 2414/2414/2414 2412/2412/2412
f 2416/2416/2416 513/513/513 2415/2415/2415
f 512/512/512 513/513/513 2416/2416/2416
f 523/523/523 522/522/522 511/511/511
f 518/518/518 522/522/522 523/523/523
f 570/570/570 669/669/669 571/571/571
f 680/680/680 669/669/669 570/570/570
f 680/680/680 679/679/679 669/669/669
f 675/675/675 679/679/679 680/680/680
f 580/580/580 721/721/721 569/569/569
f 720/720/720 721/721/721 580/580/580
f 720/720/720 719/719/719 721/721/721
f 730/730/730 719/719/719 720/720/720
f 575/575/575 729/729/729 579/579/579
f 725/725/725 729/729/729 575/575/575
f 725/725/725 763/763/763 729/729/729
f 762/762/762 763/763/763 725/725/725
f 620/620/620 761/761/761 621/621/621
f 773/773/773 761/761/761 620/620/620
f 773/773/773 772/772/772 761/761/761
f 768/768/768 772/772/772 773/773/773
f 630/630/630 625/625/625 619/619/619
f 670/670/670 625/625/625 630/630/630
f 670/670/670 671/671/671 625/625/625
f 625/625/625 671/671/671 629/629/629
f 2167/2167/2167 2162/2162/2162 2185/2185/2185
f 2164/2164/2164 2162/2162/2162 2167/2167/2167
f 2163/2163/2163 2162/2162/2162 2164/2164/2164
f 2182/2182/2182 2163/2163/2163 2164/2164/2164
f 2181/2181/2181 2163/2163/2163 2182/2182/2182
f 2180/2180/2180 2181/2181/2181 2182/2182/2182
f 2177/2177/2177 2180/2180/2180 2182/2182/2182
f 2185/2185/2185 2166/2166/2166 2167/2167/2167
f 2167/2167/2167 2166/2166/2166 2165/2165/2165
f 2166/2166/2166 2179/2179/2179 2165/2165/2165
f 2179/2179/2179 2160/2160/2160 2165/2165/2165
f 2160/2160/2160 2178/2178/2178 2165/2165/2165
f 2178/2178/2178 2182/2182/2182 2165/2165/2165
f 2177/2177/2177 2182/2182/2182 2178/2178/2178
