# Exported by s4extract — treeGCWCypress_02_lod01_g01
o treeGCWCypress_02_lod01_g01
v -0.083095 7.623160 -0.065555
v -0.134280 7.259480 -0.038779
v -0.149796 7.621400 -0.042495
v -0.090632 7.418800 -0.126780
v 0.044752 7.260740 -0.042210
v 0.078008 7.418410 -0.103419
v -0.075981 7.261020 -0.058934
v 0.200721 7.412170 0.014428
v -0.172064 7.416660 -0.098627
v -0.105663 7.100290 0.154632
v -0.093230 7.297071 0.242906
v 0.055038 7.622840 -0.046420
v 0.228950 7.407530 0.095729
v 0.132605 7.256270 0.042160
v 0.152815 7.252950 0.100364
v -0.036008 7.556261 0.139558
v -0.033740 7.102430 0.126298
v 0.155553 7.617721 0.050109
v 0.114166 7.186310 -0.244886
v 0.151777 6.979610 -0.174817
v 0.027663 7.431911 -0.112751
v 0.078891 6.970420 -0.145016
v 0.169484 7.293010 -0.168621
v 0.096894 7.550480 -0.165108
v 0.130093 7.287370 -0.269041
v 0.082420 7.097381 -0.139990
v 0.012359 7.173470 -0.203260
v -0.087605 7.405330 0.021818
v -0.021856 6.947180 -0.027398
v 0.054218 7.093350 -0.211882
v 0.079888 7.556420 0.008737
v 0.067557 7.102571 0.011956
v 0.007231 7.300060 0.203331
v -0.033179 6.925090 0.127222
v -0.128365 7.141010 -0.038971
v 0.148723 7.300251 0.043617
v 0.036300 7.274520 -0.142477
v 0.274742 6.986670 -0.012816
v 0.088053 6.960911 -0.185857
v 0.053348 6.736471 -0.061280
v 0.318922 6.999071 0.108300
v 0.187002 6.754900 0.062602
v 0.189218 7.295610 -0.000739
v -0.101296 7.099160 0.278502
v -0.128069 6.723001 -0.082650
v -0.215027 6.719870 -0.050610
v -0.171263 7.259110 -0.166927
v 0.218632 6.763780 0.149312
v -0.100560 7.380050 0.198724
v -0.144183 7.110150 0.177003
v -0.002476 6.917220 0.199888
v -0.270754 7.255530 -0.130269
v -0.165351 6.942100 -0.215706
v -0.065432 7.371050 0.281861
v 0.102110 6.673090 -0.245656
v 0.125507 6.662010 -0.155818
v 0.242968 6.894639 -0.138404
v 0.167035 7.205690 -0.092548
v 0.121274 7.180190 0.112158
v 0.085510 6.639720 0.023102
v 0.187099 6.863511 0.111511
v -0.037000 7.162580 0.251039
v 0.140267 7.218370 -0.195334
v 0.210287 6.910120 -0.263891
v -0.156724 6.813910 -0.166857
v -0.006130 6.842010 0.281064
v -0.143346 6.621230 0.167681
v -0.132567 6.837680 0.313458
v -0.286814 6.937740 -0.170953
v -0.127758 6.815290 -0.079455
v -0.285087 7.035970 -0.147070
v -0.052826 6.624330 0.144488
v 0.308527 7.069480 0.151262
v 0.256392 7.376980 0.086295
v 0.110565 6.836881 -0.304793
v 0.167248 6.597170 -0.212053
v 0.268256 6.837900 0.046724
v 0.156569 7.371050 0.119470
v 0.186657 7.062250 0.191764
v -0.064124 7.047780 0.153566
v 0.081294 6.583450 -0.175995
v -0.006197 7.129381 -0.159069
v -0.009495 6.817710 -0.254426
v 0.181008 6.832720 0.075720
v -0.244628 7.037900 -0.024987
v -0.048847 7.359200 0.088182
v -0.196697 7.351110 -0.058070
v -0.036831 6.555570 -0.034905
v -0.141349 7.097480 0.002354
v 0.001467 6.822360 0.048374
v -0.017373 6.628870 0.261659
v 0.010920 6.949990 0.182356
v 0.079947 6.370760 0.047285
v 0.193788 6.922100 0.069150
v -0.174549 6.408950 0.153706
v -0.149601 6.648160 0.272101
v -0.079883 6.395141 0.146231
v -0.155084 7.075030 0.213656
v 0.205879 6.594820 0.123453
v 0.151525 6.358230 -0.127786
v 0.143958 6.358150 -0.223445
v -0.139616 6.745560 0.321518
v -0.048836 6.535951 0.149779
v -0.011862 6.531790 0.236336
v -0.174494 6.778770 -0.057352
v 0.305859 6.577310 -0.121088
v 0.275682 6.907760 -0.131152
v -0.191262 6.751370 0.200615
v 0.050898 6.325931 0.162745
v -0.222696 6.499431 0.030451
v -0.108559 6.867200 0.171563
v 0.132590 6.348020 0.208321
v -0.213739 6.488830 -0.234398
v -0.226618 6.829830 -0.006923
v -0.052289 6.293270 0.006741
v -0.045876 6.285690 -0.182869
v -0.078563 6.545051 0.248357
v -0.015093 6.892470 0.223707
v 0.035544 6.575910 0.312017
v -0.219281 6.821150 -0.223862
v 0.295291 6.577190 -0.254705
v -0.000608 6.292630 -0.267376
v 0.267025 6.907660 -0.240598
v -0.321619 6.181010 -0.018290
v -0.221657 5.938110 -0.103774
v -0.150509 6.498540 -0.352438
v 0.341058 6.453650 0.128089
v 0.254705 6.109651 0.210832
v 0.227544 6.134650 0.109448
v 0.372017 6.113130 0.138025
v 0.190946 5.887020 0.060260
v 0.274932 5.889510 0.008135
v 0.244968 6.450810 0.187724
v -0.003339 5.896791 0.077813
v 0.367434 6.373940 0.080153
v 0.192699 6.135320 0.015957
v 0.270588 6.715000 -0.016582
v -0.016673 6.123300 0.235350
v -0.167824 6.491210 0.094699
v -0.249252 6.158980 0.097262
v -0.169848 5.922330 -0.021046
v 0.104723 6.723200 -0.169131
v 0.318763 6.374880 -0.050433
v 0.022681 6.461990 0.207807
v -0.044415 5.969420 0.174937
v -0.102772 6.203071 0.363665
v 0.032248 6.195890 0.324056
v 0.029863 6.543890 0.298200
v -0.225554 6.744960 -0.155132
v -0.286952 6.411460 -0.219581
v -0.141081 5.974550 0.203294
v -0.118845 6.737320 -0.194958
v 0.196563 6.549980 0.142813
v 0.101285 5.974741 0.039124
v 0.235765 6.203321 0.134352
v -0.156676 6.402141 -0.268203
v 0.116267 6.384891 -0.236671
v -0.147678 6.154830 -0.139948
v 0.047728 6.142480 -0.117374
v 0.112768 6.014340 -0.250691
v 0.140016 5.998321 -0.154902
v -0.240944 6.161500 -0.105139
v 0.126185 5.798151 -0.012088
v 0.269403 6.386750 0.044104
v 0.041896 5.827631 -0.205439
v 0.317622 6.029380 0.009869
v 0.071875 5.790401 0.183469
v 0.198094 6.377890 0.267847
v 0.236345 6.018550 0.283025
v 0.000182 5.795980 0.257937
v -0.017713 5.847220 -0.277349
v 0.197641 6.420480 -0.177112
v 0.204335 6.070560 -0.260202
v 0.134976 6.026340 0.387041
v 0.289863 6.236270 -0.136664
v 0.209700 6.595290 -0.188771
v 0.240876 6.576961 -0.079176
v 0.103065 6.097920 -0.360647
v 0.114691 6.442900 -0.259386
v 0.251803 6.258640 -0.270462
v -0.308905 6.042330 0.087726
v -0.093654 5.798620 0.177234
v -0.234206 6.398120 0.106772
v -0.265253 6.037391 0.230708
v -0.070343 5.820130 -0.119234
v -0.245346 6.067420 -0.183400
v -0.120992 5.802160 0.074871
v 0.041904 6.104040 -0.349834
v -0.215783 6.394070 0.223889
v 0.284214 5.560440 0.180880
v 0.439913 5.830810 0.101757
v -0.162311 6.418670 -0.115307
v 0.183921 6.122320 -0.371542
v 0.113093 5.846340 -0.238388
v 0.214765 5.859430 -0.253929
v 0.298445 6.176940 -0.103327
v 0.250532 5.534830 0.073540
v 0.025908 6.448660 -0.251634
v -0.160562 5.503430 0.210202
v -0.357885 6.132920 -0.317063
v -0.046795 5.495170 0.187680
v -0.113557 5.747221 0.406555
v -0.201664 5.730011 -0.346690
v -0.374018 5.741290 -0.309114
v -0.211760 6.123670 -0.347841
v -0.157523 5.488270 -0.140172
v 0.050695 6.125550 0.367903
v 0.044198 5.735700 0.375096
v 0.257473 6.134290 0.211580
v -0.275510 5.496350 -0.113271
v 0.089555 6.133670 -0.291878
v 0.083851 5.497011 -0.091258
v 0.392754 5.795040 -0.048174
v 0.292163 5.746360 0.184248
v 0.129921 5.502810 0.051047
v 0.151577 5.742210 -0.278367
v -0.409101 5.661380 -0.006122
v -0.298506 6.048370 -0.026868
v -0.121849 5.348100 0.164141
v -0.122801 6.037840 0.203216
v -0.279612 5.357610 -0.154502
v -0.439717 5.661810 -0.170304
v -0.261755 5.357310 -0.036959
v 0.325056 6.175580 -0.029319
v -0.202587 5.648520 0.274775
v 0.103382 5.330810 0.258207
v 0.223298 5.321150 0.251761
v 0.291712 6.203850 -0.153058
v 0.158508 5.563610 -0.267658
v 0.377495 5.796770 -0.109854
v 0.186798 5.538900 -0.159507
v 0.116638 5.624370 0.406167
v 0.150048 6.018060 0.310838
v 0.340175 5.831290 -0.260921
v -0.141386 5.437370 0.150873
v -0.318382 5.711801 -0.144593
v -0.287844 5.733810 0.174092
v -0.079999 5.442200 0.254685
v -0.126660 5.685860 -0.399188
v -0.222917 6.098140 -0.140794
v -0.156284 5.421620 -0.077280
v -0.020359 5.403050 -0.259551
v -0.196340 5.740541 0.319098
v -0.196664 6.116160 0.120241
v -0.118632 6.121680 0.239015
v -0.061542 6.076890 -0.349333
v 0.284764 5.610870 0.397162
v 0.090948 5.394950 -0.310214
v 0.293675 6.007000 0.303463
v 0.544721 5.217080 0.169529
v 0.304961 4.946000 0.223770
v 0.034939 5.674551 -0.469954
v -0.165210 5.738080 -0.343180
v -0.101222 5.263590 -0.399092
v -0.065570 5.131030 0.320391
v -0.292068 5.310710 -0.369777
v -0.142767 4.979290 -0.183318
v -0.272623 5.013020 -0.162331
v -0.003345 5.699491 -0.367191
v 0.112539 4.933730 -0.106749
v -0.020191 5.428480 0.494397
v 0.048820 5.130240 0.277025
v 0.093787 5.851290 0.373643
v 0.272188 5.199961 -0.292140
v 0.518282 5.643770 -0.046243
v 0.507503 5.195570 -0.007262
v 0.277152 4.930591 0.097200
v 0.284078 5.858780 0.167176
v 0.139843 5.427381 0.433823
v 0.315145 5.647360 -0.279587
v -0.232292 4.946560 -0.082111
v -0.497664 5.263620 -0.153401
v -0.436130 5.240780 0.022854
v -0.407971 5.686860 0.052241
v 0.307290 5.875780 -0.111144
v 0.244957 5.885900 -0.243994
v -0.270697 4.962920 -0.208297
v 0.403540 5.457271 -0.158030
v -0.183931 5.671230 0.280518
v -0.055101 4.932900 0.117409
v -0.177090 5.221691 0.301546
v 0.333377 5.469630 -0.320219
v 0.368626 5.436510 0.181758
v 0.231879 5.151640 -0.146695
v 0.210119 5.136780 0.096565
v 0.321575 4.964780 0.161095
v 0.195357 4.947910 0.186267
v 0.182035 5.160490 -0.262810
v -0.066721 5.241170 -0.067308
v -0.293523 5.915030 -0.222001
v -0.122158 5.271400 0.159720
v -0.278416 5.497750 -0.202327
v 0.124075 5.245080 -0.215517
v -0.064028 5.919500 -0.391570
v -0.005594 5.503210 -0.409346
v 0.248860 5.259890 -0.240483
v -0.092276 5.296120 0.275988
v -0.349544 5.949620 0.037747
v -0.348613 5.539980 0.114787
v 0.176367 5.523910 -0.444217
v 0.175695 5.242670 0.397726
v 0.267343 5.707720 0.330499
v 0.117925 5.688420 0.359300
v -0.300430 5.574510 0.277191
v -0.306434 5.977900 0.170773
v 0.352134 5.266230 0.362565
v -0.071976 4.886430 -0.459319
v -0.267524 4.625650 -0.197301
v 0.022962 5.364181 -0.444842
v -0.276875 4.937750 -0.439755
v 0.134446 4.546280 -0.112044
v 0.313919 4.826880 -0.320669
v -0.128630 4.588910 -0.211306
v 0.541451 4.841240 0.001480
v -0.152275 5.406210 -0.428818
v -0.102965 4.645470 0.281323
v -0.021111 4.935130 0.503638
v 0.355486 5.315400 -0.331274
v 0.568897 4.875540 0.194480
v 0.293069 4.556560 0.118589
v 0.313772 4.581120 0.256761
v 0.171445 5.377400 0.426891
v 0.017477 4.631200 0.237674
v 0.554177 5.327160 -0.067401
v 0.209276 4.478900 -0.263720
v 0.375136 5.456230 -0.226623
v 0.066318 4.488250 -0.255894
v 0.233943 4.805420 -0.491425
v 0.457088 4.970650 -0.181294
v 0.397514 5.011440 -0.355174
v 0.427498 5.422810 -0.084197
v 0.232062 4.670890 -0.209034
v 0.058220 5.308490 -0.434232
v 0.023712 4.818470 -0.480285
v -0.237752 5.346850 -0.272971
v 0.188539 4.700100 -0.333519
v 0.381271 5.378641 0.211267
v 0.194211 4.632280 0.049211
v 0.146958 4.915200 0.442669
v -0.323732 4.865311 -0.283410
v -0.171933 4.521780 -0.114947
v 0.397461 4.916720 0.179424
v 0.525960 4.604510 -0.053888
v 0.462450 5.096060 -0.196038
v 0.169396 4.226420 -0.103137
v 0.253525 5.019180 -0.460838
v 0.342636 4.342450 0.268339
v 0.553512 4.672730 0.140622
v 0.328390 4.293611 0.130219
v -0.350246 5.394790 0.020185
v 0.291177 4.510660 -0.377169
v -0.114059 4.219440 -0.204664
v -0.265652 4.240360 -0.190807
v -0.323507 5.416570 0.182095
v -0.255372 4.582710 0.282795
v -0.458646 4.923830 0.074490
v -0.271151 4.563680 0.141281
v -0.316087 4.530130 -0.492914
v -0.105030 4.500910 -0.514179
v -0.429285 4.950420 0.272158
v 0.320814 1.254590 -0.629925
v -0.154967 0.922025 -0.488009
v 0.008727 0.868520 -0.392339
v 0.092164 1.329320 -0.763557
v 0.190871 1.588770 -0.787346
v 0.419521 1.514040 -0.653714
v 0.056822 1.230230 0.637405
v -0.243886 1.297460 0.551205
v -0.463756 1.093580 0.374039
v -0.221253 0.787648 0.117425
v -0.474398 0.919634 0.275484
v -0.318111 0.842968 0.030242
v 0.038655 0.934228 0.601052
v -0.328464 1.016310 0.495815
v -0.339107 0.842362 0.397260
v 0.028012 0.760278 0.502497
v 0.041575 0.728882 0.192767
v 0.363575 1.260140 0.551474
v 0.402512 0.796804 0.397588
v 0.412665 0.798077 0.030566
v 0.309687 0.755032 0.117660
v 0.546351 0.856928 0.275935
v 0.556994 1.030880 0.374490
v 0.413154 0.970754 0.496143
v -0.846308 1.724210 0.088110
v -0.808690 1.735340 -0.356002
v -0.636161 1.386580 -0.646025
v -0.220028 0.739296 -0.302919
v -0.511973 1.136800 -0.641766
v -0.125359 0.783513 -0.470245
v -0.814320 1.311220 0.129892
v -0.768394 1.324820 -0.412304
v -0.644207 1.075040 -0.408047
v -0.690132 1.061450 0.134150
v -0.231631 0.917708 0.076726
v -0.643122 1.831740 0.470116
v -0.442073 1.192730 0.600520
v 0.073820 0.899484 0.523577
v -0.075315 0.823554 0.419135
v -0.233760 1.298790 0.746406
v -0.357948 1.548570 0.742148
v -0.566261 1.442510 0.596263
v -0.141497 1.432450 -0.761360
v 0.230660 1.474160 -0.741083
v 0.500582 1.215420 -0.577251
v 0.264416 0.873476 -0.172215
v 0.516231 1.016060 -0.454431
v 0.403291 0.928772 -0.100157
v -0.147745 1.087260 -0.702657
v 0.306602 1.138180 -0.677901
v 0.322252 0.938825 -0.555082
v -0.132097 0.887908 -0.579836
v -0.060860 0.837024 -0.189937
v -0.465533 1.512400 -0.590303
v -0.527696 0.985516 -0.371003
v -0.434231 0.974780 0.081230
v -0.344079 0.906903 -0.040429
v -0.653621 1.080330 -0.201067
v -0.669270 1.279680 -0.323887
v -0.543345 1.184870 -0.493822
v 0.377329 4.140380 -0.092322
v 0.414932 4.482390 0.336730
v 0.477100 5.037120 -0.020726
v 0.362118 4.156070 -0.249662
v 0.085720 4.486220 0.579581
v 0.360081 5.015330 0.309063
v 0.262136 4.121340 0.201658
v 0.009194 4.124080 0.373340
v 0.559227 4.508990 -0.066068
v 0.453237 5.055070 -0.195967
v 0.535755 4.530900 -0.280011
v 0.081719 5.018470 0.508126
v -0.277420 5.035130 -0.555645
v -0.140232 4.133630 0.390427
v -0.093977 5.011200 -0.573063
v -0.486375 4.556860 -0.215329
v -0.197462 4.231520 -0.293276
v -0.112408 4.499550 0.608650
v 0.054022 4.999690 0.555170
v 0.348289 4.523710 0.525282
v -0.188061 4.675520 -0.321281
v 0.220256 5.039180 0.551361
v 0.255098 4.173270 0.254560
v 0.400898 4.207790 0.251635
v 0.152146 4.475490 0.530553
v -0.015487 4.149290 0.121529
v -0.470199 5.004251 -0.253006
v -0.181595 4.629420 -0.178688
v -0.444961 5.437880 0.088037
v -0.215863 4.442000 0.353698
v -0.469976 5.019420 0.114423
v -0.449164 4.499580 -0.008153
v -0.178913 4.190510 -0.142857
v -0.260231 5.369890 0.387286
v -0.451447 4.939850 -0.053831
v -0.261688 4.972260 0.409689
v 0.292102 4.665851 -0.580427
v 0.577712 4.732860 -0.323329
v 0.717643 4.246730 0.065823
v 0.469669 3.901690 0.276735
v 0.047027 5.371340 0.557346
v 0.214980 5.399040 0.570842
v 0.723464 4.466240 -0.040506
v 0.116483 4.858610 0.519125
v 0.430748 3.847210 0.121315
v 0.664212 4.170630 -0.145879
v 0.665566 4.390140 -0.248028
v 0.314638 4.892430 0.535601
v -0.241145 4.856840 0.311506
v 0.209223 4.571250 0.231503
v -0.042971 4.569990 0.082864
v -0.107226 4.693750 -0.644965
v 0.342420 4.308331 -0.564028
v 0.351457 4.595460 0.243299
v 0.488841 4.671320 0.219113
v 0.173136 4.745680 0.403007
v -0.111139 4.235410 0.597987
v -0.163291 3.801640 0.429832
v -0.381570 4.400520 -0.581852
v -0.399082 4.181010 -0.489208
v -0.069186 4.470350 0.569307
v -0.216755 4.122880 -0.552793
v 0.002414 3.770430 0.433697
v 0.107741 4.191820 0.598019
v 0.147153 4.426760 0.565174
v -0.147721 4.342390 -0.644063
v 0.341326 4.088820 -0.468396
v -0.233383 3.813020 -0.194441
v 0.096126 3.788640 -0.138033
v 0.647564 4.616710 -0.126366
v 0.531982 4.335990 0.348879
v -0.391730 3.854640 -0.149866
v -0.210779 3.959650 -0.131322
v -0.522510 4.350600 -0.158724
v -0.471426 4.278340 0.052061
v -0.448524 4.811430 0.205271
v 0.759347 4.253640 -0.313099
v 0.757464 4.018701 -0.287345
v -0.243346 4.011380 -0.284628
v 0.740072 4.034370 -0.042511
v -0.215012 4.741020 0.489713
v -0.015054 3.898110 0.128400
v -0.199782 4.192380 0.407074
v 0.750118 4.269320 -0.073074
v 0.503823 4.101040 0.385073
v 0.486177 3.657710 -0.026672
v 0.305092 3.705450 0.283561
v 0.441957 3.942570 0.230268
v 0.284735 3.909650 0.244909
v 0.348671 3.646490 -0.232460
v -0.102905 4.057580 -0.202347
v -0.276229 4.966280 -0.343153
v -0.236301 4.076510 0.080572
v -0.302185 4.427040 -0.379982
v 0.187415 4.057981 -0.354374
v 0.044739 4.966730 -0.517043
v 0.079792 4.427590 -0.592472
v 0.354702 4.065680 -0.359892
v -0.228079 4.091200 0.238771
v -0.462465 4.453480 0.013047
v -0.440119 4.474000 0.231567
v 0.305077 4.438360 -0.601669
v 0.406974 4.254480 0.539319
v 0.115734 4.754230 0.609365
v 0.200197 4.208510 0.562793
v -0.385451 5.004740 0.158042
v -0.407240 4.987940 -0.021102
v 0.284760 4.791890 0.589967
v 0.267316 3.510470 -0.210928
v 0.159286 4.560400 -0.484208
v -0.017977 3.544860 -0.404115
v 0.630938 3.922010 -0.333626
v 0.753692 3.902930 0.146806
v 0.754214 4.149000 0.129077
v 0.619177 4.168080 -0.340792
v 0.691958 3.907080 0.401011
v -0.190713 3.565920 -0.425212
v 0.095384 3.970060 -0.618947
v 0.199220 4.216120 -0.618367
v 0.385456 3.496810 0.114269
v 0.617307 4.505420 0.108887
v 0.491251 4.521040 -0.263178
v 0.702753 4.153150 0.378553
v -0.145894 3.999470 -0.648415
v -0.115825 4.245540 -0.649004
v 0.364566 3.499780 0.288283
v 0.152432 4.375350 0.658864
v 0.003311 3.794250 0.642393
v 0.488156 4.322890 0.500230
v -0.353903 3.524900 0.256994
v -0.149981 4.091280 0.693594
v -0.219328 3.866770 0.622950
v 0.067449 4.018760 0.709904
v -0.187248 3.472990 0.259521
v 0.494002 3.954720 0.523971
v 0.122515 3.427140 0.115083
v 0.699133 4.371850 0.162441
v 0.322570 3.520700 -0.340871
v 0.304237 3.469930 -0.174854
v 0.444541 3.730210 0.459835
v -0.182907 3.508220 0.163403
v -0.399778 4.461551 0.277804
v 0.093511 3.561260 0.349423
v -0.373426 3.873340 0.338482
v -0.302400 3.501070 -0.152023
v -0.557038 4.453360 -0.083309
v -0.559953 3.863340 -0.111316
v -0.286017 3.516320 -0.321342
v 0.336097 3.599170 0.429635
v 0.002922 3.947420 0.616185
v 0.221858 4.000370 0.649972
v -0.545837 3.884640 -0.349117
v 0.785157 4.014490 0.104889
v 0.724817 4.085410 -0.160190
v 0.630425 3.789980 -0.004545
v 0.086293 4.565600 0.512421
v -0.091257 4.522230 0.490205
v 0.656033 3.860890 -0.236440
v -0.157253 3.425610 -0.222241
v -0.453718 4.472220 -0.036831
v -0.309989 3.446640 0.096685
v -0.369871 3.829490 -0.428756
v 0.063171 3.849380 -0.667303
v 0.120225 4.099660 -0.697195
v -0.349856 4.079770 -0.456373
v 0.312065 3.876130 -0.676177
v -0.305976 3.468340 0.274649
v -0.583214 3.858860 0.016721
v -0.555135 4.109140 -0.010528
v 0.152772 3.439860 -0.393021
v 0.054757 4.464450 -0.597154
v -0.299582 4.448160 -0.401562
v 0.284100 4.126410 -0.706071
v -0.577609 3.889170 0.265301
v -0.605573 4.139450 0.235408
v 0.330960 3.459010 -0.399376
v 0.677810 4.070860 0.041942
v 0.569116 3.243990 -0.012619
v 0.451941 4.360700 -0.217382
v 0.688838 3.750820 -0.178850
v 0.201935 4.246340 -0.555100
v 0.605105 3.282320 0.175872
v 0.304314 3.877710 -0.630692
v 0.739108 3.804360 0.084433
v 0.743746 4.017320 -0.201918
v 0.337710 3.144040 -0.305682
v -0.280968 4.134070 -0.663504
v -0.211806 3.009680 -0.355631
v -0.024404 3.045900 -0.398778
v 0.365611 3.611210 -0.588202
v -0.201490 3.740640 -0.760729
v 0.600256 4.052250 0.366221
v -0.463252 3.690050 -0.700461
v -0.401955 3.423540 -0.657970
v -0.140193 3.474140 -0.718239
v -0.042755 3.842920 0.872603
v -0.283155 3.108120 0.657874
v 0.284961 4.149600 0.664281
v -0.116966 3.576810 0.883711
v 0.133831 3.503560 0.804284
v -0.103604 3.055670 0.601009
v 0.718742 4.014640 -0.080888
v 0.647474 3.650820 0.497719
v 0.240893 3.769670 0.858435
v -0.316767 4.098650 0.428989
v -0.613384 4.114460 0.113655
v -0.823461 3.504970 -0.162210
v -0.546339 3.075720 -0.253258
v 0.584058 3.616150 -0.372466
v 0.509849 3.350040 -0.361359
v -0.848720 3.763860 -0.125315
v 0.589239 3.338800 -0.100312
v -0.494716 3.055490 -0.075951
v -0.751354 3.476710 0.085450
v -0.723226 3.735600 0.122346
v 0.663448 3.604910 -0.111420
v 0.504054 3.384710 0.430378
v 0.222432 2.937720 -0.046609
v 0.161447 2.970590 0.333323
v 0.078719 4.126820 0.523312
v -0.356326 3.716290 0.516898
v 0.165595 2.945770 -0.233498
v -0.471102 4.062640 -0.439079
v -0.092044 4.130150 -0.637682
v 0.312303 3.553440 -0.686717
v 0.389838 3.127270 -0.371885
v 0.321932 3.784620 0.530447
v 0.347192 3.525730 0.493552
v 0.243221 3.811860 -0.730732
v 0.099174 3.491790 0.561890
v 0.204572 3.078120 -0.369627
v 0.053524 3.484800 -0.683563
v -0.015559 3.743210 -0.727578
v 0.128648 3.750680 0.649104
v -0.402018 3.457400 0.460066
v 0.114195 3.066290 0.265141
v -0.244619 3.041670 0.192244
v -0.672929 4.073950 -0.055904
v -0.478331 3.660800 -0.485113
v 0.291755 3.090590 0.216217
v -0.409248 3.402380 -0.441098
v -0.732870 3.717420 0.246862
v -0.303139 3.029000 0.138866
v -0.308966 3.059660 0.327995
v -0.126735 3.019120 -0.196042
v -0.655649 3.416190 0.026699
v -0.663787 3.459010 0.290877
v -0.724731 3.674600 -0.017314
v 0.800025 3.583500 -0.123840
v 0.242909 3.874480 -0.710857
v 0.588931 3.931280 -0.414302
v 0.402905 2.817720 -0.028752
v 0.774354 3.309420 -0.041390
v 0.479229 2.865380 0.153436
v 0.693414 3.516930 -0.378321
v -0.297888 2.792520 -0.330702
v 0.270973 3.447590 -0.740369
v -0.212863 3.902460 -0.759771
v 0.667744 3.242850 -0.295871
v 0.100470 2.768070 -0.287951
v -0.485329 2.830700 -0.262163
v 0.245302 3.173510 -0.657920
v -0.311126 3.207660 -0.717637
v -0.547274 3.535060 -0.704349
v -0.285456 3.481740 -0.800086
v 0.291608 3.818590 0.680175
v -0.066203 3.502710 0.900785
v -0.572944 3.260980 -0.621900
v 0.656210 3.691290 0.389983
v 0.115626 3.121640 0.853589
v 0.657347 3.252620 0.495044
v 0.212221 3.408030 0.849324
v -0.338191 2.710030 0.641540
v -0.162799 3.216320 0.905049
v 0.179814 2.530990 0.351061
v -0.138860 2.642250 0.604697
v 0.788517 3.639790 -0.071745
v 0.295454 2.485970 -0.052505
v 0.560751 2.966230 0.499309
v 0.818873 3.189750 -0.068658
v 0.722277 2.903360 -0.064393
v 0.259592 2.494940 -0.263023
v 0.768780 3.202270 -0.362709
v -0.885370 3.399700 -0.017482
v 0.672185 2.915880 -0.358446
v -0.809462 3.316200 0.258232
v -0.886689 3.110930 -0.104580
v -0.885370 3.399700 -0.017482
v -0.809462 3.316200 0.258232
v -0.810782 3.027420 0.171134
v -0.810782 3.027420 0.171134
v -0.328946 3.628550 0.655505
v -0.649995 3.733720 0.311665
v -0.328946 3.628550 0.655505
v -0.809462 3.316200 0.258232
v -0.417510 3.187800 0.678009
v -0.417510 3.187800 0.678009
v -0.565534 2.549590 -0.086827
v -0.328946 3.628550 0.655505
v -0.886689 3.110930 -0.104580
v 0.142132 3.597070 0.752740
v -0.595758 2.706540 -0.300172
v -0.565534 2.549590 -0.086827
v -0.886689 3.110930 -0.104580
v -0.810782 3.027420 0.171134
v -0.565534 2.549590 -0.086827
v -0.284927 2.457670 0.213699
v -0.284927 2.457670 0.213699
v -0.418829 2.899020 0.590911
v -0.810782 3.027420 0.171134
v -0.418829 2.899020 0.590911
v -0.809462 3.316200 0.258232
v -0.810782 3.027420 0.171134
v -0.809462 3.316200 0.258232
v -0.810782 3.027420 0.171134
v -0.417510 3.187800 0.678009
v 0.156286 2.860590 0.709620
v -0.418829 2.899020 0.590911
v -0.418829 2.899020 0.590911
v 0.157606 3.149370 0.796718
v -0.417510 3.187800 0.678009
v 0.157606 3.149370 0.796718
v -0.417510 3.187800 0.678009
v 0.156286 2.860590 0.709620
v -0.417510 3.187800 0.678009
v 0.156286 2.860590 0.709620
v 0.142132 3.597070 0.752740
v 0.126810 2.430160 0.298685
v 0.126810 2.430160 0.298685
v -0.284927 2.457670 0.213699
v -0.418829 2.899020 0.590911
v -0.418829 2.899020 0.590911
v 0.126810 2.430160 0.298685
v 0.333052 2.444980 0.246396
v 0.156286 2.860590 0.709620
v 0.333052 2.444980 0.246396
v 0.444366 2.881310 0.636581
v 0.156286 2.860590 0.709620
v 0.156286 2.860590 0.709620
v 0.445685 3.170080 0.723679
v -0.105228 3.353230 -0.859934
v 0.444366 2.881310 0.636581
v 0.157606 3.149370 0.796718
v 0.444366 2.881310 0.636581
v -0.706280 3.664120 -0.234088
v 0.157606 3.149370 0.796718
v -0.390464 3.728980 -0.605990
v -0.034295 3.053640 -0.851946
v 0.149861 2.547530 -0.568962
v -0.380175 3.291190 -0.745528
v -0.309241 2.991590 -0.737541
v -0.046979 2.503110 -0.487057
v -0.765738 3.212010 -0.291493
v -0.361333 2.448780 0.266475
v -0.282810 2.472750 0.468186
v -0.748332 2.915700 0.314994
v -0.750124 3.666810 0.256144
v -0.323013 2.446420 -0.162004
v -0.819264 3.215290 0.307006
v -0.694805 2.912410 -0.283505
v -0.709583 3.248780 0.588756
v 0.802319 3.352290 0.250968
v -0.638650 2.949180 0.596745
v 0.505586 2.435890 0.343684
v 0.449706 3.660900 -0.630107
v 0.646422 3.748720 -0.142710
v 0.799776 3.024320 0.311091
v -0.000529 3.612880 -0.911084
v 0.527511 2.393390 0.112802
v 0.355575 2.316630 -0.313198
v 0.830402 2.964960 -0.011405
v 0.832944 3.292930 -0.071527
v 0.590240 2.857740 -0.606443
v 0.592783 3.185710 -0.666566
v -0.037945 2.274660 -0.558782
v 0.040570 2.799120 -0.949474
v -0.272699 2.272470 -0.580671
v -0.287333 2.796060 -0.980050
v -0.284791 3.124030 -1.040170
v 0.043112 3.127090 -1.009600
v -0.549540 2.801090 0.878199
v -0.563749 2.465570 0.833621
v -0.247597 1.891950 0.518994
v -0.236250 2.443100 0.898389
v -0.193750 3.266290 0.812798
v 0.327693 3.263550 0.667215
v -0.222040 2.778620 0.942968
v -0.482061 1.908050 0.472625
v 0.414563 2.775270 0.765233
v 0.208161 1.889560 0.391751
v 0.665009 3.305260 0.245809
v 0.551028 1.954920 -0.209464
v 0.502986 1.926010 0.023427
v 0.400354 2.439750 0.720654
v 0.812167 2.490660 0.206181
v -1.003940 3.184200 0.278067
v 0.826376 2.826190 0.250758
v -0.762547 3.086550 0.726594
v 0.893481 2.866570 -0.074544
v 0.879272 2.531040 -0.119123
v -0.837242 2.621860 -0.330540
v -0.984235 2.877850 -0.195696
v -0.319862 2.276860 -0.486293
v -0.814969 2.482940 -0.042535
v -0.303915 2.177410 -0.280105
v -0.335453 3.185910 1.003540
v -0.667261 2.619710 0.639891
v -0.961962 2.738930 0.092308
v -0.092933 2.092050 0.111921
v 0.001149 2.485030 0.843157
v -0.145843 2.741010 0.978001
v 0.139055 2.880720 1.023350
v -0.520268 2.363720 0.505048
v 0.280361 2.178900 0.353981
v 0.537849 3.134680 -0.818614
v 0.484325 2.278920 0.386451
v 0.286049 2.624730 0.888511
v -0.356727 3.610440 -0.777212
v 0.175185 3.595560 -0.877549
v 0.211756 2.309420 -0.308966
v 0.550118 2.815260 -0.706222
v 0.441448 2.339720 -0.247907
v 0.217016 3.092350 -0.903902
v -0.578144 2.425440 0.107009
v -0.432370 3.110500 -0.781406
v -0.728558 3.728310 -0.401623
v 0.229286 2.772930 -0.791509
v -0.253153 2.322420 -0.221269
v -0.645758 2.499420 0.324634
v -0.420100 2.791090 -0.669013
v -0.874049 2.935000 -0.210475
v -0.980761 3.357750 -0.018888
v -0.886319 3.254410 -0.322867
v 0.773484 3.095290 0.222332
v 0.691391 2.606860 0.570204
v -0.968491 3.038330 0.093504
v 0.776495 3.117560 -0.333252
v 0.844737 2.582640 0.263618
v 0.222436 1.740310 0.349370
v 0.848413 2.609830 -0.414667
v 0.610048 2.268860 0.556214
v 0.332219 1.722980 0.129879
v 0.334850 1.742440 -0.355719
v 0.763394 2.244640 0.249629
v 0.461161 3.212000 -0.781389
v 0.059238 1.824980 -0.747405
v 0.767070 2.271830 -0.428657
v 0.463437 2.725130 -0.961774
v 0.382095 2.387120 -0.975763
v -0.153290 1.880710 -0.858107
v 0.085234 2.464960 -1.130390
v -0.119567 2.533090 -1.032710
v -0.211629 2.887130 -1.040970
v -0.534459 3.332040 -0.720081
v 0.166577 2.802970 -1.116400
v -0.871549 3.255390 -0.248453
v -0.086542 1.886410 -0.589247
v 0.137669 1.942000 -0.705791
v -0.432746 2.455450 -0.869925
v -0.936344 2.715900 -0.302392
v -0.524809 2.809490 -0.878180
v -0.844281 2.361860 -0.294136
v -0.381170 1.819410 -0.177028
v -0.877050 3.267590 0.336151
v -0.385979 1.830080 0.333934
v -0.787304 2.778820 0.733878
v 0.808888 2.681260 -0.515364
v -0.695242 2.424780 0.742133
v -0.274470 1.864460 0.564859
v -0.850999 2.376760 0.419576
v 0.415287 3.124770 -0.763755
v -0.943062 2.730790 0.411322
v -0.149944 3.055390 -0.920439
v 0.815992 2.334580 -0.387478
v 0.564434 1.788940 0.027240
v 0.545604 2.589020 -0.750783
v 0.552709 2.242340 -0.622898
v 0.375944 1.722910 -0.141302
v -0.144457 2.504320 -0.942069
v -0.605604 1.712140 -0.115966
v -0.786551 1.774120 0.062112
v -0.818320 2.227300 -0.587509
v -0.707724 3.112450 -0.734769
v -0.118086 1.662270 -0.278247
v -1.078170 2.660560 -0.466654
v -0.137353 2.157640 -0.814184
v -0.825424 2.573980 -0.715394
v 0.574868 2.247080 0.893173
v -1.071070 2.313880 -0.338769
v 0.054763 1.388140 0.521510
v 0.940465 2.782760 -0.000452
v 0.797776 2.755400 0.570978
v 0.458353 1.900020 0.847462
v 0.979421 2.239950 -0.083892
v 0.737949 2.921360 -0.536569
v 0.344391 1.383030 -0.177992
v 0.219677 1.359120 0.321457
v 0.688704 1.859490 0.568029
v 0.167385 1.504170 -0.646575
v 0.805219 2.206550 0.613739
v 0.862906 1.892890 -0.129603
v 0.615664 2.062090 -0.784120
v -0.017208 1.587780 -0.810872
v 0.357822 2.178880 -1.013610
v 0.474337 2.525950 -0.967900
v 0.732179 2.409160 -0.738410
v -0.631480 2.482980 0.727985
v -0.695565 2.124170 0.655527
v -0.382502 1.447970 0.372519
v -0.376038 2.035340 0.812802
v -0.155890 2.916970 0.786003
v 0.429036 2.814740 0.774868
v 0.402152 2.269350 0.871667
v -0.611258 1.511560 0.259921
v -0.311954 2.394150 0.885261
v 0.128742 1.358620 0.362786
v 0.907647 2.800210 0.423539
v 0.668178 1.371110 -0.176124
v 0.547063 1.345920 0.055713
v 0.338068 1.910540 0.799208
v 0.922380 1.892800 0.370289
v -0.846425 2.403150 -0.635977
v -0.999695 2.814710 -0.158371
v -0.960155 2.718960 0.428637
v 0.986466 2.251610 0.442747
v 1.155640 2.286790 0.118917
v -0.693000 2.069410 -0.700748
v 1.091550 1.927980 0.046457
v -0.163910 1.563150 -0.619311
v -0.823265 1.947010 -0.378623
v -0.257171 1.475520 -0.388693
v -0.609660 2.787470 0.905890
v -0.928418 2.163860 0.402798
v -0.976691 2.280750 -0.313851
v -0.222611 1.391840 0.124370
v -0.347092 1.913750 0.920682
v -0.500517 2.247500 0.985453
v -0.191028 2.357380 1.152360
v -0.774992 1.830120 0.338027
v 0.083732 1.451710 0.541505
v 0.504984 2.304020 -0.979955
v 0.305302 1.530380 0.660997
v -0.037602 2.023640 1.087590
v -0.556170 2.556770 -0.885421
v -0.005461 2.679550 -1.038700
v 0.431885 1.395430 -0.355529
v 0.614926 1.983710 -0.841532
v 0.666620 1.494940 -0.311693
v -0.950126 2.606990 -0.456322
v -0.385284 1.694810 -0.715630
v -0.049451 1.288110 -0.221557
v 0.287047 1.844710 -0.902762
v 0.177104 2.165030 -1.041190
v -0.469811 1.407640 0.388910
v -0.495226 2.015130 -0.854053
v -0.393781 1.332000 0.153489
v -0.976188 2.076440 -0.330188
v -0.866245 1.756120 -0.191766
v 0.978968 1.869000 0.387283
v -0.972444 1.861780 0.137071
v -1.082390 2.182090 -0.001352
v 1.088040 2.176220 -0.102052
v 0.296053 1.111010 0.353264
v 0.855144 1.446360 0.209073
v 1.023430 1.715950 0.093928
v 0.941980 2.051730 -0.606999
v 0.264222 1.220580 0.563283
v 0.562173 2.128030 -0.983468
v 0.810681 1.599410 0.502427
v 0.845112 1.563960 -0.522534
v 0.676825 1.294380 -0.407390
v 0.168392 1.002200 -0.088074
v 0.213139 1.387520 -0.867003
v -0.368397 1.162600 -0.497061
v -0.163571 1.068880 -0.417121
v 0.381426 1.657110 -0.982148
v -0.789041 1.968840 0.608114
v -0.391096 1.933990 0.880903
v -0.503794 1.031940 -0.211852
v 0.095324 1.788010 -1.093810
v -0.072962 1.518430 -0.978665
v -0.396256 0.965828 -0.039011
v -0.960052 1.626210 0.246740
v -0.882711 1.372180 0.101457
v -0.809844 1.533860 0.488165
v -0.732503 1.279840 0.342882
v -0.048438 0.935365 0.199415
v 0.075248 2.059030 0.910524
v -0.324011 1.491310 0.821199
v -0.246670 1.237290 0.675916
v 0.245324 1.643970 0.857363
v 0.492261 1.777760 0.754896
v 0.569603 1.523730 0.609613
v 0.359161 1.044660 0.225305
v 0.535948 1.140440 0.151947
v -0.726881 2.371910 0.658763
v 0.322666 1.389950 0.712079
v -1.010290 2.045210 0.266651
v -0.688115 1.279180 -0.241270
v -0.302012 2.230890 0.954140
v -0.855790 1.612700 0.374193
v -0.586246 1.181080 -0.050708
v -0.998079 1.749720 0.108015
v -0.868001 1.908190 0.532827
v -0.337089 1.440540 0.734802
v 0.253385 1.066820 0.226773
v 0.467539 1.121900 0.140651
v -0.349300 1.736030 0.893437
v 0.233760 2.241170 0.976237
v 0.304798 1.748570 0.920415
v -0.214898 1.057830 0.207460
v 0.317009 1.453090 0.761779
v 0.616140 1.530030 0.641482
v 0.603929 1.825520 0.800118
v -0.095873 2.157520 -0.879911
v 0.417482 2.181550 -0.839495
v 0.763514 1.782280 -0.650540
v 0.496769 1.415970 -0.665472
v -0.132775 1.678360 -0.852456
v 0.493955 1.707690 -0.803115
v 0.580709 1.068480 -0.073105
v 0.766329 1.490560 -0.512897
v -0.060963 0.994086 -0.217662
v 0.387725 1.015080 -0.182337
v -0.538695 2.266640 -0.639604
v -0.448004 1.089450 -0.007624
v -0.129960 1.386640 -0.714813
v -0.673394 1.811570 -0.559076
v -0.670579 1.519850 -0.421434
v -0.569574 1.170850 0.167365
v -0.843203 1.925260 -0.314650
v 0.710418 1.858060 -0.193368
v 0.134556 0.901423 0.488611
v 0.496570 1.300550 0.600587
v -0.840389 1.633550 -0.177008
v 0.595276 1.560000 0.576798
v 0.614632 1.233680 0.361185
v 0.708169 1.899560 0.249938
v 0.219078 0.853551 0.317217
v 0.716082 1.442460 -0.203813
v 0.713338 1.493130 0.337395
v 0.617376 1.183010 -0.180024
v 0.221043 0.817278 -0.070245
v 0.467503 1.916690 -0.561881
vt 0.841780 0.984395
vt 0.906244 0.001282
vt 0.970677 0.982352
vt 0.853514 0.453139
vt 0.501935 0.001282
vt 0.501935 0.466824
vt 0.796853 0.001282
vt 0.150385 0.453139
vt 0.990214 0.435552
vt 0.097625 0.001282
vt 0.011704 0.435552
vt 0.501935 0.980493
vt 0.011704 0.435552
vt 0.207016 0.001282
vt 0.097625 0.001282
vt 0.162089 0.984395
vt 0.207016 0.001282
vt 0.162089 0.984395
vt 0.011704 0.435552
vt 0.097625 0.001282
vt 0.162089 0.984395
vt 0.207016 0.001282
vt 0.853514 0.453139
vt 0.841780 0.984395
vt 0.990214 0.435552
vt 0.796853 0.001282
vt 0.150385 0.453139
vt 0.501935 0.980493
vt 0.501935 0.001282
vt 0.906244 0.001282
vt 0.501935 0.980493
vt 0.501935 0.001282
vt 0.150385 0.453139
vt 0.796853 0.001282
vt 0.501935 0.466824
vt 0.501935 0.466824
vt 0.501935 0.980493
vt 0.150385 0.453139
vt 0.501935 0.466824
vt 0.501935 0.001282
vt 0.011704 0.435552
vt 0.207016 0.001282
vt 0.162089 0.984395
vt 0.990214 0.435552
vt 0.796853 0.001282
vt 0.906244 0.001282
vt 0.841780 0.984395
vt 0.097625 0.001282
vt 0.841780 0.984395
vt 0.853514 0.453139
vt 0.906244 0.001282
vt 0.970677 0.982352
vt 0.853514 0.453139
vt 0.970677 0.982352
vt 0.906244 0.001282
vt 0.796853 0.001282
vt 0.853514 0.453139
vt 0.841780 0.984395
vt 0.501935 0.980493
vt 0.501935 0.001282
vt 0.501935 0.466824
vt 0.162089 0.984395
vt 0.970677 0.982352
vt 0.990214 0.435552
vt 0.097625 0.001282
vt 0.150385 0.453139
vt 0.097625 0.001282
vt 0.011704 0.435552
vt 0.990214 0.435552
vt 0.207016 0.001282
vt 0.011704 0.435552
vt 0.207016 0.001282
vt 0.990214 0.435552
vt 0.970677 0.982352
vt 0.011704 0.435552
vt 0.097625 0.001282
vt 0.906244 0.001282
vt 0.841780 0.984395
vt 0.853514 0.453139
vt 0.501935 0.466824
vt 0.207016 0.001282
vt 0.162089 0.984395
vt 0.150385 0.453139
vt 0.796853 0.001282
vt 0.150385 0.453139
vt 0.501935 0.980493
vt 0.162089 0.984395
vt 0.501935 0.001282
vt 0.501935 0.980493
vt 0.501935 0.001282
vt 0.150385 0.453139
vt 0.162089 0.984395
vt 0.501935 0.001282
vt 0.501935 0.980493
vt 0.097625 0.001282
vt 0.011704 0.435552
vt 0.207016 0.001282
vt 0.841780 0.984395
vt 0.501935 0.466824
vt 0.796853 0.001282
vt 0.906244 0.001282
vt 0.990214 0.435552
vt 0.796853 0.001282
vt 0.906244 0.001282
vt 0.501935 0.466824
vt 0.853514 0.453139
vt 0.841780 0.984395
vt 0.853514 0.453139
vt 0.796853 0.001282
vt 0.501935 0.466824
vt 0.841780 0.984395
vt 0.906244 0.001282
vt 0.150385 0.453139
vt 0.501935 0.980493
vt 0.501935 0.001282
vt 0.207016 0.001282
vt 0.853514 0.453139
vt 0.970677 0.982352
vt 0.990214 0.435552
vt 0.162089 0.984395
vt 0.990214 0.435552
vt 0.097625 0.001282
vt 0.970677 0.982352
vt 0.011704 0.435552
vt 0.097625 0.001282
vt 0.011704 0.435552
vt 0.970677 0.982352
vt 0.853514 0.453139
vt 0.097625 0.001282
vt 0.990214 0.435552
vt 0.796853 0.001282
vt 0.906244 0.001282
vt 0.841780 0.984395
vt 0.501935 0.001282
vt 0.011704 0.435552
vt 0.207016 0.001282
vt 0.162089 0.984395
vt 0.501935 0.466824
vt 0.162089 0.984395
vt 0.150385 0.453139
vt 0.207016 0.001282
vt 0.501935 0.980493
vt 0.150385 0.453139
vt 0.501935 0.980493
vt 0.207016 0.001282
vt 0.011704 0.435552
vt 0.150385 0.453139
vt 0.162089 0.984395
vt 0.970677 0.982352
vt 0.990214 0.435552
vt 0.097625 0.001282
vt 0.841780 0.984395
vt 0.501935 0.980493
vt 0.501935 0.001282
vt 0.501935 0.466824
vt 0.853514 0.453139
vt 0.501935 0.466824
vt 0.796853 0.001282
vt 0.501935 0.001282
vt 0.906244 0.001282
vt 0.796853 0.001282
vt 0.906244 0.001282
vt 0.501935 0.001282
vt 0.501935 0.980493
vt 0.796853 0.001282
vt 0.501935 0.466824
vt 0.207016 0.001282
vt 0.162089 0.984395
vt 0.150385 0.453139
vt 0.097625 0.001282
vt 0.906244 0.001282
vt 0.841780 0.984395
vt 0.853514 0.453139
vt 0.011704 0.435552
vt 0.853514 0.453139
vt 0.970677 0.982352
vt 0.841780 0.984395
vt 0.990214 0.435552
vt 0.970677 0.982352
vt 0.990214 0.435552
vt 0.853514 0.453139
vt 0.906244 0.001282
vt 0.841780 0.984395
vt 0.990214 0.435552
vt 0.501935 0.001282
vt 0.501935 0.466824
vt 0.796853 0.001282
vt 0.150385 0.453139
vt 0.970677 0.982352
vt 0.097625 0.001282
vt 0.011704 0.435552
vt 0.501935 0.980493
vt 0.011704 0.435552
vt 0.207016 0.001282
vt 0.097625 0.001282
vt 0.162089 0.984395
vt 0.207016 0.001282
vt 0.162089 0.984395
vt 0.097625 0.001282
vt 0.970677 0.982352
vt 0.207016 0.001282
vt 0.011704 0.435552
vt 0.853514 0.453139
vt 0.990214 0.435552
vt 0.841780 0.984395
vt 0.796853 0.001282
vt 0.162089 0.984395
vt 0.150385 0.453139
vt 0.501935 0.980493
vt 0.906244 0.001282
vt 0.501935 0.980493
vt 0.501935 0.001282
vt 0.150385 0.453139
vt 0.501935 0.466824
vt 0.501935 0.001282
vt 0.501935 0.466824
vt 0.150385 0.453139
vt 0.162089 0.984395
vt 0.501935 0.001282
vt 0.501935 0.980493
vt 0.097625 0.001282
vt 0.011704 0.435552
vt 0.207016 0.001282
vt 0.841780 0.984395
vt 0.501935 0.466824
vt 0.796853 0.001282
vt 0.906244 0.001282
vt 0.970677 0.982352
vt 0.906244 0.001282
vt 0.853514 0.453139
vt 0.796853 0.001282
vt 0.853514 0.453139
vt 0.841780 0.984395
vt 0.990214 0.435552
vt 0.796853 0.001282
vt 0.501935 0.466824
vt 0.853514 0.453139
vt 0.906244 0.001282
vt 0.150385 0.453139
vt 0.501935 0.980493
vt 0.501935 0.001282
vt 0.207016 0.001282
vt 0.990214 0.435552
vt 0.841780 0.984395
vt 0.970677 0.982352
vt 0.162089 0.984395
vt 0.990214 0.435552
vt 0.097625 0.001282
vt 0.970677 0.982352
vt 0.011704 0.435552
vt 0.097625 0.001282
vt 0.011704 0.435552
vt 0.970677 0.982352
vt 0.853514 0.453139
vt 0.097625 0.001282
vt 0.990214 0.435552
vt 0.796853 0.001282
vt 0.906244 0.001282
vt 0.841780 0.984395
vt 0.501935 0.001282
vt 0.011704 0.435552
vt 0.207016 0.001282
vt 0.162089 0.984395
vt 0.501935 0.466824
vt 0.162089 0.984395
vt 0.150385 0.453139
vt 0.207016 0.001282
vt 0.501935 0.980493
vt 0.150385 0.453139
vt 0.501935 0.980493
vt 0.207016 0.001282
vt 0.011704 0.435552
vt 0.150385 0.453139
vt 0.162089 0.984395
vt 0.841780 0.984395
vt 0.970677 0.982352
vt 0.097625 0.001282
vt 0.853514 0.453139
vt 0.501935 0.980493
vt 0.501935 0.001282
vt 0.501935 0.466824
vt 0.990214 0.435552
vt 0.501935 0.466824
vt 0.796853 0.001282
vt 0.501935 0.001282
vt 0.906244 0.001282
vt 0.796853 0.001282
vt 0.906244 0.001282
vt 0.501935 0.001282
vt 0.501935 0.980493
vt 0.796853 0.001282
vt 0.501935 0.466824
vt 0.207016 0.001282
vt 0.162089 0.984395
vt 0.150385 0.453139
vt 0.097625 0.001282
vt 0.906244 0.001282
vt 0.841780 0.984395
vt 0.853514 0.453139
vt 0.011704 0.435552
vt 0.853514 0.453139
vt 0.970677 0.982352
vt 0.841780 0.984395
vt 0.990214 0.435552
vt 0.970677 0.982352
vt 0.990214 0.435552
vt 0.853514 0.453139
vt 0.906244 0.001282
vt 0.841780 0.984395
vt 0.990214 0.435552
vt 0.501935 0.001282
vt 0.501935 0.466824
vt 0.796853 0.001282
vt 0.150385 0.453139
vt 0.970677 0.982352
vt 0.097625 0.001282
vt 0.011704 0.435552
vt 0.501935 0.980493
vt 0.011704 0.435552
vt 0.207016 0.001282
vt 0.097625 0.001282
vt 0.162089 0.984395
vt 0.207016 0.001282
vt 0.162089 0.984395
vt 0.097625 0.001282
vt 0.970677 0.982352
vt 0.207016 0.001282
vt 0.011704 0.435552
vt 0.853514 0.453139
vt 0.990214 0.435552
vt 0.841780 0.984395
vt 0.796853 0.001282
vt 0.162089 0.984395
vt 0.150385 0.453139
vt 0.501935 0.980493
vt 0.906244 0.001282
vt 0.501935 0.980493
vt 0.501935 0.001282
vt 0.150385 0.453139
vt 0.501935 0.466824
vt 0.501935 0.001282
vt 0.501935 0.466824
vt 0.150385 0.453139
vt 0.162089 0.984395
vt 0.501935 0.001282
vt 0.501935 0.980493
vt 0.097625 0.001282
vt 0.011704 0.435552
vt 0.207016 0.001282
vt 0.841780 0.984395
vt 0.501935 0.466824
vt 0.796853 0.001282
vt 0.906244 0.001282
vt 0.970677 0.982352
vt 0.906244 0.001282
vt 0.853514 0.453139
vt 0.796853 0.001282
vt 0.990214 0.435552
vt 0.853514 0.453139
vt 0.990214 0.435552
vt 0.853514 0.453139
vt 0.906244 0.001282
vt 0.796853 0.001282
vt 0.990214 0.435552
vt 0.996066 0.664087
vt 0.857416 0.662136
vt 0.501935 0.980493
vt 0.162089 0.984395
vt 0.007803 0.666037
vt 0.207016 0.001282
vt 0.011704 0.435552
vt 0.097625 0.001282
vt 0.501935 0.664087
vt 0.146484 0.662136
vt 0.150385 0.453139
vt 0.501935 0.466824
vt 0.501935 0.001282
vt 0.841780 0.984395
vt 0.853514 0.453139
vt 0.906244 0.001282
vt 0.796853 0.001282
vt 0.990214 0.435552
vt 0.996066 0.664087
vt 0.857416 0.662136
vt 0.501935 0.980493
vt 0.162089 0.984395
vt 0.007803 0.666037
vt 0.207016 0.001282
vt 0.011704 0.435552
vt 0.097625 0.001282
vt 0.501935 0.664087
vt 0.146484 0.662136
vt 0.150385 0.453139
vt 0.501935 0.466824
vt 0.501935 0.001282
vt 0.841780 0.984395
vt 0.853514 0.453139
vt 0.906244 0.001282
vt 0.796853 0.001282
vt 0.990214 0.435552
vt 0.996066 0.664087
vt 0.857416 0.662136
vt 0.501935 0.980493
vt 0.162089 0.984395
vt 0.007803 0.666037
vt 0.207016 0.001282
vt 0.011704 0.435552
vt 0.097625 0.001282
vt 0.501935 0.664087
vt 0.146484 0.662136
vt 0.150385 0.453139
vt 0.501935 0.466824
vt 0.501935 0.001282
vt 0.841780 0.984395
vt 0.853514 0.453139
vt 0.906244 0.001282
vt 0.796853 0.001282
vt 0.990214 0.435552
vt 0.996066 0.664087
vt 0.857416 0.662136
vt 0.796853 0.001282
vt 0.501935 0.466824
vt 0.841780 0.984395
vt 0.906244 0.001282
vt 0.150385 0.453139
vt 0.501935 0.980493
vt 0.501935 0.001282
vt 0.207016 0.001282
vt 0.853514 0.453139
vt 0.970677 0.982352
vt 0.990214 0.435552
vt 0.162089 0.984395
vt 0.970677 0.982352
vt 0.097625 0.001282
vt 0.841780 0.984395
vt 0.011704 0.435552
vt 0.097625 0.001282
vt 0.011704 0.435552
vt 0.841780 0.984395
vt 0.990214 0.435552
vt 0.097625 0.001282
vt 0.970677 0.982352
vt 0.796853 0.001282
vt 0.906244 0.001282
vt 0.853514 0.453139
vt 0.501935 0.001282
vt 0.011704 0.435552
vt 0.207016 0.001282
vt 0.162089 0.984395
vt 0.501935 0.466824
vt 0.162089 0.984395
vt 0.150385 0.453139
vt 0.207016 0.001282
vt 0.501935 0.980493
vt 0.150385 0.453139
vt 0.501935 0.980493
vt 0.501935 0.980493
vt 0.162089 0.984395
vt 0.011704 0.435552
vt 0.097625 0.001282
vt 0.841780 0.984395
vt 0.970677 0.982352
vt 0.007803 0.666037
vt 0.853514 0.453139
vt 0.207016 0.001282
vt 0.150385 0.453139
vt 0.146484 0.662136
vt 0.990214 0.435552
vt 0.501935 0.466824
vt 0.796853 0.001282
vt 0.501935 0.001282
vt 0.841780 0.984395
vt 0.501935 0.664087
vt 0.906244 0.001282
vt 0.501935 0.980493
vt 0.162089 0.984395
vt 0.011704 0.435552
vt 0.097625 0.001282
vt 0.996066 0.664087
vt 0.990214 0.435552
vt 0.007803 0.666037
vt 0.853514 0.453139
vt 0.207016 0.001282
vt 0.150385 0.453139
vt 0.146484 0.662136
vt 0.857416 0.662136
vt 0.501935 0.466824
vt 0.796853 0.001282
vt 0.501935 0.001282
vt 0.841780 0.984395
vt 0.501935 0.664087
vt 0.906244 0.001282
vt 0.207016 0.001282
vt 0.011704 0.435552
vt 0.150385 0.453139
vt 0.162089 0.984395
vt 0.996066 0.664087
vt 0.990214 0.435552
vt 0.097625 0.001282
vt 0.853514 0.453139
vt 0.501935 0.980493
vt 0.501935 0.001282
vt 0.501935 0.466824
vt 0.857416 0.662136
vt 0.501935 0.466824
vt 0.796853 0.001282
vt 0.501935 0.001282
vt 0.906244 0.001282
vt 0.796853 0.001282
vt 0.906244 0.001282
vt 0.501935 0.001282
vt 0.501935 0.980493
vt 0.796853 0.001282
vt 0.501935 0.466824
vt 0.207016 0.001282
vt 0.162089 0.984395
vt 0.150385 0.453139
vt 0.097625 0.001282
vt 0.906244 0.001282
vt 0.853514 0.453139
vt 0.990214 0.435552
vt 0.011704 0.435552
vt 0.990214 0.435552
vt 0.841780 0.984395
vt 0.853514 0.453139
vt 0.970677 0.982352
vt 0.841780 0.984395
vt 0.970677 0.982352
vt 0.501935 0.001282
vt 0.841780 0.984395
vt 0.796853 0.001282
vt 0.501935 0.466824
vt 0.150385 0.453139
vt 0.146484 0.662136
vt 0.501935 0.664087
vt 0.011704 0.435552
vt 0.906244 0.001282
vt 0.853514 0.453139
vt 0.857416 0.662136
vt 0.207016 0.001282
vt 0.162089 0.984395
vt 0.501935 0.980493
vt 0.007803 0.666037
vt 0.990214 0.435552
vt 0.996066 0.664087
vt 0.097625 0.001282
vt 0.162089 0.984395
vt 0.150385 0.453139
vt 0.501935 0.980493
vt 0.097625 0.001282
vt 0.007803 0.666037
vt 0.011704 0.435552
vt 0.146484 0.662136
vt 0.207016 0.001282
vt 0.501935 0.664087
vt 0.501935 0.001282
vt 0.841780 0.984395
vt 0.906244 0.001282
vt 0.796853 0.001282
vt 0.501935 0.466824
vt 0.501935 0.001282
vt 0.501935 0.980493
vt 0.796853 0.001282
vt 0.501935 0.466824
vt 0.207016 0.001282
vt 0.162089 0.984395
vt 0.150385 0.453139
vt 0.097625 0.001282
vt 0.906244 0.001282
vt 0.853514 0.453139
vt 0.990214 0.435552
vt 0.011704 0.435552
vt 0.857416 0.662136
vt 0.996066 0.664087
vt 0.853514 0.453139
vt 0.970677 0.982352
vt 0.841780 0.984395
vt 0.990214 0.435552
vt 0.501935 0.001282
vt 0.841780 0.984395
vt 0.796853 0.001282
vt 0.501935 0.466824
vt 0.150385 0.453139
vt 0.146484 0.662136
vt 0.501935 0.664087
vt 0.011704 0.435552
vt 0.906244 0.001282
vt 0.853514 0.453139
vt 0.857416 0.662136
vt 0.207016 0.001282
vt 0.162089 0.984395
vt 0.501935 0.980493
vt 0.007803 0.666037
vt 0.990214 0.435552
vt 0.996066 0.664087
vt 0.097625 0.001282
vt 0.007803 0.666037
vt 0.207016 0.001282
vt 0.162089 0.984395
vt 0.150385 0.453139
vt 0.501935 0.980493
vt 0.097625 0.001282
vt 0.501935 0.664087
vt 0.011704 0.435552
vt 0.146484 0.662136
vt 0.501935 0.001282
vt 0.841780 0.984395
vt 0.906244 0.001282
vt 0.796853 0.001282
vt 0.501935 0.466824
vt 0.857416 0.662136
vt 0.501935 0.980493
vt 0.996066 0.664087
vt 0.990214 0.435552
vt 0.853514 0.453139
vt 0.007803 0.666037
vt 0.097625 0.001282
vt 0.162089 0.984395
vt 0.011704 0.435552
vt 0.150385 0.453139
vt 0.207016 0.001282
vt 0.841780 0.984395
vt 0.501935 0.664087
vt 0.146484 0.662136
vt 0.501935 0.980493
vt 0.162089 0.984395
vt 0.011704 0.435552
vt 0.097625 0.001282
vt 0.996066 0.664087
vt 0.990214 0.435552
vt 0.007803 0.666037
vt 0.853514 0.453139
vt 0.207016 0.001282
vt 0.150385 0.453139
vt 0.146484 0.662136
vt 0.857416 0.662136
vt 0.501935 0.466824
vt 0.796853 0.001282
vt 0.501935 0.001282
vt 0.841780 0.984395
vt 0.501935 0.664087
vt 0.906244 0.001282
vt 0.501935 0.980493
vt 0.162089 0.984395
vt 0.011704 0.435552
vt 0.097625 0.001282
vt 0.996066 0.664087
vt 0.990214 0.435552
vt 0.007803 0.666037
vt 0.853514 0.453139
vt 0.207016 0.001282
vt 0.150385 0.453139
vt 0.146484 0.662136
vt 0.857416 0.662136
vt 0.501935 0.466824
vt 0.796853 0.001282
vt 0.501935 0.001282
vt 0.841780 0.984395
vt 0.501935 0.664087
vt 0.906244 0.001282
vt 0.501935 0.466824
vt 0.996066 0.664087
vt 0.796853 0.001282
vt 0.906244 0.001282
vt 0.501935 0.001282
vt 0.853514 0.453139
vt 0.990214 0.435552
vt 0.857416 0.662136
vt 0.007803 0.666037
vt 0.501935 0.980493
vt 0.162089 0.984395
vt 0.207016 0.001282
vt 0.011704 0.435552
vt 0.097625 0.001282
vt 0.146484 0.662136
vt 0.796853 0.001282
vt 0.501935 0.664087
vt 0.841780 0.984395
vt 0.150385 0.453139
vt 0.501935 0.001282
vt 0.906244 0.001282
vt 0.501935 0.466824
vt 0.853514 0.453139
vt 0.996066 0.664087
vt 0.857416 0.662136
vt 0.162089 0.984395
vt 0.007803 0.666037
vt 0.990214 0.435552
vt 0.501935 0.980493
vt 0.150385 0.453139
vt 0.501935 0.664087
vt 0.146484 0.662136
vt 0.097625 0.001282
vt 0.011704 0.435552
vt 0.501935 0.001282
vt 0.207016 0.001282
vt 0.841780 0.984395
vt 0.796853 0.001282
vt 0.501935 0.466824
vt 0.857416 0.662136
vt 0.853514 0.453139
vt 0.906244 0.001282
vt 0.996066 0.664087
vt 0.025725 0.604286
vt 0.990214 0.435552
vt 0.164223 0.600263
vt 0.029626 0.370235
vt 0.025633 0.600446
vt 0.162943 0.590327
vt 0.168124 0.387669
vt 0.168216 0.391510
vt 0.518363 0.908623
vt 0.178670 0.912433
vt 0.504739 0.910055
vt 0.149349 0.591790
vt 0.504708 0.593801
vt 0.500411 0.593588
vt 0.232161 0.001282
vt 0.500502 0.909811
vt 0.036667 0.392668
vt 0.840195 0.913804
vt 0.097625 0.001282
vt 0.231887 0.001282
vt 0.036971 0.393491
vt 0.175165 0.410193
vt 0.218476 0.001282
vt 0.513242 0.001282
vt 0.516808 0.001282
vt 0.516778 0.425677
vt 0.161754 0.411047
vt 0.512907 0.405926
vt 0.156512 0.604347
vt 0.161449 0.392363
vt 0.157487 0.601116
vt 0.165320 0.412053
vt 0.511871 0.606176
vt 0.845102 0.395624
vt 0.511932 0.409127
vt 0.493644 0.409401
vt 0.847754 0.600781
vt 0.493583 0.606450
vt 0.845193 0.590418
vt 0.492394 0.602854
vt 0.843913 0.392028
vt 0.489834 0.592308
vt 0.844431 0.411047
vt 0.829618 0.912524
vt 0.787831 0.001282
vt 0.781126 0.001282
vt 0.486390 0.001282
vt 0.492943 0.424763
vt 0.486299 0.426500
vt 0.771311 0.001282
vt 0.880458 0.001282
vt 0.827820 0.414400
vt 0.883841 0.001282
vt 0.967721 0.390930
vt 0.831173 0.408517
vt 0.836873 0.393978
vt 0.978510 0.596758
vt 0.007803 0.666037
vt 0.972719 0.368467
vt 0.840713 0.602762
vt 0.973451 0.376300
vt 0.501935 0.980493
vt 0.839981 0.594929
vt 0.162089 0.984395
vt 0.011704 0.435552
vt 0.097625 0.001282
vt 0.146484 0.662136
vt 0.150385 0.453139
vt 0.207016 0.001282
vt 0.501935 0.664087
vt 0.796853 0.001282
vt 0.906244 0.001282
vt 0.853514 0.453139
vt 0.841780 0.984395
vt 0.501935 0.001282
vt 0.857416 0.662136
vt 0.501935 0.466824
vt 0.996066 0.664087
vt 0.007803 0.666037
vt 0.990214 0.435552
vt 0.097625 0.001282
vt 0.501935 0.980493
vt 0.162089 0.984395
vt 0.011704 0.435552
vt 0.841780 0.984395
vt 0.207016 0.001282
vt 0.501935 0.001282
vt 0.150385 0.453139
vt 0.146484 0.662136
vt 0.501935 0.466824
vt 0.501935 0.664087
vt 0.796853 0.001282
vt 0.853514 0.453139
vt 0.906244 0.001282
vt 0.990214 0.435552
vt 0.996066 0.664087
vt 0.857416 0.662136
vt 0.007803 0.666037
vt 0.011704 0.435552
vt 0.207016 0.001282
vt 0.150385 0.453139
vt 0.162089 0.984395
vt 0.501935 0.980493
vt 0.146484 0.662136
vt 0.097625 0.001282
vt 0.501935 0.664087
vt 0.501935 0.001282
vt 0.841780 0.984395
vt 0.906244 0.001282
vt 0.796853 0.001282
vt 0.501935 0.466824
vt 0.853514 0.453139
vt 0.162089 0.984395
vt 0.857416 0.662136
vt 0.501935 0.980493
vt 0.996066 0.664087
vt 0.990214 0.435552
vt 0.011704 0.435552
vt 0.007803 0.666037
vt 0.097625 0.001282
vt 0.150385 0.453139
vt 0.207016 0.001282
vt 0.841780 0.984395
vt 0.501935 0.664087
vt 0.146484 0.662136
vt 0.501935 0.001282
vt 0.853514 0.453139
vt 0.857416 0.662136
vt 0.996066 0.664087
vt 0.501935 0.466824
vt 0.796853 0.001282
vt 0.007803 0.666037
vt 0.906244 0.001282
vt 0.990214 0.435552
vt 0.501935 0.980493
vt 0.162089 0.984395
vt 0.207016 0.001282
vt 0.011704 0.435552
vt 0.097625 0.001282
vt 0.146484 0.662136
vt 0.796853 0.001282
vt 0.501935 0.664087
vt 0.841780 0.984395
vt 0.150385 0.453139
vt 0.501935 0.001282
vt 0.906244 0.001282
vt 0.501935 0.466824
vt 0.853514 0.453139
vt 0.996066 0.664087
vt 0.857416 0.662136
vt 0.162089 0.984395
vt 0.007803 0.666037
vt 0.990214 0.435552
vt 0.501935 0.980493
vt 0.146484 0.662136
vt 0.097625 0.001282
vt 0.501935 0.664087
vt 0.011704 0.435552
vt 0.207016 0.001282
vt 0.501935 0.001282
vt 0.150385 0.453139
vt 0.841780 0.984395
vt 0.796853 0.001282
vt 0.501935 0.466824
vt 0.857416 0.662136
vt 0.853514 0.453139
vt 0.906244 0.001282
vt 0.990214 0.435552
vt 0.011704 0.435552
vt 0.007803 0.666037
vt 0.162089 0.984395
vt 0.996066 0.664087
vt 0.501935 0.980493
vt 0.207016 0.001282
vt 0.097625 0.001282
vt 0.150385 0.453139
vt 0.501935 0.664087
vt 0.146484 0.662136
vt 0.501935 0.466824
vt 0.501935 0.001282
vt 0.841780 0.984395
vt 0.796853 0.001282
vt 0.996066 0.664087
vt 0.007803 0.666037
vt 0.990214 0.435552
vt 0.906244 0.001282
vt 0.853514 0.453139
vt 0.162089 0.984395
vt 0.857416 0.662136
vt 0.501935 0.980493
vt 0.011704 0.435552
vt 0.097625 0.001282
vt 0.146484 0.662136
vt 0.150385 0.453139
vt 0.207016 0.001282
vt 0.501935 0.664087
vt 0.796853 0.001282
vt 0.906244 0.001282
vt 0.853514 0.453139
vt 0.841780 0.984395
vt 0.501935 0.001282
vt 0.996066 0.664087
vt 0.501935 0.466824
vt 0.857416 0.662136
vt 0.007803 0.666037
vt 0.990214 0.435552
vt 0.097625 0.001282
vt 0.501935 0.980493
vt 0.162089 0.984395
vt 0.011704 0.435552
vt 0.501935 0.664087
vt 0.841780 0.984395
vt 0.501935 0.001282
vt 0.207016 0.001282
vt 0.150385 0.453139
vt 0.796853 0.001282
vt 0.146484 0.662136
vt 0.501935 0.466824
vt 0.853514 0.453139
vt 0.906244 0.001282
vt 0.990214 0.435552
vt 0.996066 0.664087
vt 0.857416 0.662136
vt 0.007803 0.666037
vt 0.011704 0.435552
vt 0.207016 0.001282
vt 0.150385 0.453139
vt 0.162089 0.984395
vt 0.501935 0.980493
vt 0.501935 0.664087
vt 0.097625 0.001282
vt 0.146484 0.662136
vt 0.501935 0.001282
vt 0.841780 0.984395
vt 0.906244 0.001282
vt 0.796853 0.001282
vt 0.501935 0.466824
vt 0.853514 0.453139
vt 0.007803 0.666037
vt 0.162089 0.984395
vt 0.501935 0.980493
vt 0.857416 0.662136
vt 0.996066 0.664087
vt 0.011704 0.435552
vt 0.990214 0.435552
vt 0.097625 0.001282
vt 0.150385 0.453139
vt 0.207016 0.001282
vt 0.841780 0.984395
vt 0.501935 0.664087
vt 0.146484 0.662136
vt 0.501935 0.001282
vt 0.853514 0.453139
vt 0.857416 0.662136
vt 0.996066 0.664087
vt 0.501935 0.466824
vt 0.796853 0.001282
vt 0.007803 0.666037
vt 0.906244 0.001282
vt 0.990214 0.435552
vt 0.501935 0.980493
vt 0.162089 0.984395
vt 0.207016 0.001282
vt 0.011704 0.435552
vt 0.097625 0.001282
vt 0.841780 0.984395
vt 0.501935 0.466824
vt 0.501935 0.001282
vt 0.150385 0.453139
vt 0.146484 0.662136
vt 0.906244 0.001282
vt 0.501935 0.664087
vt 0.796853 0.001282
vt 0.857416 0.662136
vt 0.853514 0.453139
vt 0.007803 0.666037
vt 0.990214 0.435552
vt 0.996066 0.664087
vt 0.162089 0.984395
vt 0.207016 0.001282
vt 0.150385 0.453139
vt 0.146484 0.662136
vt 0.501935 0.980493
vt 0.097625 0.001282
vt 0.841780 0.984395
vt 0.011704 0.435552
vt 0.501935 0.664087
vt 0.501935 0.466824
vt 0.501935 0.001282
vt 0.853514 0.453139
vt 0.906244 0.001282
vt 0.796853 0.001282
vt 0.857416 0.662136
vt 0.162089 0.984395
vt 0.501935 0.980493
vt 0.097625 0.001282
vt 0.996066 0.664087
vt 0.990214 0.435552
vt 0.207016 0.001282
vt 0.007803 0.666037
vt 0.011704 0.435552
vt 0.146484 0.662136
vt 0.150385 0.453139
vt 0.501935 0.001282
vt 0.841780 0.984395
vt 0.501935 0.664087
vt 0.501935 0.466824
vt 0.857416 0.662136
vt 0.996066 0.664087
vt 0.990214 0.435552
vt 0.796853 0.001282
vt 0.906244 0.001282
vt 0.162089 0.984395
vt 0.853514 0.453139
vt 0.007803 0.666037
vt 0.097625 0.001282
vt 0.501935 0.980493
vt 0.150385 0.453139
vt 0.207016 0.001282
vt 0.011704 0.435552
vt 0.146484 0.662136
vt 0.501935 0.466824
vt 0.796853 0.001282
vt 0.906244 0.001282
vt 0.501935 0.664087
vt 0.841780 0.984395
vt 0.857416 0.662136
vt 0.501935 0.001282
vt 0.853514 0.453139
vt 0.990214 0.435552
vt 0.996066 0.664087
vt 0.501935 0.980493
vt 0.162089 0.984395
vt 0.007803 0.666037
vt 0.150385 0.453139
vt 0.501935 0.664087
vt 0.146484 0.662136
vt 0.097625 0.001282
vt 0.011704 0.435552
vt 0.501935 0.001282
vt 0.207016 0.001282
vt 0.841780 0.984395
vt 0.796853 0.001282
vt 0.501935 0.466824
vt 0.857416 0.662136
vt 0.853514 0.453139
vt 0.906244 0.001282
vt 0.996066 0.664087
vt 0.501935 0.980493
vt 0.097625 0.001282
vt 0.011704 0.435552
vt 0.990214 0.435552
vt 0.007803 0.666037
vt 0.150385 0.453139
vt 0.162089 0.984395
vt 0.207016 0.001282
vt 0.501935 0.664087
vt 0.146484 0.662136
vt 0.501935 0.466824
vt 0.501935 0.001282
vt 0.841780 0.984395
vn 0.049016 0.284987 -0.957277
vn -0.289932 -0.400648 -0.869150
vn -0.320058 0.282711 -0.904233
vn -0.084508 -0.014784 -0.996313
vn 0.495193 -0.403194 -0.769557
vn 0.408890 0.029658 -0.912101
vn 0.053666 -0.390249 -0.919144
vn 0.773307 -0.104989 -0.625279
vn -0.326100 -0.023684 -0.945038
vn 0.345923 -0.402134 0.847718
vn 0.366913 -0.122645 0.922135
vn 0.423063 0.287152 -0.859396
vn 0.931377 -0.149543 -0.331923
vn 0.764272 -0.420850 -0.488645
vn 0.846617 -0.426528 -0.318299
vn 0.648459 0.285133 0.705833
vn 0.512867 -0.401986 0.758534
vn 0.740719 0.269580 -0.615355
vn -0.369336 -0.074565 -0.926299
vn -0.314956 -0.355609 -0.879969
vn -0.691203 0.274974 -0.668302
vn -0.478956 -0.383446 -0.789665
vn 0.993392 -0.076715 -0.085370
vn 0.962340 0.271502 -0.013714
vn 0.930732 -0.049820 -0.362293
vn 0.914838 -0.402647 0.030769
vn -0.655187 -0.090372 -0.750042
vn -0.914527 0.219216 -0.339978
vn -0.741904 -0.437986 -0.507688
vn 0.850919 -0.424078 -0.309990
vn 0.879766 0.287912 0.378310
vn 0.782947 -0.398039 0.478078
vn 0.654284 -0.088193 0.751089
vn -0.863170 -0.501114 -0.061822
vn -0.932816 -0.042751 -0.357808
vn 0.928135 0.029288 0.371090
vn 0.395186 0.189546 -0.898833
vn 0.770858 -0.145765 -0.620106
vn 0.395766 -0.073142 -0.915434
vn 0.509339 -0.476502 -0.716602
vn 0.934701 -0.140249 -0.326594
vn 0.782228 -0.439728 -0.441314
vn 0.716147 0.224089 -0.660998
vn -0.911261 -0.192200 0.364229
vn 0.066121 -0.509691 -0.857813
vn -0.275650 -0.532782 -0.800100
vn 0.020821 0.152429 -0.988095
vn 0.866745 -0.417105 -0.273454
vn -0.987033 0.156741 0.034626
vn -0.978701 -0.159963 0.128668
vn -0.790231 -0.547855 0.274571
vn -0.346814 0.136324 -0.927974
vn -0.095058 -0.157020 -0.983010
vn -0.910482 0.115193 0.397182
vn 0.865939 -0.416506 -0.276896
vn 0.888564 -0.453725 0.067728
vn 0.997494 -0.069523 -0.013149
vn 0.964635 0.212489 0.155975
vn 0.837184 0.172957 0.518853
vn 0.703367 -0.513479 0.491543
vn 0.876378 -0.083486 0.474333
vn 0.567713 0.130794 0.812770
vn 0.941491 0.261229 -0.212966
vn 0.965456 -0.043856 -0.256847
vn -0.820197 -0.499042 0.279702
vn 0.554021 -0.244675 0.795735
vn 0.224650 -0.552006 0.803008
vn 0.246846 -0.289741 0.924726
vn -0.335079 -0.172603 -0.926245
vn -0.739991 -0.498881 0.451145
vn -0.922816 -0.229454 0.309452
vn 0.401117 -0.547038 0.734748
vn 0.318096 -0.062440 0.946000
vn 0.292650 0.244907 0.924325
vn -0.366060 -0.128874 -0.921624
vn -0.298003 -0.404902 -0.864435
vn 0.307080 -0.435400 0.846244
vn -0.076281 0.220232 0.972460
vn 0.075974 -0.072261 0.994488
vn -0.418452 -0.054225 0.906619
vn -0.460378 -0.437106 -0.772652
vn -0.704347 0.214485 -0.676677
vn -0.650646 -0.151611 -0.744093
vn -0.036901 -0.450155 0.892188
vn -0.770707 -0.193502 0.607098
vn -0.448741 0.204655 0.869912
vn -0.762314 0.182254 0.621016
vn -0.720115 -0.493224 -0.488021
vn -0.924409 0.160916 -0.345795
vn -0.475254 -0.481831 0.736188
vn 0.378973 -0.191524 0.905372
vn 0.451932 0.176143 0.874489
vn 0.526008 -0.523498 0.670273
vn 0.765988 0.132666 0.629017
vn 0.005969 -0.444074 0.895970
vn 0.052643 -0.171659 0.983749
vn 0.189104 -0.475005 0.859424
vn -0.992967 0.109143 0.045866
vn 0.768440 -0.130525 0.626469
vn 0.780500 -0.558421 0.281046
vn 0.816749 -0.573422 -0.064101
vn -0.900511 -0.221799 0.374011
vn -0.837789 -0.544550 -0.039680
vn -0.762387 -0.574392 0.298060
vn -0.929931 -0.102136 -0.353265
vn 0.962536 -0.211210 0.170045
vn 0.951648 0.095796 0.291871
vn -0.965174 -0.242941 0.097048
vn -0.575203 -0.569334 0.587368
vn -0.918770 -0.235909 0.316557
vn -0.789896 0.071635 0.609043
vn -0.314448 -0.500844 0.806398
vn -0.913605 -0.380142 -0.144283
vn -0.963359 0.018830 0.267555
vn -0.751473 -0.639721 0.161382
vn -0.721807 -0.653935 -0.226634
vn -0.646427 -0.197138 0.737068
vn -0.512774 0.153609 0.844670
vn -0.451221 -0.147268 0.880177
vn -0.991276 -0.012371 -0.131224
vn 0.972438 -0.220180 -0.076714
vn -0.652961 -0.641610 -0.402466
vn 0.992987 0.088288 -0.078620
vn -0.847384 -0.196817 0.493156
vn -0.787094 -0.466103 0.404019
vn -0.795681 -0.395541 -0.458736
vn 0.524387 0.072431 0.848394
vn 0.293631 -0.232524 0.927207
vn 0.805772 -0.508270 -0.303961
vn 0.517518 -0.235573 0.822606
vn 0.116242 -0.579059 0.806957
vn 0.439715 -0.586164 0.680487
vn 0.176187 0.071526 0.981755
vn -0.346827 -0.549209 0.760316
vn 0.909128 -0.239797 -0.340564
vn 0.719297 -0.509420 -0.472339
vn 0.740154 0.169597 -0.650698
vn -0.202028 -0.159679 0.966275
vn -0.571834 0.146380 0.807205
vn -0.627707 -0.220571 0.746547
vn -0.670140 -0.499381 0.549119
vn 0.417776 0.191561 -0.888126
vn 0.746397 -0.206030 -0.632806
vn -0.209026 0.103368 0.972432
vn 0.373307 -0.595017 0.711756
vn 0.249795 -0.328265 0.910958
vn 0.555332 -0.309097 0.772053
vn 0.604090 0.063165 0.794409
vn -0.324805 0.236754 -0.915669
vn -0.353221 -0.070615 -0.932871
vn 0.199540 -0.585080 0.786044
vn 0.041902 0.208780 -0.977065
vn 0.866360 0.085965 0.491966
vn 0.669075 -0.584737 0.458716
vn 0.880277 -0.172115 0.442141
vn -0.113124 -0.082788 -0.990126
vn 0.384323 -0.067473 -0.920730
vn 0.000773 -0.460351 -0.887737
vn 0.444347 -0.493568 -0.747627
vn 0.814221 -0.488739 -0.313333
vn 0.844785 -0.534283 0.029669
vn -0.341177 -0.442502 -0.829332
vn 0.772181 -0.635258 0.013540
vn 0.992100 0.123526 -0.021863
vn 0.703572 -0.563414 -0.433072
vn 0.948184 -0.288624 -0.132827
vn 0.649435 -0.643962 0.404410
vn 0.878893 0.113130 0.463410
vn 0.896731 -0.240767 0.371356
vn 0.535883 -0.629128 0.563051
vn 0.558322 -0.504529 -0.658580
vn 0.893288 0.119950 -0.433184
vn 0.853677 -0.109412 -0.509181
vn 0.658227 -0.350801 0.666091
vn 0.985865 -0.160218 -0.049002
vn 0.953923 0.177929 -0.241602
vn 0.984757 0.120417 0.125514
vn 0.680426 -0.129490 -0.721286
vn 0.716770 0.174048 -0.675240
vn 0.948230 -0.127197 -0.290998
vn -0.971925 -0.232918 -0.033340
vn -0.769685 -0.605700 0.201775
vn -0.972604 0.218944 -0.078134
vn -0.965843 -0.084349 0.245015
vn -0.528733 -0.529958 -0.663013
vn -0.829544 -0.121164 -0.545138
vn -0.776798 -0.606710 -0.168783
vn -0.449536 -0.072225 -0.890338
vn -0.977569 0.138616 0.158569
vn 0.840153 -0.524361 -0.138524
vn 0.940000 -0.245484 -0.236934
vn -0.688361 0.264146 -0.675563
vn -0.132089 -0.139234 -0.981410
vn -0.255203 -0.442324 -0.859779
vn -0.084995 -0.415193 -0.905754
vn 0.738437 0.094812 -0.667624
vn 0.763079 -0.564429 -0.314849
vn -0.447180 0.225858 -0.865459
vn 0.105166 -0.636006 0.764485
vn -0.206780 -0.011339 -0.978322
vn 0.281021 -0.653830 0.702519
vn 0.152739 -0.387753 0.909020
vn 0.067183 -0.267622 -0.961179
vn -0.219219 -0.221240 -0.950261
vn -0.020052 -0.004201 -0.999790
vn 0.108302 -0.636567 -0.763579
vn 0.457977 0.008769 0.888921
vn 0.503529 -0.301331 0.809727
vn 0.746398 0.022167 0.665131
vn -0.204716 -0.658634 -0.724081
vn 0.338996 0.023512 -0.940494
vn 0.508659 -0.610338 -0.607251
vn 0.780655 -0.283459 -0.556982
vn 0.855781 -0.277153 0.436835
vn 0.596329 -0.652376 0.467757
vn 0.470896 -0.262657 -0.842180
vn -0.868385 -0.118715 0.481471
vn -0.817970 0.266837 0.509631
vn -0.659385 -0.416207 0.626085
vn -0.569502 0.260039 0.779774
vn -0.879935 -0.456240 0.132515
vn -0.971560 -0.161995 0.172712
vn -0.838511 -0.442384 0.318113
vn 0.986510 0.109963 0.121267
vn -0.592010 0.007556 0.805895
vn -0.313245 -0.417776 0.852843
vn 0.011665 -0.450483 0.892709
vn 0.958412 0.187070 -0.215525
vn 0.788996 -0.524729 -0.319600
vn 0.965321 -0.260287 0.020178
vn 0.802567 -0.595142 0.041130
vn -0.186719 -0.055735 0.980831
vn -0.274536 0.243958 0.930115
vn 0.965841 -0.043009 -0.255541
vn -0.873410 -0.455135 0.173224
vn -0.951341 -0.106984 -0.288973
vn -0.969770 -0.028428 0.242357
vn -0.767836 -0.411594 0.490936
vn -0.695915 -0.210782 -0.686493
vn -0.959774 0.239844 -0.145976
vn -0.791932 -0.516526 -0.325645
vn -0.538199 -0.525618 -0.658838
vn -0.842198 0.063386 0.535429
vn -0.908503 0.264263 0.323710
vn -0.809549 0.274128 0.519118
vn -0.694317 0.200087 -0.691295
vn 0.046917 -0.079874 0.995700
vn -0.385930 -0.514705 -0.765596
vn 0.069038 0.228701 0.971046
vn 0.891043 -0.432861 -0.136655
vn 0.738531 -0.669364 -0.080772
vn -0.406509 -0.241022 -0.881283
vn -0.125079 0.099454 -0.987150
vn 0.023732 -0.244343 -0.969398
vn 0.300679 -0.515334 0.802510
vn -0.198758 -0.209362 -0.957425
vn 0.054628 -0.610289 -0.790293
vn -0.264416 -0.560610 -0.784729
vn 0.200068 0.023203 -0.979507
vn 0.448123 -0.677961 -0.582713
vn 0.342011 -0.243207 0.907678
vn 0.470698 -0.520183 0.712638
vn 0.594732 0.175976 0.784427
vn 0.411049 -0.310269 -0.857188
vn 0.862194 -0.064436 -0.502464
vn 0.779620 -0.351668 -0.518191
vn 0.676127 -0.689304 -0.260216
vn 0.892431 0.197716 0.405555
vn 0.663485 -0.132976 0.736278
vn 0.622361 -0.044610 -0.781458
vn -0.714455 -0.617332 0.329326
vn -0.895568 -0.363541 0.256507
vn -0.769368 -0.269449 0.579198
vn -0.816268 0.013482 0.577516
vn 0.956146 0.241593 -0.165585
vn 0.881756 0.259433 -0.393956
vn -0.774437 -0.613061 0.156217
vn 0.995870 -0.063844 -0.064548
vn -0.597778 0.020900 0.801389
vn -0.503364 -0.610203 0.611782
vn -0.430849 -0.255545 0.865486
vn 0.914250 0.035865 -0.403559
vn 0.917338 -0.189265 0.350241
vn 0.873226 -0.486799 -0.022444
vn 0.743179 -0.512856 0.429725
vn 0.233301 -0.556533 0.797397
vn -0.111741 -0.584594 0.803594
vn 0.800478 -0.463119 -0.380467
vn -0.549382 -0.694458 -0.464658
vn -0.903447 -0.051413 -0.425605
vn -0.759748 -0.650053 -0.014594
vn -0.775491 -0.365243 -0.514986
vn -0.245830 -0.657631 -0.712102
vn -0.513709 -0.039245 -0.857066
vn -0.435696 -0.406075 -0.803288
vn -0.081746 -0.622846 -0.778062
vn -0.751333 -0.570466 0.331762
vn -0.999469 -0.008203 -0.031541
vn -0.968211 -0.249380 0.019439
vn -0.133854 -0.375784 -0.916989
vn -0.028018 -0.224342 0.974108
vn 0.178036 0.106331 0.978262
vn -0.182633 0.057517 0.981497
vn -0.916179 -0.238028 0.322426
vn -0.957219 0.055899 0.283913
vn 0.217274 -0.201898 0.955002
vn 0.150441 -0.275621 -0.949421
vn -0.228449 -0.599454 -0.767116
vn 0.110499 0.007783 -0.993846
vn -0.131973 -0.158697 -0.978468
vn 0.495318 -0.701603 -0.512264
vn 0.493306 -0.416954 -0.763412
vn 0.099647 -0.650366 -0.753057
vn 0.819657 -0.366982 -0.439872
vn -0.080353 0.044620 -0.995767
vn 0.197022 -0.631346 0.750056
vn 0.274390 -0.383422 0.881872
vn 0.587017 -0.069920 -0.806550
vn 0.904877 -0.422086 -0.055139
vn 0.705506 -0.686708 -0.175197
vn 0.756054 -0.654502 0.003054
vn 0.590503 -0.003735 0.807027
vn 0.371995 -0.648796 0.663840
vn 0.896356 -0.085150 -0.435082
vn -0.081923 -0.565919 -0.820380
vn 0.939663 0.137776 -0.313132
vn -0.264668 -0.564796 -0.781637
vn -0.070002 -0.303177 -0.950360
vn 0.957075 -0.278367 -0.080743
vn 0.934986 -0.077098 -0.346203
vn 0.997969 0.063499 0.005144
vn 0.803853 -0.593551 -0.038952
vn -0.384096 0.108453 -0.916901
vn -0.388687 -0.268632 -0.881339
vn -0.808105 0.155138 -0.568241
vn 0.754150 -0.531758 -0.385345
vn 0.837052 -0.005529 0.547095
vn 0.655497 -0.645598 0.391825
vn 0.615993 -0.304399 0.726563
vn -0.741955 -0.170040 -0.648528
vn -0.602464 -0.545673 -0.582476
vn 0.901752 -0.289535 0.320955
vn 0.865466 -0.355174 -0.353299
vn 0.859769 -0.024472 -0.510096
vn 0.590376 -0.681034 -0.433184
vn 0.480486 -0.102059 -0.871043
vn 0.855057 -0.510265 0.092239
vn 0.960804 -0.275517 -0.030759
vn 0.809809 -0.578280 -0.099002
vn -0.970517 0.211789 -0.115077
vn 0.596937 -0.380727 -0.706196
vn 0.174210 -0.732800 -0.657765
vn -0.165043 -0.726348 -0.667218
vn -0.961869 0.242650 0.126209
vn -0.889109 -0.422837 0.175198
vn -0.978179 -0.080597 -0.191495
vn -0.859063 -0.482102 -0.172014
vn -0.136067 -0.315778 -0.939026
vn 0.170622 -0.384776 -0.907103
vn -0.988482 0.034269 0.147407
vn 0.536623 -0.558544 -0.632507
vn 0.223983 -0.635683 -0.738742
vn 0.481616 -0.707557 -0.517116
vn 0.336375 -0.450049 -0.827229
vn 0.429037 -0.242995 -0.869989
vn 0.724864 -0.163400 -0.669233
vn -0.120689 -0.113706 0.986157
vn -0.294535 -0.098662 0.950534
vn -0.727389 -0.304051 0.615189
vn -0.372660 -0.927647 0.024429
vn -0.597218 -0.784819 0.165501
vn -0.476154 -0.878894 -0.028687
vn 0.079596 -0.285264 0.955138
vn -0.362955 -0.260086 0.894773
vn -0.434421 -0.830568 0.348476
vn -0.072408 -0.878533 0.472162
vn -0.136981 -0.986108 0.093958
vn 0.279406 -0.133920 0.950788
vn 0.341456 -0.817779 0.463299
vn 0.391136 -0.920301 0.007628
vn 0.171232 -0.981145 0.089630
vn 0.620938 -0.673266 0.401434
vn 0.684165 -0.390758 0.615814
vn 0.412887 -0.321793 0.852041
vn -0.993546 -0.067752 0.090975
vn -0.992591 -0.085606 -0.086222
vn -0.756005 -0.384902 -0.529440
vn -0.600008 -0.792426 -0.109782
vn -0.549729 -0.676655 -0.489833
vn -0.475197 -0.746302 -0.466070
vn -0.928770 -0.203457 0.309825
vn -0.956445 -0.259797 -0.133109
vn -0.641110 -0.757344 -0.124128
vn -0.625540 -0.766073 0.147755
vn -0.436969 -0.897487 0.059787
vn -0.880327 -0.020238 0.473936
vn -0.536388 -0.564273 0.627602
vn -0.228562 -0.602699 0.764534
vn -0.420938 -0.826768 0.373183
vn -0.365041 -0.423463 0.829110
vn -0.479897 -0.224140 0.848210
vn -0.762917 -0.188074 0.618535
vn -0.105598 -0.164858 -0.980648
vn 0.072444 -0.168488 -0.983038
vn 0.543286 -0.409037 -0.733164
vn 0.279422 -0.952592 -0.120381
vn 0.477419 -0.832419 -0.281336
vn 0.409607 -0.907508 -0.093017
vn -0.311325 -0.310981 -0.897979
vn 0.134060 -0.334417 -0.932841
vn 0.259436 -0.874602 -0.409590
vn -0.132565 -0.889177 -0.437940
vn 0.003226 -0.991510 -0.129987
vn -0.488746 -0.137660 -0.861497
vn -0.523551 -0.782882 -0.336140
vn -0.521097 -0.848996 0.087542
vn -0.319416 -0.946416 -0.047644
vn -0.759983 -0.610698 -0.222428
vn -0.836895 -0.333232 -0.434239
vn -0.616786 -0.305020 -0.725630
vn 0.865052 -0.453331 0.214885
vn 0.785344 -0.148144 0.601072
vn 0.972471 0.134913 0.189994
vn 0.893417 -0.428010 -0.136428
vn 0.459618 -0.229724 0.857892
vn 0.857119 0.115060 0.502103
vn 0.621276 -0.500325 0.603067
vn 0.271094 -0.521428 0.809086
vn 0.984112 -0.067021 0.164414
vn 0.980801 0.166035 -0.102286
vn 0.988634 -0.093156 -0.118005
vn 0.503537 0.114613 0.856338
vn -0.108678 -0.114343 -0.987479
vn 0.064859 -0.514755 0.854880
vn 0.091028 -0.116773 -0.988978
vn -0.900705 -0.433283 0.031554
vn -0.755001 -0.650296 -0.084194
vn 0.116823 -0.254872 0.959892
vn -0.272783 -0.100103 0.956854
vn 0.080519 -0.227319 0.970486
vn -0.765071 -0.622070 -0.166420
vn 0.032938 -0.042339 0.998560
vn -0.188276 -0.698512 0.690386
vn 0.170688 -0.630400 0.757273
vn -0.180038 -0.410784 0.893780
vn -0.556503 -0.718149 0.417811
vn -0.917484 -0.394492 -0.050981
vn -0.748537 -0.662892 0.016361
vn -0.930197 -0.089305 0.356033
vn -0.549665 -0.409042 0.728391
vn -0.901110 -0.133359 0.412572
vn -0.837327 -0.393609 0.379414
vn -0.723352 -0.683004 0.101328
vn -0.770224 -0.129155 0.624559
vn -0.874571 -0.368434 0.315249
vn -0.726947 -0.144829 0.671247
vn 0.533401 0.019427 -0.845640
vn 0.668011 0.007747 -0.744111
vn 0.870536 -0.490066 -0.044760
vn 0.812331 -0.583195 0.001002
vn -0.358628 -0.122589 0.925396
vn -0.066345 -0.082224 0.994403
vn 0.969549 -0.117803 -0.214705
vn -0.282357 -0.446359 0.849140
vn 0.675245 -0.693791 -0.250395
vn 0.693210 -0.619233 -0.368795
vn 0.737275 -0.104600 -0.667446
vn -0.030530 -0.283523 0.958479
vn -0.616940 -0.410180 0.671668
vn -0.282089 -0.723713 0.629814
vn -0.612828 -0.710865 0.345127
vn 0.158909 -0.021888 -0.987051
vn 0.341060 -0.164741 -0.925493
vn 0.059352 -0.696523 0.715075
vn 0.664778 0.337683 0.666364
vn 0.531697 0.349061 0.771657
vn -0.055620 -0.248065 0.967145
vn -0.087827 -0.350856 0.932302
vn -0.320647 -0.346479 -0.881554
vn -0.396739 -0.479240 -0.782897
vn 0.034170 0.123934 0.991702
vn -0.063086 -0.613637 -0.787064
vn 0.115508 -0.387684 0.914527
vn 0.270346 -0.253720 0.928730
vn 0.477878 0.225966 0.848865
vn 0.010894 -0.222642 -0.974839
vn 0.339418 -0.669680 -0.660548
vn -0.011754 -0.756883 -0.653445
vn 0.398059 -0.785671 -0.473571
vn 0.876353 0.290113 0.384499
vn 0.792436 0.201406 0.575743
vn -0.395364 -0.676079 -0.621776
vn -0.729348 -0.672361 0.126422
vn -0.913977 -0.397821 0.079905
vn -0.819840 -0.382931 0.425707
vn -0.874814 -0.098729 0.474293
vn 0.999245 -0.003770 0.038667
vn 0.894934 -0.438294 0.083616
vn -0.779525 -0.624737 -0.045210
vn 0.880762 -0.387650 0.272006
vn -0.679076 -0.136609 0.721244
vn -0.532123 -0.734406 0.421299
vn -0.501463 -0.432261 0.749457
vn 0.935099 0.140947 0.325152
vn 0.649563 -0.297092 0.699860
vn 0.791412 -0.529442 0.305545
vn 0.477256 -0.443468 0.758659
vn 0.220301 -0.677359 0.701892
vn -0.145026 -0.740027 0.656755
vn 0.732412 -0.662826 -0.155673
vn -0.515277 -0.586205 -0.625182
vn -0.819059 0.078457 -0.568319
vn -0.805277 -0.543685 -0.236506
vn -0.711743 -0.222475 -0.666278
vn -0.179984 -0.569761 -0.801859
vn -0.391205 0.099316 -0.914929
vn -0.345711 -0.286990 -0.893376
vn -0.002606 -0.544494 -0.838760
vn -0.865307 -0.487684 0.115794
vn -0.960854 -0.167688 -0.220547
vn -0.990745 -0.073066 0.114390
vn -0.024258 -0.280652 -0.959503
vn 0.166707 -0.262707 0.950365
vn -0.192906 -0.118718 0.974009
vn -0.114809 -0.450416 0.885406
vn -0.987144 0.116795 0.109112
vn -0.987255 0.095843 -0.127051
vn 0.127885 -0.064192 0.989709
vn 0.646273 -0.658681 -0.385320
vn 0.544157 0.361030 -0.757332
vn 0.340163 -0.521056 -0.782809
vn 0.671093 -0.431882 -0.602588
vn 0.852097 -0.511882 -0.109118
vn 0.955033 0.195836 -0.222620
vn 0.711510 0.197351 -0.674393
vn 0.820689 -0.542865 0.178233
vn 0.051933 -0.461347 -0.885699
vn 0.328699 -0.337240 -0.882171
vn 0.425824 0.080093 -0.901254
vn 0.748336 -0.662028 -0.041379
vn 0.898598 0.328703 -0.290647
vn 0.821169 0.373219 -0.431728
vn 0.975639 -0.004525 0.219335
vn 0.082478 -0.232505 -0.969092
vn 0.095480 -0.014050 -0.995332
vn 0.761308 -0.640266 0.102321
vn 0.430459 0.026550 0.902219
vn 0.061671 -0.670926 0.738955
vn 0.574673 0.049748 0.816870
vn -0.219813 -0.671241 0.707896
vn -0.159019 -0.246845 0.955919
vn -0.239016 -0.590610 0.770747
vn 0.338541 -0.133386 0.931450
vn -0.064597 -0.744203 0.664822
vn 0.731008 -0.161140 0.663069
vn 0.266269 -0.829328 0.491239
vn 0.825492 0.078481 0.558931
vn 0.727499 -0.674457 -0.125909
vn 0.625968 -0.767769 0.136729
vn 0.504496 -0.701112 0.503911
vn -0.674854 -0.580600 0.455495
vn -0.843732 0.012847 0.536610
vn -0.343139 -0.578231 0.740206
vn -0.696039 -0.234763 0.678540
vn -0.806446 -0.586500 0.075249
vn -0.972618 -0.006223 0.232325
vn -0.925678 -0.252457 0.281754
vn -0.805567 -0.578066 -0.130009
vn -0.099391 -0.542076 0.834431
vn -0.387435 -0.258867 0.884806
vn -0.139120 -0.018816 0.990097
vn -0.937110 -0.336330 -0.093313
vn 0.891776 -0.305590 0.333691
vn 0.942961 -0.197999 -0.267620
vn 0.753804 -0.642809 0.136294
vn -0.168475 0.194741 0.966278
vn -0.466723 0.109375 0.877614
vn 0.837257 -0.524948 -0.153070
vn -0.504750 -0.588617 -0.631473
vn -0.890613 0.200600 -0.408127
vn -0.781852 -0.568060 -0.256933
vn -0.672411 -0.400562 -0.622425
vn -0.295706 -0.438355 -0.848765
vn -0.445645 0.076563 -0.891930
vn -0.777626 0.123347 -0.616509
vn 0.018063 -0.462217 -0.886583
vn -0.838021 -0.539036 0.084623
vn -0.913816 -0.331956 -0.233978
vn -0.937939 0.106523 -0.330035
vn -0.156258 -0.573018 -0.804508
vn -0.483070 0.149882 -0.862658
vn -0.623540 0.184009 -0.759828
vn -0.027530 -0.116973 -0.992753
vn -0.958274 -0.285838 -0.002630
vn -0.974245 -0.130792 -0.183684
vn 0.029571 -0.551758 -0.833480
vn 0.999500 0.015381 0.027628
vn 0.900221 -0.312201 -0.303533
vn 0.611749 0.491968 -0.619459
vn 0.881146 -0.272412 -0.386488
vn 0.486871 0.360006 -0.795834
vn 0.955012 -0.267552 -0.127935
vn 0.385183 0.151870 -0.910258
vn 0.974108 -0.167405 -0.151948
vn 0.749264 0.182815 -0.636539
vn 0.679350 -0.409016 -0.609253
vn 0.165302 0.255470 -0.952581
vn -0.064715 -0.607871 -0.791394
vn 0.272790 -0.526790 -0.805033
vn 0.568936 -0.329038 -0.753688
vn 0.100649 0.032609 -0.994387
vn 0.796247 0.259188 0.546637
vn -0.183918 -0.195873 -0.963228
vn -0.128225 -0.411465 -0.902360
vn 0.170755 -0.391504 -0.904194
vn 0.137438 -0.126264 0.982430
vn 0.139021 -0.469442 0.871951
vn 0.704630 0.256384 0.661637
vn 0.177013 -0.378877 0.908360
vn 0.410425 -0.464192 0.784906
vn 0.304209 -0.522710 0.796386
vn 0.992035 0.005785 0.125828
vn 0.926900 -0.125537 0.353690
vn 0.617750 -0.048920 0.784852
vn -0.586792 0.236171 0.774531
vn -0.705042 0.219878 0.674218
vn -0.860031 -0.470812 0.196679
vn -0.810555 -0.559799 0.172122
vn 0.918393 -0.268248 -0.290854
vn 0.832381 -0.481794 -0.273890
vn -0.929625 -0.046939 0.365504
vn 0.832297 -0.554311 0.004622
vn -0.736903 -0.581234 0.345168
vn -0.752884 -0.424765 0.502733
vn -0.742445 0.114211 0.660099
vn 0.975944 -0.212610 -0.048275
vn 0.679841 -0.581207 0.447231
vn 0.740836 -0.663730 0.103075
vn 0.582978 -0.608486 0.538406
vn -0.257887 0.258743 0.930885
vn -0.435828 0.082361 0.896253
vn 0.699706 -0.672287 -0.241747
vn -0.624822 0.099948 -0.774344
vn -0.476452 0.108520 -0.872478
vn 0.118556 -0.486702 -0.865486
vn 0.141732 -0.571382 -0.808353
vn 0.530669 -0.068616 0.844797
vn 0.354662 -0.387815 0.850773
vn 0.030398 -0.159928 -0.986660
vn -0.001160 -0.452050 0.891992
vn -0.039631 -0.619766 -0.783786
vn -0.182294 -0.520235 -0.834340
vn -0.413362 -0.060496 -0.908555
vn -0.076987 -0.027755 0.996646
vn -0.428669 -0.425062 0.797224
vn -0.053231 -0.572489 0.818182
vn -0.483896 -0.596015 0.640790
vn -0.881798 0.069305 -0.466508
vn -0.767853 -0.075956 -0.636108
vn 0.291446 -0.540261 0.789416
vn -0.562838 -0.566394 -0.602006
vn -0.966505 -0.256378 0.011779
vn -0.677149 -0.690320 -0.254809
vn -0.748787 -0.657528 0.083516
vn -0.387431 -0.682119 -0.620170
vn -0.806375 -0.544450 -0.230941
vn -0.882322 -0.468121 0.048696
vn -0.933127 -0.136400 -0.332670
vn 0.922460 -0.187868 -0.337304
vn 0.492690 0.092211 -0.865306
vn 0.638802 0.094780 -0.763511
vn 0.692582 -0.640241 -0.332297
vn 0.831262 -0.513022 -0.214037
vn 0.783842 -0.596573 -0.172312
vn 0.689823 -0.076526 -0.719922
vn -0.036086 -0.681990 -0.730471
vn 0.305609 -0.076589 -0.949072
vn 0.111000 0.075802 -0.990925
vn 0.690380 -0.539023 -0.482524
vn 0.410349 -0.690329 -0.595869
vn -0.375689 -0.638259 -0.671925
vn 0.332793 -0.570301 -0.751003
vn -0.100905 -0.532703 -0.840265
vn -0.375619 -0.234538 -0.896606
vn -0.039231 -0.124928 -0.991390
vn 0.650148 0.178556 0.738529
vn 0.167785 -0.041926 0.984932
vn -0.386094 -0.446986 -0.806929
vn 0.774615 0.149198 0.614583
vn 0.330339 -0.430320 0.840060
vn 0.879107 -0.050337 0.473958
vn 0.589370 0.019253 0.807633
vn 0.006226 -0.463369 0.886144
vn 0.043930 -0.374276 0.926276
vn 0.480419 -0.628747 0.611453
vn 0.176567 -0.525750 0.832113
vn 0.961118 0.066668 0.267969
vn 0.687932 -0.697804 0.199550
vn 0.652645 -0.527338 0.544031
vn 0.975711 -0.156050 0.153742
vn 0.814992 -0.564236 0.132005
vn 0.689391 -0.709184 -0.147643
vn 0.932591 -0.317114 -0.172373
vn -0.966984 -0.069525 0.245169
vn 0.834469 -0.525916 -0.164545
vn -0.966984 -0.069525 0.245169
vn -0.966986 -0.069528 0.245162
vn -0.966986 -0.069528 0.245162
vn -0.692404 0.174872 0.699997
vn -0.966986 -0.069528 0.245162
vn -0.966984 -0.069525 0.245169
vn -0.692404 0.174872 0.699997
vn -0.692404 0.174872 0.699997
vn -0.692404 0.174872 0.699997
vn -0.692404 0.174872 0.699997
vn -0.692404 0.174872 0.699997
vn -0.195624 0.089173 0.976616
vn -0.839337 -0.487792 -0.239944
vn -0.195624 0.089173 0.976616
vn -0.865738 -0.492488 0.089179
vn -0.195624 0.089173 0.976616
vn -0.839337 -0.487792 -0.239944
vn -0.865738 -0.492488 0.089179
vn -0.839337 -0.487792 -0.239944
vn -0.865738 -0.492488 0.089179
vn -0.673157 -0.587769 0.448762
vn -0.673157 -0.587769 0.448762
vn -0.673159 -0.587772 0.448755
vn -0.673159 -0.587772 0.448755
vn -0.673157 -0.587769 0.448762
vn -0.745916 -0.189198 0.638603
vn -0.745917 -0.189200 0.638602
vn -0.745916 -0.189198 0.638603
vn -0.745916 -0.189198 0.638603
vn -0.673159 -0.587772 0.448755
vn -0.745917 -0.189200 0.638602
vn -0.211978 -0.281309 0.935912
vn -0.745917 -0.189200 0.638602
vn -0.211978 -0.281309 0.935912
vn -0.211978 -0.281308 0.935912
vn -0.211978 -0.281309 0.935912
vn -0.195624 0.089173 0.976616
vn -0.211978 -0.281308 0.935912
vn -0.211978 -0.281308 0.935912
vn -0.195624 0.089173 0.976616
vn -0.192666 -0.670665 0.716302
vn -0.195624 0.089173 0.976616
vn -0.192666 -0.670665 0.716302
vn -0.192661 -0.670662 0.716306
vn -0.192661 -0.670662 0.716306
vn -0.192666 -0.670665 0.716302
vn -0.192661 -0.670662 0.716306
vn 0.225601 -0.680773 0.696887
vn 0.225601 -0.680773 0.696887
vn 0.225601 -0.680773 0.696887
vn 0.225650 -0.680755 0.696889
vn 0.225650 -0.680755 0.696889
vn 0.225650 -0.680755 0.696889
vn 0.254803 -0.280295 0.925478
vn 0.254795 -0.280304 0.925478
vn -0.360563 -0.110062 -0.926218
vn 0.254795 -0.280304 0.925478
vn 0.254803 -0.280295 0.925478
vn 0.254803 -0.280295 0.925478
vn -0.864864 0.173550 -0.471053
vn 0.254795 -0.280304 0.925478
vn -0.765107 0.179148 -0.618479
vn -0.255812 -0.446961 -0.857197
vn -0.218544 -0.535607 -0.815699
vn -0.732585 0.009061 -0.680615
vn -0.523420 -0.465731 -0.713531
vn -0.379591 -0.575317 -0.724514
vn -0.956049 -0.001275 -0.293205
vn -0.769545 -0.638553 0.007048
vn -0.703844 -0.619491 0.347611
vn -0.869280 -0.487343 0.082754
vn -0.986010 0.140966 -0.088956
vn -0.641807 -0.627143 -0.441334
vn -0.996473 -0.068312 0.048726
vn -0.788378 -0.503194 -0.353915
vn -0.903851 -0.203966 0.376100
vn 0.995638 0.009300 0.092838
vn -0.826961 -0.421585 0.372023
vn 0.885937 -0.433847 0.163991
vn 0.781681 0.278188 -0.558199
vn 0.867458 0.292090 -0.402740
vn 0.928604 -0.339134 0.150608
vn 0.500439 0.215027 -0.838644
vn 0.881464 -0.471765 -0.021409
vn 0.753082 -0.534498 -0.383640
vn 0.922419 -0.354481 -0.153255
vn 0.928734 0.127424 -0.348161
vn 0.725687 -0.410564 -0.552101
vn 0.685594 0.092652 -0.722064
vn 0.413390 -0.582959 -0.699477
vn 0.372250 -0.433909 -0.820459
vn 0.079632 -0.603144 -0.793647
vn 0.088758 -0.400956 -0.911787
vn 0.092973 -0.180221 -0.979222
vn 0.408265 -0.006020 -0.912844
vn -0.200553 -0.120680 0.972222
vn -0.202430 -0.463131 0.862862
vn -0.009776 -0.566855 0.823760
vn 0.099534 -0.439833 0.892547
vn 0.262547 0.234600 0.935966
vn 0.426813 0.250377 0.868989
vn 0.224729 0.058328 0.972674
vn -0.198024 -0.553030 0.809286
vn 0.623991 0.099338 0.775091
vn 0.369386 -0.568479 0.735109
vn 0.742071 0.256354 0.619366
vn 0.855454 -0.505231 0.113751
vn 0.723806 -0.536688 0.433671
vn 0.521241 -0.422245 0.741632
vn 0.826966 -0.369956 0.423390
vn -0.873496 -0.255284 0.414529
vn 0.855403 0.058750 0.514620
vn -0.780657 -0.264502 0.566227
vn 0.978784 -0.067168 0.193571
vn 0.943090 -0.292475 0.158240
vn -0.671213 -0.686638 -0.279286
vn -0.888830 -0.435846 -0.141494
vn -0.590341 -0.743928 -0.313159
vn -0.637669 -0.770227 0.011382
vn -0.555938 -0.818866 -0.142799
vn -0.483848 -0.254280 0.837396
vn -0.598113 -0.416802 0.684498
vn -0.854520 -0.410723 0.317966
vn -0.388507 -0.899621 0.199361
vn -0.069451 -0.741393 0.667467
vn -0.294371 -0.416922 0.859955
vn 0.069499 -0.433379 0.898528
vn -0.410534 -0.822176 0.394320
vn -0.044561 -0.858089 0.511564
vn 0.282196 -0.308763 -0.908312
vn 0.265683 -0.741736 0.615825
vn 0.171492 -0.602723 0.779305
vn -0.353666 0.061341 -0.933358
vn -0.184269 0.036120 -0.982212
vn 0.082082 -0.720240 -0.688852
vn 0.276757 -0.622188 -0.732316
vn 0.268333 -0.699584 -0.662253
vn -0.142524 -0.143040 -0.979401
vn -0.681833 -0.628818 -0.373754
vn -0.557196 -0.072157 -0.827240
vn -0.688811 0.110230 -0.716512
vn -0.021756 -0.612073 -0.790502
vn -0.303164 -0.712518 -0.632779
vn -0.840068 -0.536766 -0.078535
vn -0.454743 -0.573992 -0.680986
vn -0.786409 -0.465767 -0.405735
vn -0.958673 -0.126496 -0.254843
vn -0.809449 -0.064824 -0.583600
vn 0.990299 0.138521 0.010919
vn 0.863841 -0.226516 0.449965
vn -0.924827 -0.339280 -0.172000
vn 0.972636 0.164137 -0.164435
vn 0.997936 -0.041271 0.049195
vn 0.666556 -0.639034 0.383847
vn 0.921969 0.027322 -0.386299
vn 0.725347 -0.555421 0.406668
vn 0.730483 -0.651086 0.206111
vn 0.749121 -0.636776 -0.182575
vn 0.838551 -0.530212 0.125329
vn 0.820496 0.201973 -0.534783
vn 0.560615 -0.567104 -0.603411
vn 0.811101 -0.489464 -0.320220
vn 0.731998 0.018567 -0.681054
vn 0.595196 -0.398473 -0.697825
vn 0.293498 -0.499642 -0.814995
vn 0.380727 -0.291328 -0.877596
vn -0.314152 -0.466465 -0.826873
vn -0.430980 -0.132887 -0.892523
vn -0.815538 0.153737 -0.557910
vn 0.446219 -0.070458 -0.892146
vn -0.903080 0.148747 -0.402891
vn -0.424287 -0.594883 -0.682711
vn -0.271871 -0.553653 -0.787118
vn -0.569001 -0.487913 -0.661951
vn -0.976168 -0.024719 -0.215606
vn -0.784589 -0.016742 -0.619790
vn -0.803589 -0.524286 -0.281725
vn -0.661943 -0.646874 -0.378662
vn -0.992654 0.120408 -0.011855
vn -0.753233 -0.653036 0.078634
vn -0.866571 -0.214834 0.450445
vn 0.692397 -0.237177 -0.681420
vn -0.785795 -0.430973 0.443609
vn -0.660975 -0.626864 0.412497
vn -0.849700 -0.502493 0.159720
vn 0.262297 0.040457 -0.964139
vn -0.987792 -0.086635 0.129466
vn 0.086969 0.039937 -0.995410
vn 0.654451 -0.553577 -0.515020
vn 0.627124 -0.633542 -0.453145
vn 0.323313 -0.131003 -0.937180
vn 0.413607 -0.583942 -0.698528
vn 0.476391 -0.679475 -0.558002
vn -0.121454 -0.124245 -0.984790
vn -0.352719 -0.706864 -0.613133
vn -0.635631 -0.647393 -0.420541
vn -0.454443 -0.559305 -0.693296
vn -0.312503 0.034150 -0.949303
vn 0.108775 -0.728044 -0.676846
vn -0.721263 -0.252676 -0.644929
vn -0.024093 -0.610891 -0.791348
vn -0.453260 -0.160273 -0.876851
vn 0.707577 -0.320494 0.629777
vn -0.697637 -0.461035 -0.548406
vn 0.490078 -0.709161 0.506868
vn 0.995711 0.060731 0.069794
vn 0.969346 0.032123 0.243589
vn 0.550170 -0.632450 0.545270
vn 0.984423 -0.068316 -0.162000
vn 0.938672 0.117213 -0.324277
vn 0.702092 -0.711652 -0.024856
vn 0.592091 -0.726678 0.348378
vn 0.727748 -0.617432 0.298597
vn 0.624884 -0.619282 -0.475405
vn 0.949484 -0.147730 0.276867
vn 0.809110 -0.570804 -0.139730
vn 0.697513 -0.454625 -0.553888
vn 0.422696 -0.522228 -0.740680
vn 0.542881 -0.323951 -0.774813
vn 0.632136 -0.111220 -0.766834
vn 0.868442 -0.054667 -0.492768
vn -0.460906 -0.095845 0.882258
vn -0.492104 -0.431100 0.756298
vn -0.316129 -0.566797 0.760792
vn -0.208436 -0.462052 0.862011
vn 0.048827 0.172210 0.983849
vn 0.225017 0.159509 0.961210
vn 0.411435 -0.022840 0.911153
vn -0.489225 -0.519653 0.700443
vn -0.026202 0.004969 0.999644
vn 0.067235 -0.634416 0.770062
vn 0.590191 0.112781 0.799347
vn 0.700100 -0.650215 0.295095
vn 0.487335 -0.662002 0.569437
vn 0.234648 -0.517491 0.822887
vn 0.616155 -0.516068 0.595002
vn -0.840096 -0.298275 -0.453067
vn -0.996568 -0.059647 0.057398
vn -0.970118 -0.066328 0.233392
vn 0.691776 -0.100402 0.715098
vn 0.870531 -0.242023 0.428487
vn -0.640344 -0.595432 -0.485202
vn 0.807801 -0.456953 0.372358
vn -0.565513 -0.668674 -0.482773
vn -0.733645 -0.649252 -0.200590
vn -0.611877 -0.728048 -0.309117
vn -0.798757 -0.073463 0.597152
vn -0.877707 -0.231703 0.419458
vn -0.973924 -0.226206 -0.017399
vn -0.602031 -0.795004 0.074347
vn -0.454426 -0.638012 0.621641
vn -0.666675 -0.261148 0.698102
vn -0.353600 -0.332254 0.874399
vn -0.679027 -0.693025 0.242154
vn -0.396922 -0.774422 0.492670
vn 0.293899 -0.292392 -0.910017
vn -0.130936 -0.699021 0.703012
vn -0.249855 -0.528565 0.811290
vn -0.416436 -0.099191 -0.903738
vn -0.249775 -0.083958 -0.964657
vn 0.221768 -0.724039 -0.653136
vn 0.381176 -0.583117 -0.717412
vn 0.397611 -0.654761 -0.642802
vn -0.738214 -0.121488 -0.663537
vn -0.332990 -0.719089 -0.609942
vn -0.147914 -0.810557 -0.566674
vn 0.087151 -0.653611 -0.751796
vn -0.162921 -0.245899 -0.955505
vn -0.675437 -0.737180 0.018726
vn -0.571180 -0.271963 -0.774460
vn -0.517966 -0.807278 -0.282867
vn -0.800585 -0.311272 -0.512029
vn -0.663067 -0.679005 -0.315111
vn 0.856971 -0.392099 0.334455
vn -0.814293 -0.575166 -0.078175
vn -0.907362 -0.384680 -0.169453
vn 0.949161 -0.226376 -0.218741
vn 0.545904 -0.789430 0.280696
vn 0.655608 -0.741071 0.144886
vn 0.916764 -0.380047 -0.122911
vn 0.889862 -0.243528 -0.385798
vn 0.541686 -0.708786 0.451883
vn 0.654866 -0.253347 -0.712016
vn 0.625525 -0.648815 0.433309
vn 0.741484 -0.406733 -0.533638
vn 0.514091 -0.812674 -0.274358
vn 0.455513 -0.886113 -0.085510
vn 0.233490 -0.754042 -0.613924
vn -0.104850 -0.768030 -0.631773
vn 0.181649 -0.867795 -0.462532
vn 0.480465 -0.424788 -0.767273
vn -0.566173 -0.193851 0.801168
vn -0.413368 -0.182945 0.891996
vn -0.622963 -0.777011 0.090387
vn 0.133185 -0.458451 -0.878684
vn 0.015472 -0.629098 -0.777172
vn -0.509339 -0.828489 0.232765
vn -0.825995 -0.447506 0.342741
vn -0.682257 -0.715379 0.150860
vn -0.584786 -0.360948 0.726459
vn -0.513280 -0.759247 0.400111
vn -0.198273 -0.863134 0.464422
vn -0.026029 -0.137486 0.990162
vn -0.188156 -0.318659 0.929007
vn -0.132252 -0.760097 0.636209
vn 0.161694 -0.296345 0.941294
vn 0.502445 -0.308876 0.807555
vn 0.547638 -0.493091 0.675984
vn 0.247875 -0.781314 0.572806
vn 0.563670 -0.653187 0.505591
vn -0.580141 -0.044327 0.813309
vn 0.290987 -0.644618 0.706961
vn -0.902443 -0.232129 0.362922
vn -0.789765 -0.603156 0.111686
vn -0.427430 -0.069722 0.901356
vn -0.672891 -0.609484 0.419221
vn -0.689064 -0.679179 0.252796
vn -0.831264 -0.528499 0.172305
vn -0.639911 -0.202696 0.741234
vn -0.298653 -0.699933 0.648769
vn 0.063850 -0.812700 0.579174
vn 0.399795 -0.765059 0.504825
vn -0.240817 -0.255349 0.936378
vn -0.038661 -0.118021 0.992258
vn 0.104289 -0.317872 0.942380
vn -0.390936 -0.785613 0.479563
vn 0.141258 -0.689183 0.710684
vn 0.426173 -0.604249 0.673246
vn 0.429277 -0.413369 0.803024
vn -0.096295 -0.049544 -0.994119
vn 0.081271 -0.063250 -0.994683
vn 0.532987 -0.356845 -0.767194
vn 0.229294 -0.675606 -0.700700
vn -0.311469 -0.191643 -0.930731
vn 0.132457 -0.237001 -0.962437
vn 0.480017 -0.725296 -0.493488
vn 0.501630 -0.653601 -0.566721
vn -0.076664 -0.787668 -0.611311
vn 0.309286 -0.764971 -0.564943
vn -0.479464 -0.013352 -0.877460
vn -0.515185 -0.717361 -0.469017
vn -0.218763 -0.668039 -0.711243
vn -0.619286 -0.186899 -0.762596
vn -0.618004 -0.567753 -0.543809
vn -0.751856 -0.615664 -0.235947
vn -0.846077 -0.234125 -0.478893
vn 0.984658 0.017784 -0.173588
vn 0.582960 -0.661221 0.472169
vn 0.651928 -0.583359 0.484441
vn -0.821540 -0.435244 -0.368286
vn 0.830909 -0.271586 0.485625
vn 0.765895 -0.609903 0.203528
vn 0.999901 0.013536 0.003806
vn 0.643921 -0.704550 0.298288
vn 0.916003 -0.139686 -0.376068
vn 0.985078 -0.159157 0.065500
vn 0.741395 -0.625219 -0.243792
vn 0.662122 -0.744133 -0.088661
vn 0.836497 0.025160 -0.547393
f 710/710/710 708/708/708 707/707/707
f 711/711/711 706/706/706 704/704/704
f 712/712/712 713/713/713 709/709/709
f 714/714/714 715/715/715 716/716/716
f 721/721/721 719/719/719 717/717/717
f 718/718/718 724/724/724 722/722/722
f 723/723/723 725/725/725 720/720/720
f 730/730/730 726/726/726 727/727/727
f 735/735/735 728/728/728 729/729/729
f 734/734/734 733/733/733 731/731/731
f 732/732/732 738/738/738 736/736/736
f 741/741/741 739/739/739 737/737/737
f 743/743/743 744/744/744 740/740/740
f 747/747/747 745/745/745 742/742/742
f 752/752/752 750/750/750 749/749/749
f 751/751/751 748/748/748 746/746/746
f 754/754/754 755/755/755 753/753/753
f 756/756/756 757/757/757 758/758/758
f 764/764/764 763/763/763 759/759/759
f 762/762/762 760/760/760 766/766/766
f 14/14/14 13/13/13 15/15/15
f 14/14/14 8/8/8 13/13/13
f 8/8/8 18/18/18 13/13/13
f 8/8/8 6/6/6 18/18/18
f 18/18/18 6/6/6 12/12/12
f 6/6/6 1/1/1 12/12/12
f 4/4/4 1/1/1 6/6/6
f 4/4/4 3/3/3 1/1/1
f 8/8/8 14/14/14 5/5/5
f 8/8/8 5/5/5 6/6/6
f 6/6/6 5/5/5 7/7/7
f 6/6/6 7/7/7 4/4/4
f 2/2/2 4/4/4 7/7/7
f 2/2/2 9/9/9 4/4/4
f 9/9/9 3/3/3 4/4/4
f 17/17/17 11/11/11 10/10/10
f 17/17/17 33/33/33 11/11/11
f 33/33/33 16/16/16 11/11/11
f 33/33/33 36/36/36 16/16/16
f 16/16/16 36/36/36 31/31/31
f 36/36/36 24/24/24 31/31/31
f 23/23/23 24/24/24 36/36/36
f 25/25/25 24/24/24 23/23/23
f 33/33/33 17/17/17 32/32/32
f 33/33/33 32/32/32 36/36/36
f 36/36/36 32/32/32 26/26/26
f 36/36/36 26/26/26 23/23/23
f 30/30/30 23/23/23 26/26/26
f 30/30/30 25/25/25 23/23/23
f 22/22/22 19/19/19 20/20/20
f 22/22/22 27/27/27 19/19/19
f 27/27/27 21/21/21 19/19/19
f 27/27/27 35/35/35 21/21/21
f 21/21/21 35/35/35 28/28/28
f 35/35/35 49/49/49 28/28/28
f 50/50/50 49/49/49 35/35/35
f 50/50/50 54/54/54 49/49/49
f 27/27/27 22/22/22 29/29/29
f 27/27/27 29/29/29 35/35/35
f 35/35/35 29/29/29 34/34/34
f 35/35/35 34/34/34 50/50/50
f 51/51/51 50/50/50 34/34/34
f 51/51/51 44/44/44 50/50/50
f 44/44/44 54/54/54 50/50/50
f 42/42/42 41/41/41 48/48/48
f 42/42/42 38/38/38 41/41/41
f 38/38/38 43/43/43 41/41/41
f 38/38/38 39/39/39 43/43/43
f 43/43/43 39/39/39 37/37/37
f 39/39/39 47/47/47 37/37/37
f 53/53/53 47/47/47 39/39/39
f 53/53/53 52/52/52 47/47/47
f 38/38/38 42/42/42 40/40/40
f 38/38/38 40/40/40 39/39/39
f 39/39/39 40/40/40 45/45/45
f 39/39/39 45/45/45 53/53/53
f 46/46/46 53/53/53 45/45/45
f 46/46/46 69/69/69 53/53/53
f 69/69/69 52/52/52 53/53/53
f 72/72/72 68/68/68 67/67/67
f 72/72/72 66/66/66 68/68/68
f 66/66/66 62/62/62 68/68/68
f 66/66/66 61/61/61 62/62/62
f 62/62/62 61/61/61 59/59/59
f 61/61/61 58/58/58 59/59/59
f 57/57/57 58/58/58 61/61/61
f 57/57/57 63/63/63 58/58/58
f 66/66/66 72/72/72 60/60/60
f 66/66/66 60/60/60 61/61/61
f 61/61/61 60/60/60 56/56/56
f 61/61/61 56/56/56 57/57/57
f 55/55/55 57/57/57 56/56/56
f 55/55/55 64/64/64 57/57/57
f 64/64/64 63/63/63 57/57/57
f 70/70/70 71/71/71 65/65/65
f 70/70/70 85/85/85 71/71/71
f 85/85/85 87/87/87 71/71/71
f 85/85/85 80/80/80 87/87/87
f 87/87/87 80/80/80 86/86/86
f 80/80/80 78/78/78 86/86/86
f 79/79/79 78/78/78 80/80/80
f 79/79/79 74/74/74 78/78/78
f 85/85/85 70/70/70 90/90/90
f 85/85/85 90/90/90 80/80/80
f 80/80/80 90/90/90 84/84/84
f 80/80/80 84/84/84 79/79/79
f 77/77/77 79/79/79 84/84/84
f 77/77/77 73/73/73 79/79/79
f 73/73/73 74/74/74 79/79/79
f 81/81/81 75/75/75 76/76/76
f 81/81/81 83/83/83 75/75/75
f 83/83/83 82/82/82 75/75/75
f 83/83/83 105/105/105 82/82/82
f 82/82/82 105/105/105 89/89/89
f 105/105/105 98/98/98 89/89/89
f 108/108/108 98/98/98 105/105/105
f 102/102/102 98/98/98 108/108/108
f 83/83/83 81/81/81 88/88/88
f 83/83/83 88/88/88 105/105/105
f 105/105/105 88/88/88 103/103/103
f 105/105/105 103/103/103 108/108/108
f 104/104/104 108/108/108 103/103/103
f 104/104/104 102/102/102 108/108/108
f 97/97/97 96/96/96 95/95/95
f 97/97/97 91/91/91 96/96/96
f 91/91/91 92/92/92 96/96/96
f 91/91/91 99/99/99 92/92/92
f 92/92/92 99/99/99 94/94/94
f 99/99/99 107/107/107 94/94/94
f 106/106/106 107/107/107 99/99/99
f 106/106/106 123/123/123 107/107/107
f 91/91/91 97/97/97 93/93/93
f 91/91/91 93/93/93 99/99/99
f 99/99/99 93/93/93 100/100/100
f 99/99/99 100/100/100 106/106/106
f 101/101/101 106/106/106 100/100/100
f 101/101/101 121/121/121 106/106/106
f 121/121/121 123/123/123 106/106/106
f 116/116/116 126/126/126 122/122/122
f 116/116/116 113/113/113 126/126/126
f 113/113/113 120/120/120 126/126/126
f 113/113/113 110/110/110 120/120/120
f 120/120/120 110/110/110 114/114/114
f 110/110/110 111/111/111 114/114/114
f 117/117/117 111/111/111 110/110/110
f 117/117/117 118/118/118 111/111/111
f 113/113/113 116/116/116 115/115/115
f 113/113/113 115/115/115 110/110/110
f 110/110/110 115/115/115 109/109/109
f 110/110/110 109/109/109 117/117/117
f 112/112/112 117/117/117 109/109/109
f 112/112/112 119/119/119 117/117/117
f 119/119/119 118/118/118 117/117/117
f 141/141/141 124/124/124 125/125/125
f 141/141/141 140/140/140 124/124/124
f 140/140/140 139/139/139 124/124/124
f 140/140/140 138/138/138 139/139/139
f 139/139/139 138/138/138 144/144/144
f 138/138/138 133/133/133 144/144/144
f 128/128/128 133/133/133 138/138/138
f 128/128/128 127/127/127 133/133/133
f 140/140/140 141/141/141 134/134/134
f 140/140/140 134/134/134 138/138/138
f 138/138/138 134/134/134 131/131/131
f 138/138/138 131/131/131 128/128/128
f 132/132/132 128/128/128 131/131/131
f 132/132/132 130/130/130 128/128/128
f 130/130/130 127/127/127 128/128/128
f 136/136/136 135/135/135 129/129/129
f 136/136/136 143/143/143 135/135/135
f 143/143/143 137/137/137 135/135/135
f 143/143/143 157/157/157 137/137/137
f 137/137/137 157/157/157 142/142/142
f 157/157/157 152/152/152 142/142/142
f 156/156/156 152/152/152 157/157/157
f 156/156/156 149/149/149 152/152/152
f 143/143/143 136/136/136 159/159/159
f 143/143/143 159/159/159 157/157/157
f 157/157/157 159/159/159 158/158/158
f 157/157/157 158/158/158 156/156/156
f 162/162/162 156/156/156 158/158/158
f 162/162/162 150/150/150 156/156/156
f 150/150/150 149/149/149 156/156/156
f 145/145/145 146/146/146 151/151/151
f 145/145/145 147/147/147 146/146/146
f 147/147/147 148/148/148 146/146/146
f 147/147/147 155/155/155 148/148/148
f 148/148/148 155/155/155 153/153/153
f 155/155/155 177/177/177 153/153/153
f 175/175/175 177/177/177 155/155/155
f 175/175/175 176/176/176 177/177/177
f 147/147/147 145/145/145 154/154/154
f 147/147/147 154/154/154 155/155/155
f 155/155/155 154/154/154 161/161/161
f 155/155/155 161/161/161 175/175/175
f 160/160/160 175/175/175 161/161/161
f 160/160/160 180/180/180 175/175/175
f 180/180/180 176/176/176 175/175/175
f 167/167/167 174/174/174 170/170/170
f 167/167/167 169/169/169 174/174/174
f 169/169/169 168/168/168 174/174/174
f 169/169/169 164/164/164 168/168/168
f 166/166/166 164/164/164 169/169/169
f 173/173/173 164/164/164 166/166/166
f 172/172/172 164/164/164 173/173/173
f 173/173/173 179/179/179 172/172/172
f 169/169/169 167/167/167 163/163/163
f 169/169/169 163/163/163 166/166/166
f 166/166/166 163/163/163 165/165/165
f 166/166/166 165/165/165 173/173/173
f 171/171/171 173/173/173 165/165/165
f 171/171/171 178/178/178 173/173/173
f 178/178/178 179/179/179 173/173/173
f 194/194/194 193/193/193 195/195/195
f 194/194/194 188/188/188 193/193/193
f 188/188/188 198/198/198 193/193/193
f 188/188/188 192/192/192 198/198/198
f 186/186/186 192/192/192 188/188/188
f 186/186/186 183/183/183 192/192/192
f 188/188/188 194/194/194 185/185/185
f 188/188/188 185/185/185 186/186/186
f 186/186/186 185/185/185 187/187/187
f 186/186/186 187/187/187 181/181/181
f 181/181/181 183/183/183 186/186/186
f 184/184/184 183/183/183 181/181/181
f 189/189/189 183/183/183 184/184/184
f 182/182/182 181/181/181 187/187/187
f 182/182/182 184/184/184 181/181/181
f 197/197/197 191/191/191 190/190/190
f 197/197/197 213/213/213 191/191/191
f 213/213/213 196/196/196 191/191/191
f 213/213/213 216/216/216 196/196/196
f 196/196/196 216/216/216 211/211/211
f 203/203/203 211/211/211 216/216/216
f 205/205/205 211/211/211 203/203/203
f 213/213/213 197/197/197 212/212/212
f 213/213/213 212/212/212 216/216/216
f 216/216/216 212/212/212 206/206/206
f 216/216/216 206/206/206 203/203/203
f 210/210/210 203/203/203 206/206/206
f 210/210/210 204/204/204 203/203/203
f 204/204/204 205/205/205 203/203/203
f 200/200/200 205/205/205 204/204/204
f 201/201/201 202/202/202 199/199/199
f 201/201/201 208/208/208 202/202/202
f 208/208/208 207/207/207 202/202/202
f 208/208/208 209/209/209 207/207/207
f 214/214/214 209/209/209 208/208/208
f 214/214/214 224/224/224 209/209/209
f 208/208/208 201/201/201 215/215/215
f 208/208/208 215/215/215 214/214/214
f 214/214/214 215/215/215 231/231/231
f 214/214/214 231/231/231 230/230/230
f 230/230/230 224/224/224 214/214/214
f 234/234/234 224/224/224 230/230/230
f 228/228/228 224/224/224 234/234/234
f 229/229/229 230/230/230 231/231/231
f 229/229/229 234/234/234 230/230/230
f 223/223/223 222/222/222 221/221/221
f 223/223/223 217/217/217 222/222/222
f 217/217/217 218/218/218 222/222/222
f 217/217/217 225/225/225 218/218/218
f 218/218/218 225/225/225 220/220/220
f 225/225/225 233/233/233 220/220/220
f 232/232/232 233/233/233 225/225/225
f 232/232/232 249/249/249 233/233/233
f 217/217/217 223/223/223 219/219/219
f 217/217/217 219/219/219 225/225/225
f 225/225/225 219/219/219 226/226/226
f 225/225/225 226/226/226 232/232/232
f 227/227/227 232/232/232 226/226/226
f 227/227/227 247/247/247 232/232/232
f 247/247/247 249/249/249 232/232/232
f 242/242/242 252/252/252 248/248/248
f 242/242/242 239/239/239 252/252/252
f 239/239/239 246/246/246 252/252/252
f 239/239/239 236/236/236 246/246/246
f 246/246/246 236/236/236 240/240/240
f 237/237/237 240/240/240 236/236/236
f 244/244/244 240/240/240 237/237/237
f 239/239/239 242/242/242 241/241/241
f 239/239/239 241/241/241 236/236/236
f 236/236/236 241/241/241 235/235/235
f 236/236/236 235/235/235 237/237/237
f 238/238/238 237/237/237 235/235/235
f 238/238/238 243/243/243 237/237/237
f 243/243/243 244/244/244 237/237/237
f 245/245/245 244/244/244 243/243/243
f 267/267/267 250/250/250 251/251/251
f 267/267/267 266/266/266 250/250/250
f 266/266/266 265/265/265 250/250/250
f 266/266/266 270/270/270 265/265/265
f 264/264/264 270/270/270 266/266/266
f 264/264/264 259/259/259 270/270/270
f 254/254/254 259/259/259 264/264/264
f 254/254/254 253/253/253 259/259/259
f 266/266/266 267/267/267 260/260/260
f 266/266/266 260/260/260 264/264/264
f 264/264/264 260/260/260 257/257/257
f 264/264/264 257/257/257 254/254/254
f 258/258/258 254/254/254 257/257/257
f 258/258/258 256/256/256 254/254/254
f 256/256/256 253/253/253 254/254/254
f 262/262/262 261/261/261 255/255/255
f 262/262/262 269/269/269 261/261/261
f 269/269/269 263/263/263 261/261/261
f 269/269/269 268/268/268 263/263/263
f 283/283/283 268/268/268 269/269/269
f 278/278/278 268/268/268 283/283/283
f 275/275/275 268/268/268 278/278/278
f 269/269/269 262/262/262 285/285/285
f 269/269/269 285/285/285 283/283/283
f 283/283/283 285/285/285 284/284/284
f 283/283/283 284/284/284 278/278/278
f 288/288/288 278/278/278 284/284/284
f 288/288/288 282/282/282 278/278/278
f 282/282/282 275/275/275 278/278/278
f 276/276/276 275/275/275 282/282/282
f 271/271/271 272/272/272 277/277/277
f 271/271/271 273/273/273 272/272/272
f 273/273/273 274/274/274 272/272/272
f 273/273/273 279/279/279 274/274/274
f 281/281/281 279/279/279 273/273/273
f 281/281/281 303/303/303 279/279/279
f 301/301/301 303/303/303 281/281/281
f 301/301/301 302/302/302 303/303/303
f 273/273/273 271/271/271 280/280/280
f 273/273/273 280/280/280 281/281/281
f 281/281/281 280/280/280 287/287/287
f 281/281/281 287/287/287 301/301/301
f 286/286/286 301/301/301 287/287/287
f 286/286/286 306/306/306 301/301/301
f 306/306/306 302/302/302 301/301/301
f 293/293/293 300/300/300 296/296/296
f 293/293/293 295/295/295 300/300/300
f 295/295/295 294/294/294 300/300/300
f 295/295/295 292/292/292 294/294/294
f 294/294/294 292/292/292 290/290/290
f 299/299/299 290/290/290 292/292/292
f 298/298/298 290/290/290 299/299/299
f 299/299/299 305/305/305 298/298/298
f 295/295/295 293/293/293 289/289/289
f 295/295/295 289/289/289 292/292/292
f 292/292/292 289/289/289 291/291/291
f 292/292/292 291/291/291 299/299/299
f 297/297/297 299/299/299 291/291/291
f 297/297/297 304/304/304 299/299/299
f 304/304/304 305/305/305 299/299/299
f 320/320/320 319/319/319 321/321/321
f 320/320/320 314/314/314 319/319/319
f 314/314/314 324/324/324 319/319/319
f 314/314/314 318/318/318 324/324/324
f 312/312/312 318/318/318 314/314/314
f 307/307/307 318/318/318 312/312/312
f 309/309/309 318/318/318 307/307/307
f 314/314/314 320/320/320 311/311/311
f 314/314/314 311/311/311 312/312/312
f 312/312/312 311/311/311 313/313/313
f 312/312/312 313/313/313 307/307/307
f 308/308/308 307/307/307 313/313/313
f 308/308/308 310/310/310 307/307/307
f 310/310/310 309/309/309 307/307/307
f 315/315/315 309/309/309 310/310/310
f 323/323/323 317/317/317 316/316/316
f 323/323/323 339/339/339 317/317/317
f 339/339/339 322/322/322 317/317/317
f 339/339/339 337/337/337 322/322/322
f 342/342/342 337/337/337 339/339/339
f 342/342/342 331/331/331 337/337/337
f 339/339/339 323/323/323 338/338/338
f 339/339/339 338/338/338 342/342/342
f 342/342/342 338/338/338 332/332/332
f 342/342/342 332/332/332 329/329/329
f 329/329/329 331/331/331 342/342/342
f 330/330/330 331/331/331 329/329/329
f 326/326/326 331/331/331 330/330/330
f 336/336/336 329/329/329 332/332/332
f 336/336/336 330/330/330 329/329/329
f 327/327/327 328/328/328 325/325/325
f 327/327/327 334/334/334 328/328/328
f 334/334/334 333/333/333 328/328/328
f 334/334/334 340/340/340 333/333/333
f 333/333/333 340/340/340 335/335/335
f 356/356/356 335/335/335 340/340/340
f 350/350/350 335/335/335 356/356/356
f 334/334/334 327/327/327 341/341/341
f 334/334/334 341/341/341 340/340/340
f 340/340/340 341/341/341 357/357/357
f 340/340/340 357/357/357 356/356/356
f 355/355/355 356/356/356 357/357/357
f 355/355/355 360/360/360 356/356/356
f 360/360/360 350/350/350 356/356/356
f 354/354/354 350/350/350 360/360/360
f 349/349/349 348/348/348 347/347/347
f 349/349/349 343/343/343 348/348/348
f 343/343/343 344/344/344 348/348/348
f 343/343/343 351/351/351 344/344/344
f 344/344/344 351/351/351 346/346/346
f 359/359/359 346/346/346 351/351/351
f 435/435/435 346/346/346 359/359/359
f 343/343/343 349/349/349 345/345/345
f 343/343/343 345/345/345 351/351/351
f 351/351/351 345/345/345 352/352/352
f 351/351/351 352/352/352 359/359/359
f 353/353/353 359/359/359 352/352/352
f 353/353/353 358/358/358 359/359/359
f 358/358/358 435/435/435 359/359/359
f 433/433/433 435/435/435 358/358/358
f 428/428/428 438/438/438 434/434/434
f 428/428/428 425/425/425 438/438/438
f 425/425/425 432/432/432 438/438/438
f 425/425/425 422/422/422 432/432/432
f 432/432/432 422/422/422 426/426/426
f 429/429/429 426/426/426 422/422/422
f 423/423/423 426/426/426 429/429/429
f 429/429/429 430/430/430 423/423/423
f 425/425/425 428/428/428 427/427/427
f 425/425/425 427/427/427 422/422/422
f 422/422/422 427/427/427 421/421/421
f 422/422/422 421/421/421 429/429/429
f 424/424/424 429/429/429 421/421/421
f 424/424/424 431/431/431 429/429/429
f 431/431/431 430/430/430 429/429/429
f 453/453/453 436/436/436 437/437/437
f 453/453/453 452/452/452 436/436/436
f 452/452/452 451/451/451 436/436/436
f 452/452/452 456/456/456 451/451/451
f 450/450/450 456/456/456 452/452/452
f 450/450/450 439/439/439 456/456/456
f 452/452/452 453/453/453 446/446/446
f 452/452/452 446/446/446 450/450/450
f 450/450/450 446/446/446 443/443/443
f 450/450/450 443/443/443 445/445/445
f 445/445/445 439/439/439 450/450/450
f 440/440/440 439/439/439 445/445/445
f 442/442/442 439/439/439 440/440/440
f 444/444/444 445/445/445 443/443/443
f 444/444/444 440/440/440 445/445/445
f 448/448/448 447/447/447 441/441/441
f 448/448/448 455/455/455 447/447/447
f 455/455/455 449/449/449 447/447/447
f 455/455/455 454/454/454 449/449/449
f 469/469/469 454/454/454 455/455/455
f 469/469/469 461/461/461 454/454/454
f 455/455/455 448/448/448 471/471/471
f 455/455/455 471/471/471 469/469/469
f 469/469/469 471/471/471 470/470/470
f 469/469/469 470/470/470 464/464/464
f 464/464/464 461/461/461 469/469/469
f 468/468/468 461/461/461 464/464/464
f 462/462/462 461/461/461 468/468/468
f 474/474/474 464/464/464 470/470/470
f 474/474/474 468/468/468 464/464/464
f 457/457/457 458/458/458 467/467/467
f 457/457/457 467/467/467 473/473/473
f 472/472/472 457/457/457 473/473/473
f 472/472/472 473/473/473 486/486/486
f 473/473/473 482/482/482 486/486/486
f 480/480/480 486/486/486 482/482/482
f 480/480/480 479/479/479 486/486/486
f 467/467/467 487/487/487 473/473/473
f 473/473/473 487/487/487 482/482/482
f 487/487/487 488/488/488 482/482/482
f 492/492/492 482/482/482 488/488/488
f 492/492/492 480/480/480 482/482/482
f 467/467/467 466/466/466 487/487/487
f 466/466/466 489/489/489 487/487/487
f 487/487/487 489/489/489 488/488/488
f 466/466/466 467/467/467 463/463/463
f 466/466/466 463/463/463 459/459/459
f 465/465/465 466/466/466 459/459/459
f 466/466/466 465/465/465 489/489/489
f 465/465/465 459/459/459 460/460/460
f 475/475/475 476/476/476 485/485/485
f 475/475/475 485/485/485 491/491/491
f 490/490/490 475/475/475 491/491/491
f 490/490/490 491/491/491 504/504/504
f 491/491/491 500/500/500 504/504/504
f 498/498/498 504/504/504 500/500/500
f 498/498/498 497/497/497 504/504/504
f 485/485/485 505/505/505 491/491/491
f 491/491/491 505/505/505 500/500/500
f 505/505/505 506/506/506 500/500/500
f 510/510/510 500/500/500 506/506/506
f 510/510/510 498/498/498 500/500/500
f 485/485/485 484/484/484 505/505/505
f 484/484/484 507/507/507 505/505/505
f 505/505/505 507/507/507 506/506/506
f 484/484/484 485/485/485 481/481/481
f 484/484/484 481/481/481 477/477/477
f 483/483/483 484/484/484 477/477/477
f 484/484/484 483/483/483 507/507/507
f 483/483/483 477/477/477 478/478/478
f 493/493/493 494/494/494 499/499/499
f 493/493/493 495/495/495 494/494/494
f 495/495/495 496/496/496 494/494/494
f 495/495/495 501/501/501 496/496/496
f 503/503/503 501/501/501 495/495/495
f 503/503/503 524/524/524 501/501/501
f 495/495/495 493/493/493 502/502/502
f 495/495/495 502/502/502 503/503/503
f 503/503/503 502/502/502 509/509/509
f 503/503/503 509/509/509 525/525/525
f 525/525/525 524/524/524 503/503/503
f 523/523/523 524/524/524 525/525/525
f 528/528/528 524/524/524 523/523/523
f 508/508/508 525/525/525 509/509/509
f 508/508/508 523/523/523 525/525/525
f 515/515/515 522/522/522 518/518/518
f 515/515/515 517/517/517 522/522/522
f 517/517/517 516/516/516 522/522/522
f 517/517/517 514/514/514 516/516/516
f 516/516/516 514/514/514 512/512/512
f 520/520/520 512/512/512 514/514/514
f 527/527/527 512/512/512 520/520/520
f 517/517/517 515/515/515 511/511/511
f 517/517/517 511/511/511 514/514/514
f 514/514/514 511/511/511 513/513/513
f 514/514/514 513/513/513 520/520/520
f 519/519/519 520/520/520 513/513/513
f 519/519/519 521/521/521 520/520/520
f 521/521/521 527/527/527 520/520/520
f 526/526/526 527/527/527 521/521/521
f 542/542/542 541/541/541 534/534/534
f 542/542/542 534/534/534 535/535/535
f 530/530/530 542/542/542 535/535/535
f 530/530/530 535/535/535 539/539/539
f 535/535/535 538/538/538 539/539/539
f 544/544/544 539/539/539 538/538/538
f 544/544/544 545/545/545 539/539/539
f 534/534/534 532/532/532 535/535/535
f 535/535/535 532/532/532 538/538/538
f 532/532/532 531/531/531 538/538/538
f 537/537/537 538/538/538 531/531/531
f 537/537/537 544/544/544 538/538/538
f 534/534/534 533/533/533 532/532/532
f 533/533/533 529/529/529 532/532/532
f 532/532/532 529/529/529 531/531/531
f 533/533/533 534/534/534 543/543/543
f 533/533/533 543/543/543 536/536/536
f 540/540/540 533/533/533 536/536/536
f 533/533/533 540/540/540 529/529/529
f 540/540/540 536/536/536 546/546/546
f 549/549/549 547/547/547 553/553/553
f 549/549/549 553/553/553 555/555/555
f 557/557/557 549/549/549 555/555/555
f 557/557/557 555/555/555 573/573/573
f 555/555/555 575/575/575 573/573/573
f 578/578/578 573/573/573 575/575/575
f 578/578/578 574/574/574 573/573/573
f 553/553/553 560/560/560 555/555/555
f 555/555/555 560/560/560 575/575/575
f 560/560/560 559/559/559 575/575/575
f 558/558/558 575/575/575 559/559/559
f 558/558/558 578/578/578 575/575/575
f 553/553/553 548/548/548 560/560/560
f 548/548/548 556/556/556 560/560/560
f 560/560/560 556/556/556 559/559/559
f 548/548/548 553/553/553 551/551/551
f 548/548/548 551/551/551 552/552/552
f 554/554/554 548/548/548 552/552/552
f 548/548/548 554/554/554 556/556/556
f 554/554/554 552/552/552 550/550/550
f 565/565/565 572/572/572 568/568/568
f 565/565/565 567/567/567 572/572/572
f 567/567/567 566/566/566 572/572/572
f 567/567/567 562/562/562 566/566/566
f 564/564/564 562/562/562 567/567/567
f 564/564/564 577/577/577 562/562/562
f 567/567/567 565/565/565 561/561/561
f 567/567/567 561/561/561 564/564/564
f 564/564/564 561/561/561 563/563/563
f 564/564/564 563/563/563 570/570/570
f 570/570/570 577/577/577 564/564/564
f 571/571/571 577/577/577 570/570/570
f 576/576/576 577/577/577 571/571/571
f 569/569/569 570/570/570 563/563/563
f 569/569/569 571/571/571 570/570/570
f 592/592/592 591/591/591 584/584/584
f 592/592/592 584/584/584 585/585/585
f 580/580/580 592/592/592 585/585/585
f 580/580/580 585/585/585 589/589/589
f 585/585/585 588/588/588 589/589/589
f 594/594/594 589/589/589 588/588/588
f 594/594/594 595/595/595 589/589/589
f 584/584/584 582/582/582 585/585/585
f 585/585/585 582/582/582 588/588/588
f 582/582/582 581/581/581 588/588/588
f 587/587/587 588/588/588 581/581/581
f 587/587/587 594/594/594 588/588/588
f 584/584/584 583/583/583 582/582/582
f 583/583/583 579/579/579 582/582/582
f 582/582/582 579/579/579 581/581/581
f 583/583/583 584/584/584 593/593/593
f 583/583/583 593/593/593 586/586/586
f 590/590/590 583/583/583 586/586/586
f 583/583/583 590/590/590 579/579/579
f 590/590/590 586/586/586 596/596/596
f 601/601/601 599/599/599 605/605/605
f 601/601/601 605/605/605 603/603/603
f 607/607/607 601/601/601 603/603/603
f 607/607/607 603/603/603 611/611/611
f 603/603/603 615/615/615 611/611/611
f 614/614/614 611/611/611 615/615/615
f 614/614/614 613/613/613 611/611/611
f 605/605/605 610/610/610 603/603/603
f 603/603/603 610/610/610 615/615/615
f 610/610/610 609/609/609 615/615/615
f 608/608/608 615/615/615 609/609/609
f 608/608/608 614/614/614 615/615/615
f 605/605/605 600/600/600 610/610/610
f 600/600/600 606/606/606 610/610/610
f 610/610/610 606/606/606 609/609/609
f 600/600/600 605/605/605 597/597/597
f 600/600/600 597/597/597 604/604/604
f 598/598/598 600/600/600 604/604/604
f 600/600/600 598/598/598 606/606/606
f 598/598/598 604/604/604 602/602/602
f 612/612/612 618/618/618 624/624/624
f 612/612/612 624/624/624 623/623/623
f 622/622/622 612/612/612 623/623/623
f 622/622/622 623/623/623 636/636/636
f 623/623/623 632/632/632 636/636/636
f 630/630/630 636/636/636 632/632/632
f 630/630/630 629/629/629 636/636/636
f 624/624/624 637/637/637 623/623/623
f 623/623/623 637/637/637 632/632/632
f 637/637/637 638/638/638 632/632/632
f 642/642/642 632/632/632 638/638/638
f 642/642/642 630/630/630 632/632/632
f 624/624/624 620/620/620 637/637/637
f 620/620/620 639/639/639 637/637/637
f 637/637/637 639/639/639 638/638/638
f 620/620/620 624/624/624 616/616/616
f 620/620/620 616/616/616 619/619/619
f 621/621/621 620/620/620 619/619/619
f 620/620/620 621/621/621 639/639/639
f 621/621/621 619/619/619 617/617/617
f 625/625/625 626/626/626 635/635/635
f 625/625/625 635/635/635 641/641/641
f 640/640/640 625/625/625 641/641/641
f 640/640/640 641/641/641 654/654/654
f 641/641/641 650/650/650 654/654/654
f 648/648/648 654/654/654 650/650/650
f 648/648/648 647/647/647 654/654/654
f 635/635/635 655/655/655 641/641/641
f 641/641/641 655/655/655 650/650/650
f 655/655/655 656/656/656 650/650/650
f 660/660/660 650/650/650 656/656/656
f 660/660/660 648/648/648 650/650/650
f 635/635/635 634/634/634 655/655/655
f 634/634/634 657/657/657 655/655/655
f 655/655/655 657/657/657 656/656/656
f 634/634/634 635/635/635 631/631/631
f 634/634/634 631/631/631 627/627/627
f 633/633/633 634/634/634 627/627/627
f 634/634/634 633/633/633 657/657/657
f 633/633/633 627/627/627 628/628/628
f 643/643/643 644/644/644 653/653/653
f 643/643/643 653/653/653 659/659/659
f 658/658/658 643/643/643 659/659/659
f 658/658/658 659/659/659 668/668/668
f 659/659/659 666/666/666 668/668/668
f 667/667/667 668/668/668 666/666/666
f 667/667/667 662/662/662 668/668/668
f 653/653/653 661/661/661 659/659/659
f 659/659/659 661/661/661 666/666/666
f 661/661/661 663/663/663 666/666/666
f 664/664/664 666/666/666 663/663/663
f 664/664/664 667/667/667 666/666/666
f 653/653/653 652/652/652 661/661/661
f 652/652/652 665/665/665 661/661/661
f 661/661/661 665/665/665 663/663/663
f 652/652/652 653/653/653 649/649/649
f 652/652/652 649/649/649 645/645/645
f 651/651/651 652/652/652 645/645/645
f 652/652/652 651/651/651 665/665/665
f 651/651/651 645/645/645 646/646/646
f 670/670/670 671/671/671 675/675/675
f 670/670/670 675/675/675 677/677/677
f 678/678/678 670/670/670 677/677/677
f 678/678/678 677/677/677 685/685/685
f 677/677/677 683/683/683 685/685/685
f 688/688/688 685/685/685 683/683/683
f 688/688/688 684/684/684 685/685/685
f 675/675/675 682/682/682 677/677/677
f 677/677/677 682/682/682 683/683/683
f 682/682/682 676/676/676 683/683/683
f 681/681/681 683/683/683 676/676/676
f 681/681/681 688/688/688 683/683/683
f 675/675/675 679/679/679 682/682/682
f 679/679/679 680/680/680 682/682/682
f 682/682/682 680/680/680 676/676/676
f 679/679/679 675/675/675 669/669/669
f 679/679/679 669/669/669 673/673/673
f 672/672/672 679/679/679 673/673/673
f 679/679/679 672/672/672 680/680/680
f 672/672/672 673/673/673 674/674/674
f 689/689/689 686/686/686 692/692/692
f 689/689/689 692/692/692 691/691/691
f 697/697/697 689/689/689 691/691/691
f 697/697/697 691/691/691 700/700/700
f 691/691/691 701/701/701 700/700/700
f 705/705/705 700/700/700 701/701/701
f 705/705/705 703/703/703 700/700/700
f 692/692/692 699/699/699 691/691/691
f 691/691/691 699/699/699 701/701/701
f 699/699/699 698/698/698 701/701/701
f 702/702/702 701/701/701 698/698/698
f 702/702/702 705/705/705 701/701/701
f 692/692/692 690/690/690 699/699/699
f 690/690/690 695/695/695 699/699/699
f 699/699/699 695/695/695 698/698/698
f 690/690/690 692/692/692 687/687/687
f 690/690/690 687/687/687 694/694/694
f 696/696/696 690/690/690 694/694/694
f 690/690/690 696/696/696 695/695/695
f 696/696/696 694/694/694 693/693/693
f 765/765/765 767/767/767 770/770/770
f 765/765/765 770/770/770 773/773/773
f 777/777/777 765/765/765 773/773/773
f 777/777/777 773/773/773 779/779/779
f 773/773/773 776/776/776 779/779/779
f 783/783/783 779/779/779 776/776/776
f 783/783/783 781/781/781 779/779/779
f 770/770/770 780/780/780 773/773/773
f 773/773/773 780/780/780 776/776/776
f 780/780/780 774/774/774 776/776/776
f 775/775/775 776/776/776 774/774/774
f 775/775/775 783/783/783 776/776/776
f 770/770/770 771/771/771 780/780/780
f 771/771/771 778/778/778 780/780/780
f 780/780/780 778/778/778 774/774/774
f 771/771/771 770/770/770 761/761/761
f 771/771/771 761/761/761 768/768/768
f 772/772/772 771/771/771 768/768/768
f 771/771/771 772/772/772 778/778/778
f 772/772/772 768/768/768 769/769/769
f 785/785/785 786/786/786 792/792/792
f 785/785/785 792/792/792 794/794/794
f 788/788/788 785/785/785 794/794/794
f 788/788/788 794/794/794 800/800/800
f 794/794/794 796/796/796 800/800/800
f 798/798/798 800/800/800 796/796/796
f 798/798/798 799/799/799 800/800/800
f 792/792/792 793/793/793 794/794/794
f 794/794/794 793/793/793 796/796/796
f 793/793/793 795/795/795 796/796/796
f 797/797/797 796/796/796 795/795/795
f 797/797/797 798/798/798 796/796/796
f 792/792/792 791/791/791 793/793/793
f 791/791/791 790/790/790 793/793/793
f 793/793/793 790/790/790 795/795/795
f 791/791/791 792/792/792 782/782/782
f 791/791/791 782/782/782 787/787/787
f 789/789/789 791/791/791 787/787/787
f 791/791/791 789/789/789 790/790/790
f 789/789/789 787/787/787 784/784/784
f 806/806/806 805/805/805 807/807/807
f 806/806/806 807/807/807 809/809/809
f 811/811/811 806/806/806 809/809/809
f 811/811/811 809/809/809 817/817/817
f 809/809/809 815/815/815 817/817/817
f 820/820/820 817/817/817 815/815/815
f 820/820/820 819/819/819 817/817/817
f 807/807/807 814/814/814 809/809/809
f 809/809/809 814/814/814 815/815/815
f 814/814/814 813/813/813 815/815/815
f 812/812/812 815/815/815 813/813/813
f 812/812/812 820/820/820 815/815/815
f 807/807/807 804/804/804 814/814/814
f 804/804/804 810/810/810 814/814/814
f 814/814/814 810/810/810 813/813/813
f 804/804/804 807/807/807 801/801/801
f 804/804/804 801/801/801 802/802/802
f 803/803/803 804/804/804 802/802/802
f 804/804/804 803/803/803 810/810/810
f 803/803/803 802/802/802 808/808/808
f 818/818/818 816/816/816 828/828/828
f 818/818/818 828/828/828 827/827/827
f 826/826/826 818/818/818 827/827/827
f 826/826/826 827/827/827 831/831/831
f 827/827/827 830/830/830 831/831/831
f 837/837/837 831/831/831 830/830/830
f 837/837/837 832/832/832 831/831/831
f 828/828/828 833/833/833 827/827/827
f 827/827/827 833/833/833 830/830/830
f 833/833/833 834/834/834 830/830/830
f 836/836/836 830/830/830 834/834/834
f 836/836/836 837/837/837 830/830/830
f 828/828/828 824/824/824 833/833/833
f 824/824/824 829/829/829 833/833/833
f 833/833/833 829/829/829 834/834/834
f 824/824/824 828/828/828 822/822/822
f 824/824/824 822/822/822 821/821/821
f 825/825/825 824/824/824 821/821/821
f 824/824/824 825/825/825 829/829/829
f 825/825/825 821/821/821 823/823/823
f 838/838/838 839/839/839 843/843/843
f 838/838/838 843/843/843 845/845/845
f 846/846/846 838/838/838 845/845/845
f 846/846/846 845/845/845 853/853/853
f 845/845/845 851/851/851 853/853/853
f 856/856/856 853/853/853 851/851/851
f 856/856/856 852/852/852 853/853/853
f 843/843/843 850/850/850 845/845/845
f 845/845/845 850/850/850 851/851/851
f 850/850/850 844/844/844 851/851/851
f 849/849/849 851/851/851 844/844/844
f 849/849/849 856/856/856 851/851/851
f 843/843/843 847/847/847 850/850/850
f 847/847/847 848/848/848 850/850/850
f 850/850/850 848/848/848 844/844/844
f 847/847/847 843/843/843 835/835/835
f 847/847/847 835/835/835 841/841/841
f 840/840/840 847/847/847 841/841/841
f 847/847/847 840/840/840 848/848/848
f 840/840/840 841/841/841 842/842/842
f 857/857/857 854/854/854 858/858/858
f 857/857/857 858/858/858 860/860/860
f 865/865/865 857/857/857 860/860/860
f 865/865/865 860/860/860 868/868/868
f 860/860/860 869/869/869 868/868/868
f 871/871/871 868/868/868 869/869/869
f 871/871/871 875/875/875 868/868/868
f 858/858/858 867/867/867 860/860/860
f 860/860/860 867/867/867 869/869/869
f 867/867/867 866/866/866 869/869/869
f 870/870/870 869/869/869 866/866/866
f 870/870/870 871/871/871 869/869/869
f 858/858/858 864/864/864 867/867/867
f 864/864/864 863/863/863 867/867/867
f 867/867/867 863/863/863 866/866/866
f 864/864/864 858/858/858 855/855/855
f 864/864/864 855/855/855 861/861/861
f 862/862/862 864/864/864 861/861/861
f 864/864/864 862/862/862 863/863/863
f 862/862/862 861/861/861 859/859/859
f 876/876/876 874/874/874 881/881/881
f 876/876/876 881/881/881 880/880/880
f 884/884/884 876/876/876 880/880/880
f 884/884/884 880/880/880 892/892/892
f 880/880/880 890/890/890 892/892/892
f 888/888/888 892/892/892 890/890/890
f 888/888/888 886/886/886 892/892/892
f 881/881/881 882/882/882 880/880/880
f 880/880/880 882/882/882 890/890/890
f 882/882/882 885/885/885 890/890/890
f 889/889/889 890/890/890 885/885/885
f 889/889/889 888/888/888 890/890/890
f 881/881/881 879/879/879 882/882/882
f 879/879/879 883/883/883 882/882/882
f 882/882/882 883/883/883 885/885/885
f 879/879/879 881/881/881 873/873/873
f 879/879/879 873/873/873 872/872/872
f 877/877/877 879/879/879 872/872/872
f 879/879/879 877/877/877 883/883/883
f 877/877/877 872/872/872 878/878/878
f 893/893/893 891/891/891 896/896/896
f 893/893/893 896/896/896 899/899/899
f 903/903/903 893/893/893 899/899/899
f 903/903/903 899/899/899 907/907/907
f 899/899/899 902/902/902 907/907/907
f 909/909/909 907/907/907 902/902/902
f 909/909/909 905/905/905 907/907/907
f 896/896/896 906/906/906 899/899/899
f 899/899/899 906/906/906 902/902/902
f 906/906/906 900/900/900 902/902/902
f 901/901/901 902/902/902 900/900/900
f 901/901/901 909/909/909 902/902/902
f 896/896/896 897/897/897 906/906/906
f 897/897/897 904/904/904 906/906/906
f 906/906/906 904/904/904 900/900/900
f 897/897/897 896/896/896 887/887/887
f 897/897/897 887/887/887 894/894/894
f 898/898/898 897/897/897 894/894/894
f 897/897/897 898/898/898 904/904/904
f 898/898/898 894/894/894 895/895/895
f 911/911/911 912/912/912 920/920/920
f 911/911/911 920/920/920 914/914/914
f 915/915/915 911/911/911 914/914/914
f 915/915/915 914/914/914 926/926/926
f 914/914/914 922/922/922 926/926/926
f 924/924/924 926/926/926 922/922/922
f 924/924/924 925/925/925 926/926/926
f 920/920/920 921/921/921 914/914/914
f 914/914/914 921/921/921 922/922/922
f 921/921/921 919/919/919 922/922/922
f 923/923/923 922/922/922 919/919/919
f 923/923/923 924/924/924 922/922/922
f 920/920/920 918/918/918 921/921/921
f 918/918/918 916/916/916 921/921/921
f 921/921/921 916/916/916 919/919/919
f 918/918/918 920/920/920 908/908/908
f 918/918/918 908/908/908 913/913/913
f 917/917/917 918/918/918 913/913/913
f 918/918/918 917/917/917 916/916/916
f 917/917/917 913/913/913 910/910/910
f 932/932/932 931/931/931 935/935/935
f 932/932/932 935/935/935 933/933/933
f 937/937/937 932/932/932 933/933/933
f 937/937/937 933/933/933 945/945/945
f 933/933/933 941/941/941 945/945/945
f 948/948/948 945/945/945 941/941/941
f 948/948/948 946/946/946 945/945/945
f 935/935/935 940/940/940 933/933/933
f 933/933/933 940/940/940 941/941/941
f 940/940/940 939/939/939 941/941/941
f 938/938/938 941/941/941 939/939/939
f 938/938/938 948/948/948 941/941/941
f 935/935/935 930/930/930 940/940/940
f 930/930/930 936/936/936 940/940/940
f 940/940/940 936/936/936 939/939/939
f 930/930/930 935/935/935 927/927/927
f 930/930/930 927/927/927 928/928/928
f 929/929/929 930/930/930 928/928/928
f 930/930/930 929/929/929 936/936/936
f 929/929/929 928/928/928 934/934/934
f 944/944/944 943/943/943 954/954/954
f 944/944/944 954/954/954 953/953/953
f 952/952/952 944/944/944 953/953/953
f 952/952/952 953/953/953 957/957/957
f 953/953/953 956/956/956 957/957/957
f 963/963/963 957/957/957 956/956/956
f 963/963/963 958/958/958 957/957/957
f 954/954/954 959/959/959 953/953/953
f 953/953/953 959/959/959 956/956/956
f 959/959/959 960/960/960 956/956/956
f 962/962/962 956/956/956 960/960/960
f 962/962/962 963/963/963 956/956/956
f 954/954/954 950/950/950 959/959/959
f 950/950/950 955/955/955 959/959/959
f 959/959/959 955/955/955 960/960/960
f 950/950/950 954/954/954 942/942/942
f 950/950/950 942/942/942 947/947/947
f 951/951/951 950/950/950 947/947/947
f 950/950/950 951/951/951 955/955/955
f 951/951/951 947/947/947 949/949/949
f 964/964/964 965/965/965 973/973/973
f 964/964/964 973/973/973 975/975/975
f 969/969/969 964/964/964 975/975/975
f 969/969/969 975/975/975 977/977/977
f 975/975/975 978/978/978 977/977/977
f 980/980/980 977/977/977 978/978/978
f 980/980/980 981/981/981 977/977/977
f 973/973/973 970/970/970 975/975/975
f 975/975/975 970/970/970 978/978/978
f 970/970/970 976/976/976 978/978/978
f 974/974/974 978/978/978 976/976/976
f 974/974/974 980/980/980 978/978/978
f 973/973/973 972/972/972 970/970/970
f 972/972/972 971/971/971 970/970/970
f 970/970/970 971/971/971 976/976/976
f 972/972/972 973/973/973 961/961/961
f 972/972/972 961/961/961 967/967/967
f 966/966/966 972/972/972 967/967/967
f 972/972/972 966/966/966 971/971/971
f 966/966/966 967/967/967 968/968/968
f 986/986/986 982/982/982 985/985/985
f 986/986/986 985/985/985 990/990/990
f 988/988/988 986/986/986 990/990/990
f 988/988/988 990/990/990 996/996/996
f 990/990/990 993/993/993 996/996/996
f 1001/1001/1001 996/996/996 993/993/993
f 1001/1001/1001 1000/1000/1000 996/996/996
f 985/985/985 991/991/991 990/990/990
f 990/990/990 991/991/991 993/993/993
f 991/991/991 995/995/995 993/993/993
f 994/994/994 993/993/993 995/995/995
f 994/994/994 1001/1001/1001 993/993/993
f 985/985/985 984/984/984 991/991/991
f 984/984/984 992/992/992 991/991/991
f 991/991/991 992/992/992 995/995/995
f 984/984/984 985/985/985 979/979/979
f 984/984/984 979/979/979 989/989/989
f 983/983/983 984/984/984 989/989/989
f 984/984/984 983/983/983 992/992/992
f 983/983/983 989/989/989 987/987/987
f 998/998/998 997/997/997 1005/1005/1005
f 998/998/998 1005/1005/1005 1009/1009/1009
f 1008/1008/1008 998/998/998 1009/1009/1009
f 1008/1008/1008 1009/1009/1009 1011/1011/1011
f 1009/1009/1009 1017/1017/1017 1011/1011/1011
f 1013/1013/1013 1011/1011/1011 1017/1017/1017
f 1013/1013/1013 1012/1012/1012 1011/1011/1011
f 1005/1005/1005 1010/1010/1010 1009/1009/1009
f 1009/1009/1009 1010/1010/1010 1017/1017/1017
f 1010/1010/1010 1014/1014/1014 1017/1017/1017
f 1015/1015/1015 1017/1017/1017 1014/1014/1014
f 1015/1015/1015 1013/1013/1013 1017/1017/1017
f 1005/1005/1005 1006/1006/1006 1010/1010/1010
f 1006/1006/1006 1007/1007/1007 1010/1010/1010
f 1010/1010/1010 1007/1007/1007 1014/1014/1014
f 1006/1006/1006 1005/1005/1005 1003/1003/1003
f 1006/1006/1006 1003/1003/1003 1004/1004/1004
f 1002/1002/1002 1006/1006/1006 1004/1004/1004
f 1006/1006/1006 1002/1002/1002 1007/1007/1007
f 1002/1002/1002 1004/1004/1004 999/999/999
f 1020/1020/1020 1016/1016/1016 1024/1024/1024
f 1020/1020/1020 1024/1024/1024 1028/1028/1028
f 1029/1029/1029 1020/1020/1020 1028/1028/1028
f 1029/1029/1029 1028/1028/1028 1030/1030/1030
f 1028/1028/1028 1032/1032/1032 1030/1030/1030
f 1033/1033/1033 1030/1030/1030 1032/1032/1032
f 1033/1033/1033 1034/1034/1034 1030/1030/1030
f 1024/1024/1024 1025/1025/1025 1028/1028/1028
f 1028/1028/1028 1025/1025/1025 1032/1032/1032
f 1025/1025/1025 1026/1026/1026 1032/1032/1032
f 1027/1027/1027 1032/1032/1032 1026/1026/1026
f 1027/1027/1027 1033/1033/1033 1032/1032/1032
f 1024/1024/1024 1021/1021/1021 1025/1025/1025
f 1021/1021/1021 1031/1031/1031 1025/1025/1025
f 1025/1025/1025 1031/1031/1031 1026/1026/1026
f 1021/1021/1021 1024/1024/1024 1018/1018/1018
f 1021/1021/1021 1018/1018/1018 1023/1023/1023
f 1022/1022/1022 1021/1021/1021 1023/1023/1023
f 1021/1021/1021 1022/1022/1022 1031/1031/1031
f 1022/1022/1022 1023/1023/1023 1019/1019/1019
f 1035/1035/1035 1036/1036/1036 1040/1040/1040
f 1035/1035/1035 1040/1040/1040 1039/1039/1039
f 1045/1045/1045 1035/1035/1035 1039/1039/1039
f 1045/1045/1045 1039/1039/1039 1048/1048/1048
f 1039/1039/1039 1049/1049/1049 1048/1048/1048
f 1055/1055/1055 1048/1048/1048 1049/1049/1049
f 1055/1055/1055 1051/1051/1051 1048/1048/1048
f 1040/1040/1040 1047/1047/1047 1039/1039/1039
f 1039/1039/1039 1047/1047/1047 1049/1049/1049
f 1047/1047/1047 1046/1046/1046 1049/1049/1049
f 1050/1050/1050 1049/1049/1049 1046/1046/1046
f 1050/1050/1050 1055/1055/1055 1049/1049/1049
f 1040/1040/1040 1038/1038/1038 1047/1047/1047
f 1038/1038/1038 1043/1043/1043 1047/1047/1047
f 1047/1047/1047 1043/1043/1043 1046/1046/1046
f 1038/1038/1038 1040/1040/1040 1037/1037/1037
f 1038/1038/1038 1037/1037/1037 1042/1042/1042
f 1044/1044/1044 1038/1038/1038 1042/1042/1042
f 1038/1038/1038 1044/1044/1044 1043/1043/1043
f 1044/1044/1044 1042/1042/1042 1041/1041/1041
f 1052/1052/1052 1058/1058/1058 1061/1061/1061
f 1052/1052/1052 1061/1061/1061 1060/1060/1060
f 1064/1064/1064 1052/1052/1052 1060/1060/1060
f 1064/1064/1064 1060/1060/1060 366/366/366
f 1060/1060/1060 361/361/361 366/366/366
f 364/364/364 366/366/366 361/361/361
f 364/364/364 365/365/365 366/366/366
f 1061/1061/1061 1062/1062/1062 1060/1060/1060
f 1060/1060/1060 1062/1062/1062 361/361/361
f 1062/1062/1062 363/363/363 361/361/361
f 362/362/362 361/361/361 363/363/363
f 362/362/362 364/364/364 361/361/361
f 1061/1061/1061 1057/1057/1057 1062/1062/1062
f 1057/1057/1057 1063/1063/1063 1062/1062/1062
f 1062/1062/1062 1063/1063/1063 363/363/363
f 1057/1057/1057 1061/1061/1061 1056/1056/1056
f 1057/1057/1057 1056/1056/1056 1054/1054/1054
f 1059/1059/1059 1057/1057/1057 1054/1054/1054
f 1057/1057/1057 1059/1059/1059 1063/1063/1063
f 1059/1059/1059 1054/1054/1054 1053/1053/1053
f 367/367/367 368/368/368 374/374/374
f 367/367/367 374/374/374 373/373/373
f 378/378/378 367/367/367 373/373/373
f 378/378/378 373/373/373 384/384/384
f 373/373/373 379/379/379 384/384/384
f 382/382/382 384/384/384 379/379/379
f 382/382/382 383/383/383 384/384/384
f 374/374/374 376/376/376 373/373/373
f 373/373/373 376/376/376 379/379/379
f 376/376/376 381/381/381 379/379/379
f 380/380/380 379/379/379 381/381/381
f 380/380/380 382/382/382 379/379/379
f 374/374/374 375/375/375 376/376/376
f 375/375/375 377/377/377 376/376/376
f 376/376/376 377/377/377 381/381/381
f 375/375/375 374/374/374 369/369/369
f 375/375/375 369/369/369 371/371/371
f 370/370/370 375/375/375 371/371/371
f 375/375/375 370/370/370 377/377/377
f 370/370/370 371/371/371 372/372/372
f 385/385/385 386/386/386 392/392/392
f 385/385/385 392/392/392 391/391/391
f 396/396/396 385/385/385 391/391/391
f 396/396/396 391/391/391 402/402/402
f 391/391/391 397/397/397 402/402/402
f 400/400/400 402/402/402 397/397/397
f 400/400/400 401/401/401 402/402/402
f 392/392/392 394/394/394 391/391/391
f 391/391/391 394/394/394 397/397/397
f 394/394/394 399/399/399 397/397/397
f 398/398/398 397/397/397 399/399/399
f 398/398/398 400/400/400 397/397/397
f 392/392/392 393/393/393 394/394/394
f 393/393/393 395/395/395 394/394/394
f 394/394/394 395/395/395 399/399/399
f 393/393/393 392/392/392 387/387/387
f 393/393/393 387/387/387 389/389/389
f 388/388/388 393/393/393 389/389/389
f 393/393/393 388/388/388 395/395/395
f 388/388/388 389/389/389 390/390/390
f 403/403/403 404/404/404 410/410/410
f 403/403/403 410/410/410 409/409/409
f 414/414/414 403/403/403 409/409/409
f 414/414/414 409/409/409 420/420/420
f 409/409/409 415/415/415 420/420/420
f 418/418/418 420/420/420 415/415/415
f 418/418/418 419/419/419 420/420/420
f 410/410/410 412/412/412 409/409/409
f 409/409/409 412/412/412 415/415/415
f 412/412/412 417/417/417 415/415/415
f 416/416/416 415/415/415 417/417/417
f 416/416/416 418/418/418 415/415/415
f 410/410/410 411/411/411 412/412/412
f 411/411/411 413/413/413 412/412/412
f 412/412/412 413/413/413 417/417/417
f 411/411/411 410/410/410 405/405/405
f 411/411/411 405/405/405 407/407/407
f 406/406/406 411/411/411 407/407/407
f 411/411/411 406/406/406 413/413/413
f 406/406/406 407/407/407 408/408/408
